#i	X	Y	Z
0	-8.500	-0.000	-0.000
0	-8.500	-0.000	-0.000
0	-8.501	-0.000	-0.000
0	-8.504	-0.000	-0.002
0	-8.509	-0.000	-0.004
0	-8.514	0.000	-0.006
0	-8.518	0.001	-0.008
0	-8.523	0.003	-0.009
0	-8.527	0.005	-0.009
0	-8.532	0.008	-0.010
0	-8.536	0.011	-0.009
0	-8.540	0.014	-0.008
0	-8.544	0.016	-0.006
0	-8.547	0.019	-0.004
0	-8.550	0.021	-0.001
0	-8.551	0.022	-0.000
0	-8.552	0.022	0.001
0	-8.553	0.023	0.001
0	-8.556	0.024	0.005
0	-8.559	0.026	0.010
0	-8.561	0.027	0.015
0	-8.562	0.028	0.020
0	-8.563	0.029	0.026
0	-8.564	0.029	0.032
0	-8.564	0.030	0.038
0	-8.563	0.031	0.047
0	-8.563	0.032	0.052
0	-8.562	0.033	0.055
0	-8.562	0.035	0.059
0	-8.561	0.037	0.064
0	-8.560	0.040	0.068
0	-8.559	0.043	0.074
0	-8.557	0.046	0.079
0	-8.555	0.049	0.083
0	-8.552	0.053	0.087
0	-8.549	0.056	0.091
0	-8.546	0.061	0.095
0	-8.542	0.066	0.099
0	-8.541	0.068	0.100
0	-8.540	0.070	0.101
0	-8.539	0.072	0.102
0	-8.536	0.077	0.104
0	-8.533	0.083	0.107
0	-8.532	0.087	0.109
0	-8.531	0.091	0.111
0	-8.530	0.095	0.113
0	-8.530	0.103	0.117
0	-8.529	0.107	0.120
0	-8.528	0.112	0.124
0	-8.527	0.117	0.128
0	-8.526	0.119	0.131
0	-8.524	0.123	0.134
0	-8.522	0.126	0.137
0	-8.518	0.129	0.141
0	-8.515	0.132	0.144
0	-8.512	0.135	0.146
0	-8.507	0.138	0.149
0	-8.503	0.140	0.151
0	-8.499	0.141	0.152
0	-8.495	0.143	0.154
0	-8.490	0.145	0.155
0	-8.486	0.147	0.157
0	-8.481	0.148	0.159
0	-8.475	0.149	0.161
0	-8.470	0.149	0.164
0	-8.466	0.149	0.166
0	-8.460	0.147	0.170
0	-8.456	0.145	0.174
0	-8.451	0.143	0.177
0	-8.447	0.141	0.181
0	-8.442	0.139	0.185
0	-8.438	0.137	0.189
0	-8.435	0.135	0.193
0	-8.432	0.133	0.196
0	-8.430	0.132	0.198
0	-8.429	0.131	0.200
0	-8.428	0.130	0.201
0	-8.427	0.129	0.202
0	-8.425	0.126	0.205
0	-8.422	0.122	0.208
0	-8.418	0.118	0.211
0	-8.415	0.113	0.213
0	-8.410	0.107	0.214
0	-8.406	0.102	0.215
0	-8.404	0.101	0.216
0	-8.404	0.100	0.216
0	-8.402	0.099	0.216
0	-8.401	0.097	0.216
0	-8.398	0.095	0.217
0	-8.394	0.091	0.219
0	-8.389	0.086	0.220
0	-8.384	0.082	0.222
0	-8.380	0.077	0.225
0	-8.377	0.073	0.227
0	-8.374	0.069	0.230
0	-8.372	0.065	0.233
0	-8.370	0.060	0.236
0	-8.368	0.056	0.240
0	-8.366	0.053	0.243
0	-8.365	0.050	0.246
0	-8.363	0.046	0.252
0	-8.361	0.042	0.257
0	-8.360	0.039	0.261
0	-8.358	0.036	0.266
0	-8.356	0.033	0.270
0	-8.353	0.028	0.275
0	-8.350	0.024	0.279
0	-8.347	0.020	0.283
0	-8.344	0.016	0.286
0	-8.341	0.013	0.289
0	-8.338	0.010	0.292
0	-8.334	0.006	0.296
0	-8.330	0.003	0.301
0	-8.327	0.001	0.304
0	-8.326	0.000	0.305
0	-8.325	-0.001	0.307
0	-8.324	-0.002	0.309
0	-8.321	-0.004	0.312
0	-8.318	-0.007	0.317
0	-8.315	-0.010	0.321
0	-8.312	-0.014	0.326
0	-8.309	-0.017	0.331
0	-8.306	-0.019	0.334
0	-8.305	-0.021	0.336
0	-8.304	-0.021	0.337
0	-8.304	-0.022	0.338
0	-8.303	-0.022	0.339
0	-8.302	-0.023	0.342
0	-8.299	-0.025	0.346
0	-8.298	-0.026	0.350
0	-8.297	-0.028	0.353
0	-8.297	-0.030	0.357
0	-8.297	-0.033	0.361
0	-8.298	-0.038	0.363
0	-8.299	-0.044	0.365
0	-8.299	-0.050	0.366
0	-8.299	-0.057	0.365
0	-8.299	-0.062	0.364
0	-8.299	-0.066	0.363
0	-8.299	-0.070	0.360
0	-8.298	-0.074	0.358
0	-8.296	-0.077	0.355
0	-8.295	-0.080	0.352
0	-8.293	-0.082	0.350
0	-8.291	-0.084	0.347
0	-8.288	-0.087	0.344
0	-8.285	-0.090	0.339
0	-8.283	-0.092	0.335
0	-8.282	-0.093	0.331
0	-8.280	-0.093	0.328
0	-8.279	-0.093	0.325
0	-8.278	-0.093	0.322
0	-8.275	-0.092	0.317
0	-8.274	-0.091	0.313
0	-8.272	-0.089	0.309
0	-8.271	-0.088	0.306
0	-8.269	-0.087	0.301
0	-8.268	-0.087	0.297
0	-8.268	-0.087	0.294
0	-8.267	-0.087	0.290
0	-8.267	-0.087	0.286
0	-8.267	-0.089	0.282
0	-8.267	-0.090	0.278
0	-8.267	-0.092	0.274
0	-8.266	-0.094	0.270
0	-8.267	-0.097	0.265
0	-8.267	-0.100	0.261
0	-8.267	-0.103	0.257
0	-8.268	-0.106	0.254
0	-8.269	-0.109	0.250
0	-8.269	-0.113	0.246
0	-8.270	-0.116	0.243
0	-8.269	-0.118	0.240
0	-8.269	-0.121	0.237
0	-8.269	-0.123	0.233
0	-8.269	-0.126	0.230
0	-8.269	-0.129	0.226
0	-8.270	-0.132	0.222
0	-8.270	-0.134	0.218
0	-8.271	-0.136	0.214
0	-8.271	-0.138	0.210
0	-8.272	-0.139	0.206
0	-8.272	-0.140	0.202
0	-8.272	-0.140	0.200
0	-8.273	-0.140	0.195
0	-8.273	-0.140	0.190
0	-8.274	-0.139	0.185
0	-8.274	-0.139	0.182
0	-8.274	-0.138	0.178
0	-8.274	-0.137	0.174
0	-8.273	-0.135	0.169
0	-8.272	-0.135	0.165
0	-8.272	-0.134	0.161
0	-8.271	-0.134	0.158
0	-8.270	-0.134	0.152
0	-8.268	-0.134	0.147
0	-8.267	-0.134	0.140
0	-8.266	-0.134	0.135
0	-8.266	-0.133	0.131
0	-8.266	-0.134	0.127
0	-8.266	-0.134	0.120
0	-8.266	-0.134	0.114
0	-8.266	-0.134	0.110
0	-8.267	-0.134	0.104
0	-8.269	-0.134	0.101
0	-8.269	-0.134	0.100
0	-8.273	-0.135	0.095
0	-8.277	-0.138	0.092
0	-8.282	-0.141	0.089
0	-8.286	-0.146	0.089
0	-8.289	-0.149	0.089
0	-8.291	-0.152	0.090
0	-8.293	-0.154	0.091
0	-8.296	-0.160	0.094
0	-8.297	-0.165	0.098
0	-8.297	-0.167	0.099
0	-8.297	-0.168	0.100
0	-8.296	-0.170	0.102
0	-8.295	-0.173	0.104
0	-8.294	-0.174	0.107
0	-8.291	-0.175	0.110
0	-8.288	-0.176	0.112
0	-8.283	-0.176	0.114
0	-8.279	-0.175	0.114
0	-8.274	-0.174	0.113
0	-8.270	-0.172	0.110
0	-8.269	-0.169	0.105
0	-8.270	-0.168	0.101
0	-8.272	-0.167	0.097
0	-8.276	-0.167	0.095
0	-8.281	-0.167	0.093
0	-8.288	-0.168	0.094
0	-8.293	-0.170	0.097
0	-8.296	-0.171	0.099
0	-8.298	-0.173	0.102
0	-8.300	-0.174	0.105
0	-8.302	-0.175	0.112
0	-8.304	-0.175	0.118
0	-8.305	-0.174	0.123
0	-8.306	-0.172	0.127
0	-8.307	-0.169	0.129
0	-8.308	-0.166	0.131
0	-8.310	-0.162	0.133
0	-8.313	-0.158	0.134
0	-8.316	-0.153	0.133
0	-8.320	-0.150	0.130
0	-8.323	-0.148	0.127
0	-8.325	-0.148	0.123
0	-8.327	-0.148	0.119
0	-8.328	-0.149	0.114
0	-8.329	-0.150	0.110
0	-8.328	-0.152	0.106
0	-8.327	-0.155	0.101
0	-8.326	-0.157	0.098
0	-8.325	-0.160	0.094
0	-8.323	-0.164	0.090
0	-8.323	-0.168	0.087
0	-8.322	-0.173	0.084
0	-8.323	-0.178	0.082
0	-8.325	-0.184	0.079
0	-8.326	-0.189	0.078
0	-8.328	-0.193	0.077
0	-8.330	-0.197	0.076
0	-8.330	-0.200	0.076
0	-8.332	-0.203	0.075
0	-8.333	-0.206	0.074
0	-8.334	-0.210	0.073
0	-8.336	-0.214	0.071
0	-8.337	-0.219	0.069
0	-8.338	-0.223	0.067
0	-8.339	-0.227	0.065
0	-8.339	-0.230	0.063
0	-8.338	-0.234	0.060
0	-8.337	-0.238	0.057
0	-8.337	-0.241	0.054
0	-8.337	-0.245	0.050
0	-8.337	-0.248	0.048
0	-8.338	-0.251	0.046
0	-8.338	-0.254	0.043
0	-8.338	-0.258	0.040
0	-8.338	-0.261	0.038
0	-8.336	-0.266	0.035
0	-8.335	-0.269	0.031
0	-8.333	-0.272	0.028
0	-8.331	-0.273	0.025
0	-8.329	-0.275	0.021
0	-8.328	-0.275	0.018
0	-8.327	-0.277	0.014
0	-8.325	-0.278	0.010
0	-8.324	-0.279	0.005
0	-8.322	-0.281	0.000
0	-8.321	-0.282	-0.002
0	-8.321	-0.282	-0.004
0	-8.320	-0.283	-0.006
0	-8.320	-0.284	-0.009
0	-8.319	-0.284	-0.013
0	-8.319	-0.285	-0.017
0	-8.318	-0.286	-0.021
0	-8.318	-0.286	-0.025
0	-8.319	-0.285	-0.028
0	-8.319	-0.284	-0.033
0	-8.320	-0.283	-0.038
0	-8.321	-0.281	-0.043
0	-8.322	-0.280	-0.047
0	-8.323	-0.279	-0.051
0	-8.324	-0.278	-0.055
0	-8.325	-0.278	-0.059
0	-8.326	-0.278	-0.064
0	-8.325	-0.278	-0.070
0	-8.325	-0.278	-0.075
0	-8.324	-0.278	-0.079
0	-8.324	-0.278	-0.083
0	-8.324	-0.278	-0.086
0	-8.324	-0.278	-0.090
0	-8.325	-0.278	-0.094
0	-8.327	-0.278	-0.098
0	-8.328	-0.278	-0.099
0	-8.328	-0.278	-0.100
0	-8.329	-0.278	-0.101
0	-8.330	-0.278	-0.103
0	-8.332	-0.277	-0.106
0	-8.335	-0.276	-0.110
0	-8.338	-0.274	-0.114
0	-8.340	-0.270	-0.119
0	-8.340	-0.268	-0.123
0	-8.339	-0.265	-0.127
0	-8.337	-0.263	-0.130
0	-8.334	-0.260	-0.134
0	-8.332	-0.258	-0.139
0	-8.329	-0.257	-0.142
0	-8.327	-0.255	-0.147
0	-8.326	-0.254	-0.153
0	-8.327	-0.251	-0.158
0	-8.329	-0.248	-0.162
0	-8.331	-0.243	-0.166
0	-8.333	-0.238	-0.168
0	-8.336	-0.233	-0.169
0	-8.338	-0.229	-0.170
0	-8.341	-0.225	-0.169
0	-8.342	-0.224	-0.169
0	-8.342	-0.223	-0.169
0	-8.343	-0.222	-0.168
0	-8.343	-0.221	-0.168
0	-8.344	-0.220	-0.167
0	-8.348	-0.215	-0.164
0	-8.352	-0.211	-0.162
0	-8.357	-0.207	-0.159
0	-8.361	-0.203	-0.157
0	-8.366	-0.201	-0.156
0	-8.372	-0.197	-0.155
0	-8.378	-0.195	-0.155
0	-8.382	-0.193	-0.156
0	-8.387	-0.191	-0.157
0	-8.391	-0.189	-0.160
0	-8.396	-0.187	-0.162
0	-8.399	-0.184	-0.165
0	-8.403	-0.180	-0.167
0	-8.406	-0.176	-0.169
0	-8.409	-0.172	-0.171
0	-8.413	-0.167	-0.173
0	-8.416	-0.161	-0.175
0	-8.418	-0.157	-0.176
0	-8.420	-0.152	-0.178
0	-8.422	-0.148	-0.179
0	-8.424	-0.143	-0.180
0	-8.426	-0.136	-0.181
0	-8.427	-0.130	-0.182
0	-8.428	-0.122	-0.184
0	-8.428	-0.116	-0.185
0	-8.428	-0.110	-0.187
0	-8.428	-0.103	-0.189
0	-8.427	-0.097	-0.192
0	-8.426	-0.090	-0.195
0	-8.425	-0.085	-0.198
0	-8.424	-0.079	-0.201
0	-8.424	-0.073	-0.205
0	-8.425	-0.066	-0.210
0	-8.427	-0.059	-0.213
0	-8.429	-0.053	-0.217
0	-8.430	-0.050	-0.219
0	-8.431	-0.047	-0.221
0	-8.433	-0.040	-0.226
0	-8.434	-0.035	-0.230
0	-8.435	-0.030	-0.233
0	-8.436	-0.025	-0.237
0	-8.436	-0.021	-0.241
0	-8.436	-0.018	-0.245
0	-8.437	-0.014	-0.250
0	-8.436	-0.010	-0.254
0	-8.436	-0.006	-0.259
0	-8.435	-0.002	-0.264
0	-8.434	0.001	-0.269
0	-8.433	0.005	-0.275
0	-8.432	0.007	-0.279
0	-8.431	0.009	-0.284
0	-8.429	0.012	-0.290
0	-8.428	0.013	-0.295
0	-8.427	0.015	-0.302
0	-8.425	0.016	-0.308
0	-8.424	0.017	-0.314
0	-8.422	0.017	-0.322
0	-8.421	0.017	-0.328
0	-8.419	0.016	-0.334
0	-8.416	0.015	-0.342
0	-8.413	0.014	-0.346
0	-8.411	0.013	-0.350
0	-8.407	0.012	-0.356
0	-8.403	0.012	-0.361
0	-8.400	0.011	-0.365
0	-8.397	0.012	-0.369
0	-8.394	0.012	-0.372
0	-8.390	0.013	-0.376
0	-8.385	0.013	-0.380
0	-8.381	0.014	-0.383
0	-8.377	0.014	-0.386
0	-8.372	0.015	-0.389
0	-8.367	0.016	-0.391
0	-8.360	0.017	-0.394
0	-8.354	0.019	-0.397
0	-8.349	0.021	-0.398
0	-8.342	0.024	-0.400
0	-8.342	0.024	-0.400
0	-8.341	0.024	-0.400
0	-8.340	0.025	-0.400
0	-8.335	0.027	-0.402
0	-8.330	0.030	-0.404
0	-8.326	0.033	-0.407
0	-8.322	0.039	-0.411
0	-8.320	0.044	-0.415
0	-8.319	0.049	-0.419
0	-8.319	0.053	-0.423
0	-8.321	0.058	-0.427
0	-8.324	0.063	-0.430
0	-8.327	0.066	-0.431
0	-8.331	0.070	-0.432
0	-8.336	0.073	-0.433
0	-8.341	0.076	-0.432
0	-8.346	0.079	-0.430
0	-8.350	0.082	-0.428
0	-8.353	0.086	-0.424
0	-8.356	0.091	-0.419
0	-8.358	0.095	-0.415
0	-8.359	0.099	-0.411
0	-8.360	0.103	-0.408
0	-8.360	0.108	-0.404
0	-8.359	0.113	-0.401
0	-8.358	0.117	-0.398
0	-8.356	0.123	-0.395
0	-8.353	0.129	-0.393
0	-8.350	0.134	-0.392
0	-8.346	0.139	-0.391
0	-8.342	0.144	-0.390
0	-8.338	0.149	-0.390
0	-8.334	0.153	-0.390
0	-8.331	0.158	-0.391
0	-8.328	0.162	-0.392
0	-8.325	0.167	-0.393
0	-8.322	0.175	-0.395
0	-8.321	0.182	-0.397
0	-8.322	0.187	-0.398
0	-8.323	0.193	-0.400
0	-8.325	0.198	-0.402
0	-8.326	0.199	-0.402
0	-8.326	0.200	-0.402
0	-8.326	0.201	-0.402
0	-8.327	0.202	-0.403
0	-8.328	0.204	-0.403
0	-8.330	0.213	-0.407
0	-8.332	0.217	-0.409
0	-8.332	0.221	-0.412
0	-8.333	0.226	-0.415
0	-8.333	0.231	-0.418
0	-8.332	0.237	-0.421
0	-8.330	0.242	-0.424
0	-8.328	0.246	-0.426
0	-8.325	0.250	-0.429
0	-8.321	0.255	-0.432
0	-8.316	0.259	-0.435
0	-8.311	0.262	-0.438
0	-8.307	0.264	-0.441
0	-8.303	0.265	-0.443
0	-8.298	0.266	-0.446
0	-8.294	0.267	-0.449
0	-8.288	0.266	-0.453
0	-8.283	0.266	-0.456
0	-8.277	0.264	-0.459
0	-8.271	0.263	-0.462
0	-8.266	0.261	-0.464
0	-8.260	0.260	-0.467
0	-8.254	0.258	-0.469
0	-8.248	0.257	-0.472
0	-8.244	0.257	-0.473
0	-8.241	0.256	-0.474
0	-8.237	0.256	-0.475
0	-8.233	0.255	-0.476
0	-8.228	0.255	-0.478
0	-8.224	0.255	-0.480
0	-8.221	0.255	-0.482
0	-8.219	0.256	-0.484
0	-8.215	0.257	-0.489
0	-8.210	0.259	-0.494
0	-8.208	0.261	-0.497
0	-8.205	0.265	-0.501
0	-8.203	0.269	-0.504
0	-8.201	0.274	-0.506
0	-8.200	0.276	-0.507
0	-8.199	0.278	-0.507
0	-8.199	0.280	-0.508
0	-8.198	0.285	-0.508
0	-8.196	0.290	-0.508
0	-8.195	0.294	-0.507
0	-8.194	0.298	-0.506
0	-8.194	0.303	-0.505
0	-8.193	0.308	-0.503
0	-8.193	0.311	-0.502
0	-8.193	0.314	-0.501
0	-8.193	0.315	-0.500
0	-8.194	0.318	-0.498
0	-8.194	0.322	-0.496
0	-8.195	0.325	-0.493
0	-8.197	0.329	-0.490
0	-8.198	0.333	-0.486
0	-8.201	0.335	-0.482
0	-8.204	0.337	-0.478
0	-8.207	0.338	-0.474
0	-8.210	0.338	-0.470
0	-8.212	0.337	-0.466
0	-8.214	0.336	-0.462
0	-8.216	0.335	-0.457
0	-8.217	0.333	-0.453
0	-8.217	0.332	-0.449
0	-8.216	0.331	-0.445
0	-8.216	0.330	-0.442
0	-8.214	0.329	-0.437
0	-8.213	0.329	-0.433
0	-8.212	0.330	-0.429
0	-8.210	0.331	-0.425
0	-8.208	0.334	-0.421
0	-8.207	0.337	-0.418
0	-8.206	0.341	-0.415
0	-8.206	0.346	-0.413
0	-8.206	0.350	-0.413
0	-8.207	0.355	-0.413
0	-8.209	0.361	-0.414
0	-8.213	0.366	-0.415
0	-8.215	0.368	-0.416
0	-8.216	0.368	-0.416
0	-8.216	0.368	-0.416
0	-8.217	0.368	-0.417
0	-8.218	0.369	-0.417
0	-8.220	0.369	-0.417
0	-8.228	0.371	-0.418
0	-8.235	0.371	-0.416
0	-8.241	0.371	-0.414
0	-8.246	0.372	-0.411
0	-8.251	0.373	-0.408
0	-8.255	0.373	-0.405
0	-8.259	0.374	-0.402
0	-8.262	0.374	-0.398
0	-8.265	0.374	-0.394
0	-8.269	0.374	-0.389
0	-8.270	0.372	-0.385
0	-8.272	0.369	-0.378
0	-8.272	0.366	-0.374
0	-8.271	0.363	-0.370
0	-8.269	0.358	-0.366
0	-8.265	0.353	-0.364
0	-8.261	0.349	-0.364
0	-8.258	0.347	-0.365
0	-8.254	0.344	-0.368
0	-8.250	0.341	-0.373
0	-8.248	0.339	-0.378
0	-8.246	0.338	-0.385
0	-8.246	0.338	-0.390
0	-8.246	0.339	-0.395
0	-8.247	0.339	-0.399
0	-8.248	0.339	-0.403
0	-8.250	0.339	-0.408
0	-8.252	0.338	-0.411
0	-8.254	0.339	-0.414
0	-8.256	0.339	-0.418
0	-8.261	0.340	-0.424
0	-8.266	0.341	-0.429
0	-8.270	0.342	-0.434
0	-8.275	0.343	-0.440
0	-8.281	0.344	-0.446
0	-8.285	0.344	-0.450
0	-8.290	0.345	-0.454
0	-8.295	0.345	-0.457
0	-8.298	0.345	-0.459
0	-8.299	0.345	-0.460
0	-8.300	0.345	-0.460
0	-8.301	0.345	-0.461
0	-8.302	0.345	-0.461
0	-8.306	0.345	-0.463
0	-8.311	0.345	-0.466
0	-8.315	0.345	-0.469
0	-8.319	0.345	-0.471
0	-8.324	0.345	-0.474
0	-8.329	0.346	-0.477
0	-8.333	0.347	-0.479
0	-8.337	0.348	-0.481
0	-8.341	0.349	-0.483
0	-8.346	0.351	-0.485
0	-8.351	0.353	-0.487
0	-8.357	0.356	-0.491
0	-8.361	0.358	-0.494
0	-8.366	0.361	-0.497
0	-8.371	0.366	-0.501
0	-8.375	0.369	-0.504
0	-8.378	0.374	-0.506
0	-8.381	0.378	-0.508
0	-8.384	0.383	-0.509
0	-8.387	0.389	-0.510
0	-8.390	0.394	-0.510
0	-8.391	0.397	-0.509
0	-8.392	0.399	-0.509
0	-8.393	0.400	-0.509
0	-8.393	0.401	-0.509
0	-8.394	0.402	-0.509
0	-8.395	0.405	-0.509
0	-8.397	0.410	-0.507
0	-8.400	0.415	-0.505
0	-8.400	0.416	-0.505
0	-8.400	0.417	-0.504
0	-8.401	0.418	-0.503
0	-8.403	0.422	-0.500
0	-8.405	0.426	-0.497
0	-8.407	0.430	-0.493
0	-8.408	0.434	-0.490
0	-8.410	0.437	-0.485
0	-8.411	0.441	-0.481
0	-8.413	0.445	-0.477
0	-8.416	0.448	-0.473
0	-8.419	0.452	-0.470
0	-8.422	0.455	-0.468
0	-8.427	0.459	-0.466
0	-8.431	0.462	-0.464
0	-8.436	0.464	-0.463
0	-8.441	0.467	-0.463
0	-8.446	0.470	-0.463
0	-8.451	0.474	-0.462
0	-8.457	0.478	-0.462
0	-8.463	0.482	-0.461
0	-8.467	0.485	-0.461
0	-8.471	0.488	-0.461
0	-8.475	0.491	-0.460
0	-8.479	0.494	-0.460
0	-8.484	0.497	-0.460
0	-8.489	0.501	-0.459
0	-8.492	0.504	-0.458
0	-8.495	0.508	-0.457
0	-8.497	0.511	-0.455
0	-8.499	0.515	-0.453
0	-8.500	0.516	-0.452
0	-8.500	0.516	-0.452
0	-8.500	0.517	-0.451
0	-8.501	0.518	-0.451
0	-8.502	0.520	-0.450
0	-8.503	0.524	-0.447
0	-8.504	0.528	-0.444
0	-8.505	0.533	-0.441
0	-8.506	0.538	-0.438
0	-8.506	0.543	-0.435
0	-8.506	0.550	-0.432
0	-8.505	0.555	-0.429
0	-8.504	0.561	-0.426
0	-8.503	0.566	-0.423
0	-8.500	0.572	-0.420
0	-8.500	0.572	-0.419
0	-8.499	0.574	-0.418
0	-8.498	0.575	-0.417
0	-8.496	0.579	-0.413
0	-8.494	0.583	-0.410
0	-8.492	0.586	-0.407
0	-8.489	0.590	-0.402
0	-8.485	0.593	-0.398
0	-8.482	0.595	-0.394
0	-8.479	0.597	-0.391
0	-8.475	0.598	-0.386
0	-8.471	0.600	-0.382
0	-8.466	0.602	-0.377
0	-8.461	0.605	-0.371
0	-8.458	0.607	-0.367
0	-8.455	0.609	-0.362
0	-8.453	0.610	-0.358
0	-8.450	0.612	-0.354
0	-8.446	0.614	-0.348
0	-8.441	0.615	-0.343
0	-8.437	0.616	-0.339
0	-8.433	0.617	-0.337
0	-8.429	0.618	-0.335
0	-8.425	0.620	-0.333
0	-8.421	0.622	-0.332
0	-8.416	0.626	-0.330
0	-8.411	0.630	-0.328
0	-8.406	0.634	-0.325
0	-8.401	0.639	-0.323
0	-8.400	0.640	-0.323
0	-8.399	0.642	-0.322
0	-8.397	0.643	-0.321
0	-8.395	0.646	-0.320
0	-8.390	0.650	-0.319
0	-8.386	0.654	-0.318
0	-8.382	0.658	-0.318
0	-8.377	0.663	-0.319
0	-8.373	0.667	-0.320
0	-8.369	0.672	-0.321
0	-8.366	0.677	-0.323
0	-8.364	0.682	-0.325
0	-8.362	0.687	-0.326
0	-8.361	0.692	-0.327
0	-8.360	0.695	-0.328
0	-8.359	0.699	-0.328
0	-8.358	0.703	-0.328
0	-8.357	0.708	-0.327
0	-8.356	0.713	-0.325
0	-8.354	0.718	-0.323
0	-8.352	0.724	-0.319
0	-8.350	0.730	-0.315
0	-8.348	0.735	-0.312
0	-8.346	0.739	-0.309
0	-8.344	0.743	-0.306
0	-8.341	0.748	-0.302
0	-8.340	0.750	-0.301
0	-8.339	0.751	-0.300
0	-8.338	0.752	-0.299
0	-8.337	0.754	-0.298
0	-8.336	0.756	-0.296
0	-8.333	0.759	-0.293
0	-8.332	0.762	-0.289
0	-8.330	0.765	-0.284
0	-8.329	0.766	-0.281
0	-8.328	0.768	-0.276
0	-8.327	0.769	-0.271
0	-8.327	0.770	-0.266
0	-8.326	0.771	-0.260
0	-8.326	0.771	-0.254
0	-8.326	0.771	-0.248
0	-8.326	0.770	-0.242
0	-8.326	0.769	-0.237
0	-8.326	0.768	-0.233
0	-8.325	0.768	-0.229
0	-8.324	0.767	-0.225
0	-8.324	0.767	-0.221
0	-8.322	0.766	-0.216
0	-8.321	0.765	-0.211
0	-8.319	0.764	-0.205
0	-8.317	0.763	-0.198
0	-8.314	0.761	-0.194
0	-8.310	0.760	-0.190
0	-8.305	0.758	-0.186
0	-8.302	0.757	-0.185
0	-8.301	0.756	-0.184
0	-8.300	0.756	-0.184
0	-8.299	0.756	-0.184
0	-8.299	0.755	-0.183
0	-8.295	0.754	-0.182
0	-8.290	0.752	-0.181
0	-8.285	0.750	-0.182
0	-8.281	0.748	-0.183
0	-8.276	0.746	-0.185
0	-8.271	0.745	-0.188
0	-8.267	0.743	-0.192
0	-8.263	0.742	-0.196
0	-8.262	0.742	-0.198
0	-8.261	0.742	-0.199
0	-8.261	0.742	-0.200
0	-8.260	0.742	-0.201
0	-8.260	0.742	-0.201
0	-8.258	0.742	-0.205
0	-8.255	0.742	-0.210
0	-8.251	0.743	-0.215
0	-8.248	0.743	-0.222
0	-8.246	0.744	-0.227
0	-8.244	0.743	-0.234
0	-8.243	0.742	-0.240
0	-8.243	0.741	-0.246
0	-8.243	0.739	-0.251
0	-8.244	0.736	-0.257
0	-8.245	0.732	-0.262
0	-8.247	0.730	-0.266
0	-8.249	0.727	-0.270
0	-8.252	0.724	-0.274
0	-8.256	0.721	-0.278
0	-8.259	0.719	-0.281
0	-8.262	0.717	-0.284
0	-8.265	0.714	-0.287
0	-8.268	0.711	-0.291
0	-8.271	0.707	-0.295
0	-8.272	0.705	-0.299
0	-8.274	0.701	-0.303
0	-8.274	0.697	-0.307
0	-8.274	0.694	-0.311
0	-8.272	0.690	-0.316
0	-8.270	0.685	-0.320
0	-8.266	0.681	-0.324
0	-8.261	0.679	-0.327
0	-8.257	0.677	-0.330
0	-8.253	0.677	-0.332
0	-8.249	0.677	-0.334
0	-8.245	0.677	-0.336
0	-8.240	0.678	-0.337
0	-8.236	0.679	-0.339
0	-8.233	0.681	-0.340
0	-8.229	0.683	-0.342
0	-8.225	0.686	-0.345
0	-8.221	0.689	-0.348
0	-8.218	0.692	-0.351
0	-8.215	0.696	-0.354
0	-8.213	0.700	-0.359
0	-8.210	0.703	-0.364
0	-8.209	0.706	-0.369
0	-8.208	0.709	-0.374
0	-8.208	0.711	-0.379
0	-8.209	0.713	-0.384
0	-8.210	0.715	-0.389
0	-8.212	0.717	-0.394
0	-8.213	0.717	-0.397
0	-8.213	0.717	-0.399
0	-8.214	0.718	-0.400
0	-8.214	0.718	-0.401
0	-8.215	0.718	-0.401
0	-8.216	0.718	-0.405
0	-8.219	0.718	-0.410
0	-8.222	0.718	-0.414
0	-8.227	0.718	-0.419
0	-8.231	0.717	-0.423
0	-8.235	0.716	-0.425
0	-8.239	0.716	-0.426
0	-8.244	0.715	-0.427
0	-8.250	0.713	-0.426
0	-8.256	0.711	-0.424
0	-8.261	0.708	-0.421
0	-8.265	0.706	-0.417
0	-8.269	0.704	-0.413
0	-8.271	0.702	-0.409
0	-8.274	0.700	-0.404
0	-8.274	0.700	-0.403
0	-8.275	0.699	-0.403
0	-8.277	0.698	-0.399
0	-8.279	0.696	-0.394
0	-8.282	0.695	-0.388
0	-8.284	0.695	-0.382
0	-8.286	0.695	-0.375
0	-8.288	0.696	-0.369
0	-8.289	0.697	-0.363
0	-8.291	0.699	-0.355
0	-8.293	0.700	-0.348
0	-8.296	0.701	-0.342
0	-8.297	0.702	-0.337
0	-8.299	0.702	-0.332
0	-8.300	0.702	-0.331
0	-8.300	0.702	-0.330
0	-8.301	0.702	-0.329
0	-8.302	0.702	-0.328
0	-8.304	0.701	-0.322
0	-8.306	0.700	-0.316
0	-8.308	0.696	-0.310
0	-8.309	0.692	-0.305
0	-8.310	0.688	-0.301
0	-8.311	0.684	-0.297
0	-8.312	0.679	-0.295
0	-8.312	0.674	-0.293
0	-8.312	0.669	-0.291
0	-8.311	0.665	-0.290
0	-8.311	0.660	-0.290
0	-8.309	0.654	-0.289
0	-8.308	0.650	-0.288
0	-8.307	0.645	-0.289
0	-8.306	0.638	-0.289
0	-8.304	0.633	-0.291
0	-8.303	0.627	-0.293
0	-8.301	0.622	-0.296
0	-8.300	0.620	-0.297
0	-8.300	0.619	-0.298
0	-8.300	0.618	-0.299
0	-8.299	0.617	-0.299
0	-8.298	0.614	-0.301
0	-8.295	0.609	-0.307
0	-8.292	0.605	-0.311
0	-8.289	0.602	-0.315
0	-8.284	0.598	-0.319
0	-8.278	0.594	-0.323
0	-8.271	0.590	-0.328
0	-8.266	0.585	-0.332
0	-8.262	0.581	-0.336
0	-8.259	0.577	-0.339
0	-8.256	0.572	-0.342
0	-8.253	0.567	-0.345
0	-8.251	0.562	-0.347
0	-8.248	0.557	-0.349
0	-8.246	0.553	-0.349
0	-8.244	0.550	-0.350
0	-8.243	0.547	-0.350
0	-8.241	0.542	-0.350
0	-8.238	0.537	-0.350
0	-8.236	0.533	-0.349
0	-8.234	0.528	-0.348
0	-8.231	0.523	-0.347
0	-8.228	0.517	-0.345
0	-8.226	0.513	-0.344
0	-8.224	0.508	-0.343
0	-8.222	0.505	-0.343
0	-8.221	0.501	-0.342
0	-8.221	0.500	-0.342
0	-8.220	0.499	-0.342
0	-8.220	0.498	-0.341
0	-8.219	0.496	-0.341
0	-8.218	0.490	-0.341
0	-8.217	0.485	-0.342
0	-8.217	0.477	-0.343
0	-8.217	0.471	-0.345
0	-8.217	0.466	-0.347
0	-8.218	0.461	-0.349
0	-8.218	0.454	-0.352
0	-8.220	0.445	-0.356
0	-8.221	0.439	-0.360
0	-8.222	0.433	-0.364
0	-8.223	0.429	-0.367
0	-8.226	0.424	-0.371
0	-8.229	0.420	-0.374
0	-8.232	0.416	-0.376
0	-8.235	0.413	-0.377
0	-8.238	0.409	-0.379
0	-8.242	0.406	-0.380
0	-8.246	0.402	-0.382
0	-8.250	0.398	-0.383
0	-8.255	0.395	-0.384
0	-8.259	0.391	-0.384
0	-8.265	0.386	-0.384
0	-8.268	0.381	-0.384
0	-8.271	0.376	-0.384
0	-8.274	0.371	-0.384
0	-8.275	0.366	-0.384
0	-8.277	0.361	-0.384
0	-8.277	0.354	-0.386
0	-8.277	0.349	-0.388
0	-8.276	0.345	-0.390
0	-8.275	0.341	-0.393
0	-8.274	0.337	-0.396
0	-8.273	0.333	-0.400
0	-8.272	0.330	-0.404
0	-8.271	0.327	-0.410
0	-8.269	0.324	-0.416
0	-8.269	0.321	-0.421
0	-8.268	0.319	-0.426
0	-8.267	0.316	-0.431
0	-8.266	0.313	-0.438
0	-8.266	0.311	-0.445
0	-8.268	0.309	-0.451
0	-8.270	0.307	-0.456
0	-8.273	0.305	-0.460
0	-8.276	0.302	-0.465
0	-8.279	0.301	-0.467
0	-8.280	0.300	-0.468
0	-8.281	0.299	-0.468
0	-8.282	0.299	-0.469
0	-8.285	0.297	-0.471
0	-8.288	0.294	-0.473
0	-8.291	0.292	-0.474
0	-8.294	0.289	-0.476
0	-8.298	0.287	-0.477
0	-8.304	0.282	-0.480
0	-8.309	0.281	-0.482
0	-8.316	0.280	-0.485
0	-8.322	0.281	-0.487
0	-8.328	0.282	-0.488
0	-8.334	0.284	-0.489
0	-8.342	0.288	-0.489
0	-8.348	0.291	-0.486
0	-8.353	0.293	-0.483
0	-8.358	0.296	-0.479
0	-8.362	0.298	-0.475
0	-8.366	0.301	-0.470
0	-8.369	0.303	-0.465
0	-8.372	0.305	-0.460
0	-8.374	0.306	-0.454
0	-8.376	0.307	-0.448
0	-8.379	0.308	-0.440
0	-8.380	0.308	-0.434
0	-8.383	0.308	-0.428
0	-8.386	0.309	-0.423
0	-8.389	0.310	-0.418
0	-8.392	0.312	-0.414
0	-8.397	0.315	-0.410
0	-8.402	0.317	-0.407
0	-8.406	0.321	-0.404
0	-8.410	0.324	-0.402
0	-8.416	0.329	-0.398
0	-8.422	0.334	-0.395
0	-8.428	0.338	-0.391
0	-8.433	0.341	-0.389
0	-8.437	0.343	-0.386
0	-8.442	0.345	-0.384
0	-8.447	0.347	-0.381
0	-8.453	0.350	-0.378
0	-8.459	0.352	-0.375
0	-8.463	0.353	-0.373
0	-8.468	0.353	-0.371
0	-8.471	0.354	-0.369
0	-8.475	0.354	-0.368
0	-8.480	0.354	-0.366
0	-8.484	0.355	-0.365
0	-8.490	0.354	-0.364
0	-8.495	0.354	-0.364
0	-8.499	0.353	-0.364
0	-8.500	0.353	-0.364
0	-8.501	0.353	-0.364
0	-8.502	0.353	-0.364
0	-8.506	0.351	-0.364
0	-8.512	0.349	-0.364
0	-8.518	0.346	-0.363
0	-8.523	0.343	-0.361
0	-8.528	0.338	-0.358
0	-8.531	0.334	-0.355
0	-8.533	0.330	-0.352
0	-8.535	0.323	-0.346
0	-8.535	0.319	-0.342
0	-8.535	0.314	-0.338
0	-8.534	0.310	-0.335
0	-8.532	0.304	-0.330
0	-8.530	0.298	-0.327
0	-8.528	0.292	-0.325
0	-8.526	0.285	-0.322
0	-8.523	0.278	-0.319
0	-8.520	0.272	-0.318
0	-8.517	0.268	-0.317
0	-8.514	0.263	-0.318
0	-8.510	0.259	-0.320
0	-8.507	0.256	-0.324
0	-8.504	0.254	-0.329
0	-8.503	0.253	-0.334
0	-8.503	0.252	-0.338
0	-8.503	0.252	-0.343
0	-8.504	0.252	-0.350
0	-8.506	0.253	-0.354
0	-8.510	0.254	-0.360
0	-8.515	0.255	-0.365
0	-8.519	0.255	-0.367
0	-8.523	0.256	-0.368
0	-8.528	0.256	-0.369
0	-8.533	0.256	-0.368
0	-8.539	0.256	-0.366
0	-8.543	0.256	-0.364
0	-8.547	0.255	-0.361
0	-8.550	0.254	-0.356
0	-8.553	0.254	-0.353
0	-8.554	0.253	-0.349
0	-8.556	0.252	-0.344
0	-8.557	0.250	-0.339
0	-8.558	0.249	-0.335
0	-8.558	0.247	-0.330
0	-8.558	0.245	-0.326
0	-8.557	0.242	-0.322
0	-8.556	0.239	-0.317
0	-8.554	0.235	-0.313
0	-8.550	0.230	-0.310
0	-8.547	0.226	-0.308
0	-8.542	0.221	-0.307
0	-8.539	0.217	-0.307
0	-8.536	0.214	-0.309
0	-8.534	0.210	-0.311
0	-8.531	0.206	-0.314
0	-8.529	0.202	-0.317
0	-8.529	0.201	-0.318
0	-8.528	0.200	-0.319
0	-8.528	0.199	-0.319
0	-8.528	0.198	-0.320
0	-8.527	0.194	-0.324
0	-8.526	0.190	-0.327
0	-8.525	0.186	-0.331
0	-8.524	0.183	-0.335
0	-8.523	0.178	-0.340
0	-8.521	0.175	-0.347
0	-8.519	0.172	-0.352
0	-8.516	0.169	-0.357
0	-8.513	0.165	-0.362
0	-8.510	0.163	-0.366
0	-8.506	0.159	-0.370
0	-8.502	0.155	-0.374
0	-8.500	0.153	-0.377
0	-8.499	0.153	-0.377
0	-8.499	0.152	-0.378
0	-8.498	0.151	-0.380
0	-8.496	0.149	-0.383
0	-8.495	0.148	-0.386
0	-8.495	0.147	-0.390
0	-8.494	0.146	-0.395
0	-8.495	0.147	-0.403
0	-8.496	0.148	-0.408
0	-8.497	0.150	-0.411
0	-8.499	0.152	-0.414
0	-8.500	0.152	-0.415
0	-8.500	0.153	-0.416
0	-8.500	0.153	-0.417
0	-8.501	0.154	-0.417
0	-8.503	0.156	-0.420
0	-8.506	0.159	-0.423
0	-8.509	0.162	-0.426
0	-8.516	0.168	-0.431
0	-8.521	0.172	-0.434
0	-8.526	0.177	-0.437
0	-8.530	0.182	-0.439
0	-8.534	0.188	-0.440
0	-8.538	0.194	-0.442
0	-8.542	0.201	-0.443
0	-8.546	0.207	-0.444
0	-8.550	0.212	-0.444
0	-8.554	0.217	-0.445
0	-8.560	0.222	-0.447
0	-8.568	0.227	-0.449
0	-8.574	0.230	-0.451
0	-8.579	0.232	-0.453
0	-8.583	0.233	-0.455
0	-8.587	0.233	-0.457
0	-8.591	0.233	-0.459
0	-8.595	0.233	-0.462
0	-8.598	0.232	-0.463
0	-8.600	0.232	-0.464
0	-8.600	0.232	-0.464
0	-8.601	0.232	-0.464
0	-8.602	0.232	-0.465
0	-8.606	0.232	-0.467
0	-8.611	0.232	-0.468
0	-8.617	0.232	-0.469
0	-8.623	0.232	-0.469
0	-8.629	0.232	-0.468
0	-8.636	0.232	-0.466
0	-8.642	0.231	-0.462
0	-8.647	0.230	-0.456
0	-8.650	0.228	-0.448
0	-8.650	0.225	-0.440
0	-8.648	0.222	-0.433
0	-8.646	0.219	-0.429
0	-8.644	0.217	-0.425
0	-8.641	0.214	-0.422
0	-8.637	0.211	-0.418
0	-8.633	0.208	-0.414
0	-8.628	0.204	-0.410
0	-8.623	0.201	-0.406
0	-8.622	0.200	-0.406
0	-8.621	0.200	-0.405
0	-8.621	0.199	-0.405
0	-8.618	0.197	-0.403
0	-8.613	0.194	-0.400
0	-8.613	0.194	-0.400
0	-8.612	0.193	-0.400
0	-8.612	0.193	-0.399
0	-8.608	0.190	-0.398
0	-8.603	0.187	-0.397
0	-8.601	0.186	-0.397
0	-8.600	0.185	-0.397
0	-8.599	0.185	-0.397
0	-8.599	0.185	-0.397
0	-8.594	0.183	-0.398
0	-8.589	0.180	-0.398
0	-8.583	0.177	-0.398
0	-8.577	0.173	-0.397
0	-8.572	0.170	-0.397
0	-8.566	0.167	-0.396
0	-8.560	0.163	-0.395
0	-8.555	0.159	-0.394
0	-8.550	0.154	-0.393
0	-8.545	0.149	-0.391
0	-8.542	0.145	-0.389
0	-8.539	0.141	-0.388
0	-8.537	0.137	-0.386
0	-8.535	0.133	-0.384
0	-8.534	0.129	-0.382
0	-8.533	0.126	-0.380
0	-8.532	0.122	-0.377
0	-8.532	0.119	-0.374
0	-8.532	0.115	-0.370
0	-8.532	0.111	-0.365
0	-8.534	0.108	-0.359
0	-8.535	0.105	-0.354
0	-8.537	0.103	-0.348
0	-8.539	0.100	-0.343
0	-8.541	0.098	-0.338
0	-8.543	0.097	-0.333
0	-8.545	0.095	-0.327
0	-8.547	0.093	-0.322
0	-8.549	0.092	-0.317
0	-8.550	0.090	-0.313
0	-8.552	0.089	-0.308
0	-8.554	0.087	-0.304
0	-8.555	0.086	-0.301
0	-8.555	0.086	-0.300
0	-8.556	0.086	-0.300
0	-8.556	0.085	-0.299
0	-8.556	0.085	-0.298
0	-8.557	0.083	-0.295
0	-8.557	0.080	-0.290
0	-8.556	0.078	-0.286
0	-8.555	0.074	-0.282
0	-8.554	0.070	-0.278
0	-8.552	0.066	-0.274
0	-8.547	0.060	-0.269
0	-8.543	0.056	-0.267
0	-8.538	0.051	-0.265
0	-8.534	0.048	-0.265
0	-8.530	0.045	-0.266
0	-8.525	0.041	-0.267
0	-8.521	0.038	-0.268
0	-8.516	0.035	-0.270
0	-8.510	0.032	-0.275
0	-8.505	0.029	-0.279
0	-8.502	0.028	-0.286
0	-8.500	0.027	-0.289
0	-8.500	0.027	-0.290
0	-8.500	0.027	-0.291
0	-8.500	0.026	-0.292
0	-8.499	0.026	-0.296
0	-8.497	0.024	-0.301
0	-8.496	0.022	-0.307
0	-8.496	0.020	-0.314
0	-8.497	0.016	-0.320
0	-8.498	0.012	-0.326
0	-8.498	0.009	-0.330
0	-8.499	0.006	-0.333
0	-8.500	0.002	-0.338
0	-8.501	-0.002	-0.342
0	-8.503	-0.007	-0.347
0	-8.505	-0.012	-0.351
0	-8.508	-0.017	-0.354
0	-8.511	-0.022	-0.358
0	-8.513	-0.026	-0.360
0	-8.517	-0.032	-0.362
0	-8.520	-0.038	-0.363
0	-8.522	-0.043	-0.364
0	-8.524	-0.047	-0.365
0	-8.525	-0.053	-0.365
0	-8.525	-0.060	-0.366
0	-8.524	-0.066	-0.367
0	-8.522	-0.071	-0.368
0	-8.521	-0.077	-0.368
0	-8.518	-0.082	-0.368
0	-8.516	-0.087	-0.368
0	-8.511	-0.096	-0.367
0	-8.509	-0.100	-0.367
0	-8.508	-0.101	-0.367
0	-8.508	-0.102	-0.367
0	-8.505	-0.106	-0.367
0	-8.502	-0.111	-0.367
0	-8.499	-0.115	-0.369
0	-8.495	-0.120	-0.372
0	-8.492	-0.123	-0.376
0	-8.490	-0.126	-0.381
0	-8.488	-0.129	-0.385
0	-8.487	-0.131	-0.390
0	-8.487	-0.133	-0.396
0	-8.487	-0.135	-0.402
0	-8.488	-0.136	-0.408
0	-8.489	-0.137	-0.414
0	-8.491	-0.137	-0.420
0	-8.493	-0.138	-0.426
0	-8.496	-0.138	-0.432
0	-8.500	-0.139	-0.438
0	-8.500	-0.139	-0.438
0	-8.501	-0.140	-0.439
0	-8.501	-0.140	-0.440
0	-8.504	-0.141	-0.444
0	-8.507	-0.143	-0.447
0	-8.510	-0.145	-0.450
0	-8.513	-0.147	-0.453
0	-8.518	-0.150	-0.456
0	-8.522	-0.152	-0.459
0	-8.527	-0.153	-0.462
0	-8.531	-0.154	-0.466
0	-8.536	-0.155	-0.470
0	-8.541	-0.155	-0.474
0	-8.547	-0.155	-0.478
0	-8.551	-0.155	-0.482
0	-8.557	-0.154	-0.486
0	-8.563	-0.153	-0.490
0	-8.570	-0.153	-0.493
0	-8.576	-0.152	-0.496
0	-8.582	-0.152	-0.498
0	-8.587	-0.151	-0.500
0	-8.594	-0.150	-0.502
0	-8.599	-0.149	-0.503
0	-8.606	-0.148	-0.504
0	-8.612	-0.147	-0.504
0	-8.618	-0.146	-0.504
0	-8.625	-0.146	-0.503
0	-8.631	-0.146	-0.502
0	-8.637	-0.146	-0.501
0	-8.644	-0.148	-0.499
0	-8.651	-0.149	-0.496
0	-8.655	-0.150	-0.494
0	-8.659	-0.151	-0.493
0	-8.664	-0.151	-0.491
0	-8.667	-0.152	-0.490
0	-8.671	-0.152	-0.489
0	-8.675	-0.153	-0.487
0	-8.683	-0.154	-0.484
0	-8.690	-0.155	-0.482
0	-8.696	-0.156	-0.481
0	-8.698	-0.157	-0.481
0	-8.700	-0.157	-0.481
0	-8.701	-0.157	-0.480
0	-8.702	-0.158	-0.480
0	-8.706	-0.159	-0.479
0	-8.711	-0.160	-0.478
0	-8.715	-0.162	-0.476
0	-8.719	-0.163	-0.474
0	-8.723	-0.165	-0.470
0	-8.729	-0.167	-0.466
0	-8.733	-0.170	-0.460
0	-8.737	-0.172	-0.454
0	-8.739	-0.173	-0.449
0	-8.739	-0.174	-0.442
0	-8.739	-0.175	-0.436
0	-8.737	-0.176	-0.429
0	-8.734	-0.177	-0.424
0	-8.730	-0.178	-0.420
0	-8.725	-0.179	-0.416
0	-8.718	-0.180	-0.412
0	-8.712	-0.180	-0.409
0	-8.707	-0.179	-0.407
0	-8.702	-0.178	-0.405
0	-8.700	-0.178	-0.405
0	-8.700	-0.178	-0.405
0	-8.699	-0.177	-0.405
0	-8.698	-0.177	-0.405
0	-8.693	-0.175	-0.403
0	-8.689	-0.173	-0.402
0	-8.684	-0.172	-0.401
0	-8.682	-0.171	-0.400
0	-8.681	-0.170	-0.400
0	-8.680	-0.170	-0.400
0	-8.679	-0.169	-0.400
0	-8.678	-0.169	-0.400
0	-8.673	-0.167	-0.399
0	-8.670	-0.166	-0.400
0	-8.669	-0.165	-0.400
0	-8.668	-0.165	-0.400
0	-8.667	-0.164	-0.400
0	-8.662	-0.162	-0.402
0	-8.658	-0.159	-0.403
0	-8.652	-0.155	-0.406
0	-8.647	-0.151	-0.409
0	-8.641	-0.146	-0.413
0	-8.637	-0.143	-0.416
0	-8.632	-0.140	-0.418
0	-8.628	-0.137	-0.420
0	-8.623	-0.135	-0.422
0	-8.617	-0.133	-0.425
0	-8.613	-0.132	-0.426
0	-8.609	-0.133	-0.427
0	-8.605	-0.133	-0.429
0	-8.601	-0.134	-0.430
0	-8.597	-0.135	-0.431
0	-8.593	-0.136	-0.433
0	-8.588	-0.138	-0.435
0	-8.584	-0.140	-0.436
0	-8.579	-0.142	-0.437
0	-8.574	-0.145	-0.439
0	-8.568	-0.147	-0.439
0	-8.563	-0.150	-0.440
0	-8.555	-0.153	-0.440
0	-8.548	-0.156	-0.439
0	-8.542	-0.158	-0.438
0	-8.535	-0.161	-0.436
0	-8.528	-0.164	-0.433
0	-8.522	-0.166	-0.431
0	-8.517	-0.168	-0.428
0	-8.513	-0.169	-0.425
0	-8.509	-0.171	-0.423
0	-8.505	-0.172	-0.419
0	-8.502	-0.173	-0.415
0	-8.501	-0.173	-0.413
0	-8.500	-0.174	-0.413
0	-8.500	-0.174	-0.412
0	-8.499	-0.174	-0.411
0	-8.496	-0.174	-0.408
0	-8.493	-0.175	-0.403
0	-8.490	-0.174	-0.398
0	-8.486	-0.174	-0.394
0	-8.482	-0.173	-0.389
0	-8.479	-0.173	-0.385
0	-8.474	-0.172	-0.381
0	-8.469	-0.172	-0.379
0	-8.465	-0.171	-0.378
0	-8.461	-0.171	-0.377
0	-8.456	-0.170	-0.378
0	-8.452	-0.169	-0.379
0	-8.447	-0.167	-0.381
0	-8.443	-0.165	-0.383
0	-8.438	-0.163	-0.385
0	-8.434	-0.159	-0.389
0	-8.430	-0.155	-0.393
0	-8.427	-0.151	-0.396
0	-8.424	-0.147	-0.400
0	-8.422	-0.142	-0.403
0	-8.421	-0.139	-0.405
0	-8.419	-0.133	-0.408
0	-8.418	-0.126	-0.410
0	-8.418	-0.122	-0.411
0	-8.419	-0.117	-0.412
0	-8.421	-0.110	-0.411
0	-8.423	-0.104	-0.409
0	-8.425	-0.099	-0.406
0	-8.427	-0.094	-0.403
0	-8.428	-0.090	-0.400
0	-8.429	-0.086	-0.396
0	-8.429	-0.082	-0.393
0	-8.430	-0.077	-0.389
0	-8.430	-0.073	-0.385
0	-8.430	-0.070	-0.382
0	-8.430	-0.066	-0.379
0	-8.430	-0.060	-0.374
0	-8.429	-0.052	-0.369
0	-8.428	-0.046	-0.366
0	-8.428	-0.042	-0.365
0	-8.428	-0.037	-0.363
0	-8.428	-0.031	-0.362
0	-8.429	-0.024	-0.360
0	-8.431	-0.018	-0.358
0	-8.432	-0.012	-0.357
0	-8.434	-0.006	-0.354
0	-8.435	-0.003	-0.352
0	-8.435	-0.001	-0.351
0	-8.435	-0.000	-0.351
0	-8.436	0.001	-0.350
0	-8.436	0.003	-0.350
0	-8.437	0.005	-0.349
0	-8.440	0.011	-0.345
0	-8.443	0.015	-0.343
0	-8.446	0.019	-0.341
0	-8.449	0.023	-0.339
0	-8.453	0.028	-0.338
0	-8.457	0.031	-0.336
0	-8.462	0.034	-0.335
0	-8.467	0.036	-0.334
0	-8.472	0.038	-0.333
0	-8.477	0.040	-0.332
0	-8.484	0.041	-0.330
0	-8.490	0.042	-0.329
0	-8.495	0.043	-0.328
0	-8.501	0.044	-0.327
0	-8.507	0.044	-0.326
0	-8.514	0.044	-0.325
0	-8.520	0.045	-0.324
0	-8.525	0.045	-0.322
0	-8.531	0.045	-0.320
0	-8.536	0.045	-0.319
0	-8.541	0.045	-0.318
0	-8.548	0.046	-0.317
0	-8.554	0.047	-0.315
0	-8.560	0.048	-0.314
0	-8.566	0.050	-0.313
0	-8.572	0.052	-0.312
0	-8.578	0.056	-0.310
0	-8.583	0.059	-0.310
0	-8.587	0.063	-0.309
0	-8.592	0.068	-0.308
0	-8.597	0.074	-0.307
0	-8.599	0.077	-0.307
0	-8.600	0.078	-0.306
0	-8.600	0.079	-0.306
0	-8.601	0.080	-0.306
0	-8.601	0.081	-0.306
0	-8.604	0.086	-0.306
0	-8.607	0.092	-0.304
0	-8.608	0.098	-0.303
0	-8.609	0.103	-0.300
0	-8.609	0.107	-0.298
0	-8.609	0.111	-0.295
0	-8.609	0.115	-0.292
0	-8.608	0.118	-0.287
0	-8.606	0.121	-0.283
0	-8.604	0.124	-0.277
0	-8.601	0.126	-0.274
0	-8.597	0.127	-0.270
0	-8.593	0.127	-0.268
0	-8.588	0.126	-0.266
0	-8.583	0.125	-0.265
0	-8.578	0.124	-0.266
0	-8.574	0.123	-0.267
0	-8.569	0.121	-0.270
0	-8.565	0.120	-0.273
0	-8.562	0.119	-0.278
0	-8.560	0.119	-0.282
0	-8.559	0.119	-0.287
0	-8.558	0.119	-0.293
0	-8.559	0.119	-0.297
0	-8.559	0.119	-0.299
0	-8.560	0.119	-0.300
0	-8.560	0.119	-0.301
0	-8.560	0.119	-0.301
0	-8.562	0.119	-0.305
0	-8.564	0.120	-0.310
0	-8.566	0.122	-0.314
0	-8.569	0.124	-0.317
0	-8.572	0.127	-0.321
0	-8.576	0.131	-0.325
0	-8.580	0.135	-0.329
0	-8.585	0.140	-0.333
0	-8.588	0.143	-0.335
0	-8.591	0.147	-0.337
0	-8.595	0.151	-0.339
0	-8.598	0.156	-0.340
0	-8.599	0.157	-0.340
0	-8.600	0.158	-0.341
0	-8.601	0.159	-0.341
0	-8.601	0.159	-0.341
0	-8.604	0.163	-0.341
0	-8.608	0.167	-0.340
0	-8.611	0.171	-0.338
0	-8.614	0.174	-0.336
0	-8.618	0.177	-0.332
0	-8.621	0.180	-0.326
0	-8.623	0.181	-0.322
0	-8.624	0.182	-0.317
0	-8.625	0.182	-0.311
0	-8.625	0.182	-0.307
0	-8.625	0.181	-0.303
0	-8.624	0.180	-0.298
0	-8.623	0.179	-0.294
0	-8.621	0.178	-0.289
0	-8.619	0.177	-0.282
0	-8.616	0.176	-0.276
0	-8.612	0.177	-0.270
0	-8.608	0.177	-0.266
0	-8.604	0.178	-0.262
0	-8.598	0.178	-0.259
0	-8.592	0.179	-0.258
0	-8.586	0.180	-0.258
0	-8.579	0.182	-0.260
0	-8.574	0.184	-0.263
0	-8.570	0.185	-0.266
0	-8.568	0.187	-0.271
0	-8.566	0.188	-0.275
0	-8.566	0.190	-0.279
0	-8.566	0.191	-0.283
0	-8.567	0.193	-0.288
0	-8.570	0.194	-0.292
0	-8.574	0.196	-0.297
0	-8.577	0.196	-0.298
0	-8.579	0.197	-0.300
0	-8.580	0.197	-0.300
0	-8.581	0.197	-0.300
0	-8.582	0.197	-0.301
0	-8.586	0.197	-0.302
0	-8.590	0.197	-0.304
0	-8.598	0.197	-0.307
0	-8.599	0.197	-0.307
0	-8.600	0.197	-0.307
0	-8.601	0.197	-0.308
0	-8.602	0.197	-0.308
0	-8.606	0.198	-0.308
0	-8.610	0.199	-0.308
0	-8.615	0.199	-0.307
0	-8.621	0.200	-0.304
0	-8.627	0.201	-0.300
0	-8.627	0.201	-0.300
0	-8.628	0.201	-0.299
0	-8.629	0.201	-0.299
0	-8.632	0.201	-0.296
0	-8.637	0.202	-0.293
0	-8.641	0.203	-0.290
0	-8.645	0.205	-0.288
0	-8.649	0.208	-0.285
0	-8.653	0.211	-0.284
0	-8.657	0.215	-0.282
0	-8.660	0.219	-0.282
0	-8.663	0.223	-0.282
0	-8.666	0.227	-0.282
0	-8.669	0.233	-0.283
0	-8.671	0.239	-0.285
0	-8.674	0.245	-0.287
0	-8.676	0.250	-0.288
0	-8.678	0.255	-0.291
0	-8.681	0.261	-0.293
0	-8.683	0.267	-0.296
0	-8.685	0.273	-0.299
0	-8.686	0.275	-0.299
0	-8.686	0.276	-0.300
0	-8.686	0.277	-0.300
0	-8.687	0.278	-0.301
0	-8.687	0.281	-0.302
0	-8.689	0.285	-0.304
0	-8.691	0.290	-0.306
0	-8.693	0.295	-0.307
0	-8.695	0.299	-0.308
0	-8.697	0.303	-0.309
0	-8.699	0.305	-0.309
0	-8.700	0.307	-0.309
0	-8.701	0.307	-0.309
0	-8.701	0.308	-0.309
0	-8.705	0.312	-0.310
0	-8.709	0.315	-0.310
0	-8.713	0.319	-0.312
0	-8.718	0.322	-0.314
0	-8.724	0.325	-0.317
0	-8.729	0.327	-0.320
0	-8.736	0.328	-0.324
0	-8.742	0.328	-0.328
0	-8.747	0.327	-0.331
0	-8.752	0.326	-0.335
0	-8.757	0.323	-0.339
0	-8.762	0.320	-0.343
0	-8.766	0.316	-0.347
0	-8.769	0.311	-0.351
0	-8.772	0.306	-0.356
0	-8.774	0.300	-0.360
0	-8.775	0.294	-0.363
0	-8.776	0.290	-0.364
0	-8.776	0.286	-0.364
0	-8.777	0.280	-0.364
0	-8.777	0.275	-0.364
0	-8.778	0.266	-0.361
0	-8.778	0.261	-0.358
0	-8.779	0.255	-0.353
0	-8.779	0.250	-0.348
0	-8.780	0.244	-0.341
0	-8.781	0.241	-0.337
0	-8.781	0.238	-0.333
0	-8.781	0.236	-0.329
0	-8.781	0.234	-0.325
0	-8.781	0.232	-0.321
0	-8.780	0.230	-0.315
0	-8.780	0.227	-0.309
0	-8.779	0.225	-0.303
0	-8.778	0.222	-0.297
0	-8.777	0.219	-0.292
0	-8.776	0.216	-0.287
0	-8.775	0.212	-0.283
0	-8.774	0.209	-0.279
0	-8.773	0.205	-0.276
0	-8.772	0.202	-0.272
0	-8.772	0.197	-0.269
0	-8.772	0.192	-0.266
0	-8.771	0.187	-0.263
0	-8.771	0.180	-0.262
0	-8.770	0.174	-0.260
0	-8.769	0.169	-0.260
0	-8.768	0.162	-0.259
0	-8.766	0.156	-0.260
0	-8.764	0.150	-0.261
0	-8.762	0.144	-0.263
0	-8.760	0.138	-0.265
0	-8.757	0.133	-0.266
0	-8.754	0.127	-0.267
0	-8.751	0.122	-0.266
0	-8.748	0.117	-0.265
0	-8.743	0.111	-0.262
0	-8.740	0.106	-0.260
0	-8.737	0.101	-0.258
0	-8.736	0.100	-0.258
0	-8.736	0.099	-0.257
0	-8.735	0.099	-0.257
0	-8.732	0.095	-0.255
0	-8.729	0.091	-0.253
0	-8.726	0.087	-0.252
0	-8.722	0.082	-0.251
0	-8.718	0.077	-0.251
0	-8.714	0.072	-0.253
0	-8.710	0.069	-0.255
0	-8.706	0.065	-0.258
0	-8.703	0.062	-0.262
0	-8.701	0.059	-0.267
0	-8.700	0.057	-0.271
0	-8.699	0.055	-0.275
0	-8.699	0.054	-0.279
0	-8.699	0.053	-0.283
0	-8.699	0.052	-0.287
0	-8.699	0.050	-0.291
0	-8.700	0.050	-0.295
0	-8.700	0.049	-0.298
0	-8.701	0.049	-0.300
0	-8.701	0.049	-0.301
0	-8.701	0.049	-0.302
0	-8.702	0.048	-0.306
0	-8.703	0.047	-0.312
0	-8.704	0.047	-0.318
0	-8.704	0.046	-0.324
0	-8.705	0.045	-0.329
0	-8.705	0.043	-0.335
0	-8.705	0.042	-0.339
0	-8.704	0.041	-0.343
0	-8.703	0.040	-0.348
0	-8.701	0.039	-0.353
0	-8.700	0.039	-0.354
0	-8.700	0.039	-0.355
0	-8.700	0.039	-0.356
0	-8.699	0.039	-0.357
0	-8.698	0.038	-0.361
0	-8.697	0.037	-0.367
0	-8.696	0.036	-0.372
0	-8.695	0.036	-0.377
0	-8.694	0.036	-0.382
0	-8.693	0.036	-0.387
0	-8.693	0.035	-0.394
0	-8.693	0.033	-0.398
0	-8.693	0.032	-0.402
0	-8.693	0.030	-0.406
0	-8.694	0.027	-0.411
0	-8.695	0.022	-0.417
0	-8.697	0.017	-0.422
0	-8.699	0.013	-0.425
0	-8.700	0.011	-0.425
0	-8.701	0.009	-0.426
0	-8.702	0.007	-0.427
0	-8.705	0.000	-0.429
0	-8.707	-0.005	-0.430
0	-8.708	-0.011	-0.430
0	-8.710	-0.017	-0.431
0	-8.711	-0.021	-0.431
0	-8.711	-0.025	-0.432
0	-8.712	-0.029	-0.433
0	-8.712	-0.036	-0.434
0	-8.711	-0.042	-0.435
0	-8.711	-0.047	-0.437
0	-8.710	-0.051	-0.438
0	-8.709	-0.055	-0.439
0	-8.709	-0.060	-0.441
0	-8.708	-0.064	-0.444
0	-8.706	-0.070	-0.448
0	-8.705	-0.074	-0.451
0	-8.703	-0.079	-0.455
0	-8.702	-0.084	-0.459
0	-8.702	-0.089	-0.463
0	-8.702	-0.094	-0.468
0	-8.702	-0.099	-0.473
0	-8.703	-0.104	-0.478
0	-8.703	-0.109	-0.483
0	-8.704	-0.112	-0.488
0	-8.705	-0.116	-0.493
0	-8.705	-0.118	-0.497
0	-8.706	-0.119	-0.502
0	-8.706	-0.121	-0.508
0	-8.707	-0.122	-0.514
0	-8.708	-0.123	-0.519
0	-8.709	-0.124	-0.526
0	-8.710	-0.125	-0.532
0	-8.712	-0.126	-0.538
0	-8.714	-0.127	-0.544
0	-8.716	-0.128	-0.551
0	-8.718	-0.128	-0.556
0	-8.720	-0.129	-0.561
0	-8.722	-0.130	-0.566
0	-8.724	-0.131	-0.572
0	-8.727	-0.132	-0.578
0	-8.730	-0.133	-0.582
0	-8.734	-0.135	-0.588
0	-8.738	-0.137	-0.593
0	-8.743	-0.139	-0.597
0	-8.749	-0.142	-0.601
0	-8.756	-0.144	-0.604
0	-8.762	-0.148	-0.605
0	-8.769	-0.152	-0.605
0	-8.774	-0.156	-0.604
0	-8.779	-0.160	-0.602
0	-8.783	-0.164	-0.599
0	-8.786	-0.167	-0.597
0	-8.789	-0.170	-0.594
0	-8.791	-0.174	-0.590
0	-8.792	-0.179	-0.585
0	-8.793	-0.182	-0.580
0	-8.793	-0.186	-0.575
0	-8.793	-0.188	-0.570
0	-8.792	-0.191	-0.564
0	-8.791	-0.194	-0.559
0	-8.788	-0.197	-0.553
0	-8.787	-0.199	-0.549
0	-8.784	-0.200	-0.545
0	-8.781	-0.202	-0.540
0	-8.777	-0.203	-0.536
0	-8.773	-0.204	-0.532
0	-8.767	-0.205	-0.527
0	-8.760	-0.206	-0.523
0	-8.754	-0.206	-0.520
0	-8.749	-0.207	-0.518
0	-8.742	-0.207	-0.516
0	-8.734	-0.208	-0.515
0	-8.728	-0.209	-0.514
0	-8.723	-0.210	-0.513
0	-8.717	-0.211	-0.512
0	-8.712	-0.213	-0.511
0	-8.709	-0.214	-0.511
0	-8.705	-0.216	-0.511
0	-8.701	-0.218	-0.511
0	-8.700	-0.218	-0.511
0	-8.699	-0.219	-0.511
0	-8.698	-0.219	-0.511
0	-8.694	-0.222	-0.510
0	-8.688	-0.226	-0.508
0	-8.683	-0.230	-0.506
0	-8.679	-0.234	-0.503
0	-8.673	-0.238	-0.500
0	-8.669	-0.243	-0.498
0	-8.665	-0.247	-0.496
0	-8.662	-0.251	-0.494
0	-8.658	-0.256	-0.492
0	-8.653	-0.262	-0.490
0	-8.648	-0.267	-0.488
0	-8.642	-0.273	-0.485
0	-8.637	-0.276	-0.483
0	-8.631	-0.280	-0.480
0	-8.625	-0.282	-0.478
0	-8.617	-0.284	-0.475
0	-8.610	-0.286	-0.474
0	-8.604	-0.288	-0.472
0	-8.602	-0.289	-0.472
0	-8.600	-0.289	-0.472
0	-8.600	-0.290	-0.471
0	-8.599	-0.290	-0.471
0	-8.598	-0.290	-0.471
0	-8.596	-0.291	-0.471
0	-8.591	-0.292	-0.470
0	-8.586	-0.293	-0.470
0	-8.581	-0.294	-0.470
0	-8.574	-0.295	-0.472
0	-8.569	-0.297	-0.475
0	-8.564	-0.298	-0.479
0	-8.562	-0.299	-0.481
0	-8.561	-0.300	-0.482
0	-8.560	-0.300	-0.482
0	-8.560	-0.300	-0.483
0	-8.559	-0.300	-0.484
0	-8.556	-0.301	-0.488
0	-8.554	-0.302	-0.491
0	-8.551	-0.303	-0.496
0	-8.548	-0.303	-0.500
0	-8.546	-0.304	-0.503
0	-8.544	-0.304	-0.507
0	-8.541	-0.304	-0.512
0	-8.539	-0.304	-0.516
0	-8.536	-0.305	-0.522
0	-8.533	-0.304	-0.527
0	-8.530	-0.304	-0.533
0	-8.526	-0.303	-0.538
0	-8.523	-0.302	-0.543
0	-8.518	-0.300	-0.549
0	-8.514	-0.298	-0.556
0	-8.510	-0.297	-0.562
0	-8.507	-0.296	-0.567
0	-8.505	-0.296	-0.571
0	-8.503	-0.295	-0.575
0	-8.501	-0.294	-0.579
0	-8.500	-0.293	-0.582
0	-8.500	-0.292	-0.583
0	-8.500	-0.292	-0.584
0	-8.499	-0.292	-0.585
0	-8.499	-0.289	-0.589
0	-8.499	-0.286	-0.594
0	-8.500	-0.283	-0.598
0	-8.500	-0.282	-0.599
0	-8.500	-0.281	-0.599
0	-8.501	-0.281	-0.600
0	-8.501	-0.280	-0.601
0	-8.501	-0.279	-0.601
0	-8.504	-0.276	-0.605
0	-8.507	-0.273	-0.608
0	-8.510	-0.270	-0.610
0	-8.514	-0.267	-0.611
0	-8.519	-0.264	-0.612
0	-8.527	-0.261	-0.612
0	-8.536	-0.260	-0.612
0	-8.544	-0.259	-0.612
0	-8.552	-0.259	-0.612
0	-8.558	-0.259	-0.611
0	-8.563	-0.260	-0.610
0	-8.570	-0.262	-0.608
0	-8.575	-0.264	-0.607
0	-8.579	-0.266	-0.606
0	-8.583	-0.267	-0.604
0	-8.587	-0.269	-0.603
0	-8.591	-0.271	-0.601
0	-8.592	-0.271	-0.600
0	-8.593	-0.272	-0.600
0	-8.594	-0.272	-0.599
0	-8.596	-0.273	-0.598
0	-8.602	-0.275	-0.594
0	-8.607	-0.277	-0.590
0	-8.611	-0.279	-0.586
0	-8.615	-0.281	-0.582
0	-8.619	-0.283	-0.578
0	-8.622	-0.284	-0.574
0	-8.625	-0.286	-0.570
0	-8.629	-0.287	-0.566
0	-8.634	-0.289	-0.562
0	-8.639	-0.290	-0.557
0	-8.644	-0.290	-0.551
0	-8.647	-0.289	-0.548
0	-8.651	-0.289	-0.545
0	-8.654	-0.288	-0.542
0	-8.658	-0.288	-0.539
0	-8.662	-0.287	-0.536
0	-8.666	-0.286	-0.533
0	-8.671	-0.285	-0.532
0	-8.677	-0.283	-0.530
0	-8.683	-0.281	-0.529
0	-8.690	-0.278	-0.530
0	-8.695	-0.275	-0.531
0	-8.698	-0.274	-0.532
0	-8.700	-0.272	-0.533
0	-8.700	-0.272	-0.533
0	-8.701	-0.271	-0.534
0	-8.701	-0.271	-0.534
0	-8.704	-0.269	-0.535
0	-8.707	-0.266	-0.537
0	-8.711	-0.263	-0.538
0	-8.715	-0.257	-0.539
0	-8.719	-0.253	-0.539
0	-8.721	-0.249	-0.539
0	-8.724	-0.245	-0.539
0	-8.726	-0.240	-0.538
0	-8.727	-0.234	-0.538
0	-8.728	-0.226	-0.537
0	-8.728	-0.221	-0.537
0	-8.728	-0.216	-0.537
0	-8.727	-0.210	-0.538
0	-8.726	-0.205	-0.540
0	-8.725	-0.201	-0.543
0	-8.724	-0.197	-0.546
0	-8.724	-0.193	-0.549
0	-8.725	-0.188	-0.554
0	-8.725	-0.183	-0.559
0	-8.726	-0.180	-0.563
0	-8.727	-0.175	-0.567
0	-8.729	-0.172	-0.571
0	-8.731	-0.168	-0.574
0	-8.734	-0.163	-0.578
0	-8.739	-0.158	-0.581
0	-8.743	-0.154	-0.582
0	-8.750	-0.149	-0.582
0	-8.755	-0.146	-0.580
0	-8.761	-0.144	-0.577
0	-8.765	-0.143	-0.574
0	-8.769	-0.142	-0.570
0	-8.772	-0.142	-0.566
0	-8.774	-0.142	-0.562
0	-8.776	-0.143	-0.557
0	-8.777	-0.143	-0.553
0	-8.778	-0.144	-0.548
0	-8.779	-0.145	-0.543
0	-8.778	-0.147	-0.535
0	-8.776	-0.148	-0.529
0	-8.774	-0.150	-0.525
0	-8.770	-0.151	-0.520
0	-8.766	-0.153	-0.515
0	-8.762	-0.154	-0.511
0	-8.757	-0.155	-0.507
0	-8.750	-0.156	-0.503
0	-8.744	-0.157	-0.502
0	-8.739	-0.158	-0.501
0	-8.734	-0.159	-0.502
0	-8.729	-0.159	-0.503
0	-8.722	-0.159	-0.506
0	-8.715	-0.159	-0.509
0	-8.708	-0.157	-0.513
0	-8.700	-0.153	-0.517
0	-8.700	-0.153	-0.517
0	-8.699	-0.152	-0.518
0	-8.698	-0.151	-0.518
0	-8.696	-0.150	-0.519
0	-8.693	-0.148	-0.520
0	-8.690	-0.145	-0.522
0	-8.686	-0.143	-0.523
0	-8.681	-0.139	-0.524
0	-8.676	-0.136	-0.526
0	-8.671	-0.133	-0.528
0	-8.667	-0.131	-0.529
0	-8.663	-0.129	-0.531
0	-8.659	-0.127	-0.532
0	-8.653	-0.123	-0.533
0	-8.647	-0.119	-0.534
0	-8.641	-0.114	-0.532
0	-8.637	-0.110	-0.530
0	-8.633	-0.107	-0.528
0	-8.629	-0.104	-0.525
0	-8.625	-0.101	-0.521
0	-8.624	-0.100	-0.521
0	-8.624	-0.099	-0.520
0	-8.623	-0.099	-0.519
0	-8.618	-0.097	-0.516
0	-8.614	-0.095	-0.514
0	-8.610	-0.094	-0.512
0	-8.605	-0.093	-0.512
0	-8.601	-0.092	-0.512
0	-8.597	-0.092	-0.513
0	-8.590	-0.090	-0.518
0	-8.587	-0.088	-0.523
0	-8.585	-0.086	-0.529
0	-8.584	-0.084	-0.534
0	-8.584	-0.082	-0.540
0	-8.585	-0.080	-0.547
0	-8.586	-0.079	-0.552
0	-8.588	-0.078	-0.557
0	-8.590	-0.077	-0.560
0	-8.593	-0.077	-0.564
0	-8.598	-0.076	-0.569
0	-8.604	-0.075	-0.573
0	-8.610	-0.075	-0.575
0	-8.615	-0.075	-0.576
0	-8.622	-0.076	-0.575
0	-8.629	-0.078	-0.573
0	-8.634	-0.079	-0.571
0	-8.639	-0.080	-0.569
0	-8.645	-0.082	-0.566
0	-8.650	-0.083	-0.563
0	-8.655	-0.086	-0.559
0	-8.661	-0.090	-0.555
0	-8.665	-0.093	-0.551
0	-8.667	-0.098	-0.546
0	-8.668	-0.099	-0.544
0	-8.669	-0.100	-0.543
0	-8.669	-0.101	-0.542
0	-8.669	-0.101	-0.542
0	-8.670	-0.103	-0.540
0	-8.671	-0.104	-0.538
0	-8.673	-0.107	-0.534
0	-8.676	-0.110	-0.530
0	-8.679	-0.113	-0.526
0	-8.682	-0.115	-0.522
0	-8.685	-0.119	-0.517
0	-8.688	-0.123	-0.512
0	-8.690	-0.128	-0.506
0	-8.692	-0.131	-0.502
0	-8.693	-0.135	-0.499
0	-8.695	-0.142	-0.496
0	-8.696	-0.147	-0.494
0	-8.696	-0.153	-0.492
0	-8.696	-0.159	-0.492
0	-8.697	-0.164	-0.492
0	-8.697	-0.167	-0.492
0	-8.697	-0.171	-0.492
0	-8.698	-0.175	-0.492
0	-8.698	-0.179	-0.492
0	-8.699	-0.184	-0.492
0	-8.700	-0.187	-0.492
0	-8.701	-0.191	-0.493
0	-8.704	-0.197	-0.493
0	-8.705	-0.200	-0.493
0	-8.707	-0.202	-0.493
0	-8.708	-0.205	-0.493
0	-8.713	-0.210	-0.492
0	-8.718	-0.216	-0.490
0	-8.722	-0.219	-0.487
0	-8.726	-0.222	-0.485
0	-8.730	-0.224	-0.482
0	-8.735	-0.225	-0.479
0	-8.741	-0.227	-0.475
0	-8.745	-0.228	-0.471
0	-8.749	-0.228	-0.467
0	-8.753	-0.229	-0.463
0	-8.757	-0.230	-0.458
0	-8.761	-0.231	-0.454
0	-8.765	-0.231	-0.450
0	-8.769	-0.233	-0.446
0	-8.774	-0.234	-0.442
0	-8.779	-0.237	-0.438
0	-8.783	-0.238	-0.436
0	-8.786	-0.240	-0.434
0	-8.791	-0.244	-0.431
0	-8.797	-0.248	-0.429
0	-8.799	-0.250	-0.428
0	-8.800	-0.251	-0.428
0	-8.801	-0.252	-0.427
0	-8.802	-0.254	-0.427
0	-8.806	-0.259	-0.425
0	-8.809	-0.266	-0.423
0	-8.811	-0.271	-0.422
0	-8.811	-0.275	-0.422
0	-8.812	-0.279	-0.421
0	-8.812	-0.284	-0.421
0	-8.812	-0.289	-0.421
0	-8.812	-0.295	-0.421
0	-8.811	-0.299	-0.421
0	-8.811	-0.302	-0.421
0	-8.810	-0.306	-0.421
0	-8.809	-0.310	-0.422
0	-8.808	-0.316	-0.424
0	-8.807	-0.321	-0.425
0	-8.806	-0.327	-0.428
0	-8.804	-0.334	-0.432
0	-8.802	-0.339	-0.436
0	-8.801	-0.342	-0.439
0	-8.800	-0.343	-0.440
0	-8.800	-0.343	-0.441
0	-8.800	-0.344	-0.441
0	-8.799	-0.345	-0.442
0	-8.798	-0.347	-0.444
0	-8.797	-0.349	-0.447
0	-8.796	-0.351	-0.451
0	-8.795	-0.353	-0.455
0	-8.794	-0.355	-0.459
0	-8.794	-0.357	-0.464
0	-8.795	-0.358	-0.468
0	-8.796	-0.359	-0.473
0	-8.800	-0.360	-0.478
0	-8.800	-0.360	-0.479
0	-8.801	-0.360	-0.480
0	-8.801	-0.360	-0.481
0	-8.805	-0.361	-0.484
0	-8.809	-0.362	-0.488
0	-8.813	-0.362	-0.492
0	-8.816	-0.363	-0.495
0	-8.819	-0.363	-0.498
0	-8.820	-0.363	-0.499
0	-8.820	-0.363	-0.500
0	-8.821	-0.363	-0.501
0	-8.821	-0.364	-0.501
0	-8.824	-0.364	-0.505
0	-8.829	-0.366	-0.510
0	-8.833	-0.368	-0.513
0	-8.837	-0.371	-0.516
0	-8.841	-0.374	-0.519
0	-8.846	-0.378	-0.522
0	-8.850	-0.380	-0.523
0	-8.855	-0.382	-0.524
0	-8.859	-0.384	-0.524
0	-8.866	-0.387	-0.524
0	-8.872	-0.390	-0.523
0	-8.878	-0.393	-0.520
0	-8.883	-0.397	-0.517
0	-8.887	-0.400	-0.513
0	-8.891	-0.403	-0.509
0	-8.893	-0.406	-0.505
0	-8.894	-0.408	-0.502
0	-8.895	-0.409	-0.500
0	-8.896	-0.410	-0.499
0	-8.896	-0.411	-0.498
0	-8.897	-0.412	-0.496
0	-8.899	-0.415	-0.493
0	-8.899	-0.416	-0.491
0	-8.900	-0.416	-0.490
0	-8.900	-0.416	-0.490
0	-8.900	-0.417	-0.489
0	-8.901	-0.417	-0.488
0	-8.903	-0.420	-0.484
0	-8.904	-0.422	-0.481
0	-8.905	-0.424	-0.477
0	-8.906	-0.428	-0.473
0	-8.906	-0.432	-0.468
0	-8.905	-0.437	-0.465
0	-8.903	-0.442	-0.461
0	-8.901	-0.445	-0.460
0	-8.900	-0.447	-0.459
0	-8.899	-0.448	-0.459
0	-8.899	-0.449	-0.459
0	-8.895	-0.455	-0.458
0	-8.892	-0.460	-0.457
0	-8.889	-0.464	-0.457
0	-8.886	-0.467	-0.457
0	-8.883	-0.472	-0.457
0	-8.879	-0.476	-0.457
0	-8.876	-0.480	-0.456
0	-8.873	-0.484	-0.456
0	-8.870	-0.487	-0.455
0	-8.867	-0.490	-0.454
0	-8.864	-0.493	-0.453
0	-8.859	-0.498	-0.452
0	-8.858	-0.500	-0.451
0	-8.858	-0.500	-0.451
0	-8.857	-0.501	-0.451
0	-8.856	-0.501	-0.451
0	-8.852	-0.505	-0.452
0	-8.848	-0.508	-0.453
0	-8.844	-0.510	-0.456
0	-8.842	-0.512	-0.459
0	-8.839	-0.513	-0.462
0	-8.836	-0.513	-0.467
0	-8.834	-0.514	-0.472
0	-8.832	-0.514	-0.478
0	-8.831	-0.513	-0.483
0	-8.831	-0.512	-0.490
0	-8.831	-0.511	-0.494
0	-8.831	-0.510	-0.499
0	-8.831	-0.510	-0.500
0	-8.832	-0.510	-0.500
0	-8.832	-0.509	-0.501
0	-8.832	-0.509	-0.502
0	-8.832	-0.507	-0.506
0	-8.833	-0.504	-0.511
0	-8.833	-0.502	-0.514
0	-8.833	-0.501	-0.516
0	-8.834	-0.500	-0.517
0	-8.834	-0.499	-0.518
0	-8.834	-0.499	-0.519
0	-8.834	-0.498	-0.520
0	-8.835	-0.495	-0.523
0	-8.836	-0.493	-0.526
0	-8.838	-0.490	-0.530
0	-8.843	-0.482	-0.538
0	-8.845	-0.479	-0.541
0	-8.848	-0.475	-0.543
0	-8.850	-0.470	-0.546
0	-8.852	-0.464	-0.549
0	-8.853	-0.458	-0.551
0	-8.853	-0.452	-0.553
0	-8.853	-0.445	-0.556
0	-8.853	-0.438	-0.559
0	-8.854	-0.433	-0.562
0	-8.854	-0.427	-0.565
0	-8.855	-0.422	-0.568
0	-8.857	-0.417	-0.571
0	-8.858	-0.412	-0.574
0	-8.860	-0.406	-0.577
0	-8.861	-0.401	-0.579
0	-8.862	-0.395	-0.581
0	-8.864	-0.389	-0.583
0	-8.865	-0.382	-0.585
0	-8.866	-0.375	-0.586
0	-8.867	-0.367	-0.588
0	-8.868	-0.362	-0.589
0	-8.869	-0.356	-0.590
0	-8.870	-0.350	-0.590
0	-8.873	-0.345	-0.591
0	-8.875	-0.341	-0.590
0	-8.877	-0.337	-0.590
0	-8.881	-0.333	-0.589
0	-8.883	-0.329	-0.588
0	-8.886	-0.325	-0.587
0	-8.889	-0.321	-0.585
0	-8.893	-0.313	-0.581
0	-8.895	-0.309	-0.579
0	-8.898	-0.305	-0.576
0	-8.900	-0.301	-0.573
0	-8.901	-0.300	-0.572
0	-8.901	-0.299	-0.571
0	-8.902	-0.299	-0.570
0	-8.905	-0.295	-0.566
0	-8.909	-0.291	-0.563
0	-8.912	-0.287	-0.559
0	-8.915	-0.284	-0.555
0	-8.918	-0.280	-0.551
0	-8.921	-0.276	-0.546
0	-8.923	-0.273	-0.541
0	-8.926	-0.270	-0.537
0	-8.928	-0.266	-0.530
0	-8.930	-0.264	-0.525
0	-8.932	-0.262	-0.518
0	-8.934	-0.258	-0.510
0	-8.934	-0.256	-0.505
0	-8.934	-0.255	-0.501
0	-8.934	-0.254	-0.500
0	-8.934	-0.254	-0.499
0	-8.934	-0.254	-0.498
0	-8.934	-0.252	-0.493
0	-8.932	-0.250	-0.488
0	-8.930	-0.248	-0.483
0	-8.926	-0.247	-0.477
0	-8.921	-0.246	-0.473
0	-8.918	-0.246	-0.469
0	-8.914	-0.245	-0.466
0	-8.910	-0.245	-0.463
0	-8.902	-0.246	-0.457
0	-8.895	-0.246	-0.454
0	-8.890	-0.246	-0.451
0	-8.884	-0.246	-0.449
0	-8.878	-0.246	-0.446
0	-8.873	-0.245	-0.445
0	-8.867	-0.243	-0.444
0	-8.860	-0.240	-0.443
0	-8.855	-0.237	-0.443
0	-8.849	-0.233	-0.443
0	-8.845	-0.229	-0.443
0	-8.842	-0.226	-0.444
0	-8.839	-0.223	-0.444
0	-8.836	-0.218	-0.445
0	-8.834	-0.213	-0.446
0	-8.832	-0.206	-0.447
0	-8.830	-0.198	-0.448
0	-8.829	-0.189	-0.449
0	-8.829	-0.182	-0.449
0	-8.828	-0.175	-0.449
0	-8.828	-0.169	-0.448
0	-8.828	-0.162	-0.447
0	-8.828	-0.156	-0.446
0	-8.828	-0.150	-0.445
0	-8.829	-0.145	-0.444
0	-8.830	-0.139	-0.444
0	-8.830	-0.135	-0.443
0	-8.831	-0.131	-0.443
0	-8.832	-0.126	-0.442
0	-8.834	-0.122	-0.441
0	-8.835	-0.116	-0.439
0	-8.836	-0.111	-0.438
0	-8.837	-0.105	-0.436
0	-8.837	-0.098	-0.434
0	-8.835	-0.092	-0.432
0	-8.834	-0.086	-0.431
0	-8.831	-0.081	-0.430
0	-8.829	-0.077	-0.429
0	-8.827	-0.074	-0.429
0	-8.822	-0.069	-0.429
0	-8.818	-0.066	-0.429
0	-8.812	-0.062	-0.429
0	-8.806	-0.061	-0.430
0	-8.801	-0.060	-0.431
0	-8.794	-0.059	-0.432
0	-8.787	-0.059	-0.434
0	-8.780	-0.060	-0.436
0	-8.774	-0.062	-0.438
0	-8.769	-0.065	-0.440
0	-8.763	-0.068	-0.442
0	-8.758	-0.071	-0.444
0	-8.751	-0.075	-0.448
0	-8.746	-0.079	-0.451
0	-8.741	-0.082	-0.454
0	-8.735	-0.085	-0.458
0	-8.731	-0.087	-0.460
0	-8.728	-0.089	-0.464
0	-8.725	-0.090	-0.467
0	-8.722	-0.091	-0.471
0	-8.719	-0.092	-0.477
0	-8.717	-0.093	-0.483
0	-8.715	-0.092	-0.490
0	-8.714	-0.092	-0.495
0	-8.714	-0.091	-0.499
0	-8.714	-0.091	-0.500
0	-8.714	-0.091	-0.501
0	-8.714	-0.091	-0.502
0	-8.713	-0.090	-0.506
0	-8.712	-0.088	-0.511
0	-8.711	-0.087	-0.515
0	-8.710	-0.085	-0.519
0	-8.708	-0.082	-0.524
0	-8.706	-0.080	-0.528
0	-8.703	-0.076	-0.533
0	-8.701	-0.073	-0.537
0	-8.700	-0.072	-0.538
0	-8.700	-0.071	-0.539
0	-8.699	-0.071	-0.539
0	-8.697	-0.067	-0.543
0	-8.695	-0.062	-0.545
0	-8.694	-0.057	-0.548
0	-8.695	-0.051	-0.549
0	-8.697	-0.045	-0.550
0	-8.698	-0.041	-0.550
0	-8.700	-0.038	-0.550
0	-8.700	-0.038	-0.549
0	-8.701	-0.036	-0.549
0	-8.701	-0.035	-0.549
0	-8.705	-0.030	-0.548
0	-8.710	-0.026	-0.546
0	-8.715	-0.022	-0.545
0	-8.720	-0.019	-0.545
0	-8.723	-0.016	-0.544
0	-8.727	-0.014	-0.544
0	-8.732	-0.012	-0.543
0	-8.737	-0.010	-0.542
0	-8.743	-0.007	-0.541
0	-8.748	-0.005	-0.539
0	-8.753	-0.002	-0.538
0	-8.758	0.003	-0.537
0	-8.762	0.009	-0.536
0	-8.764	0.016	-0.534
0	-8.765	0.022	-0.533
0	-8.765	0.027	-0.532
0	-8.765	0.031	-0.531
0	-8.764	0.036	-0.529
0	-8.763	0.042	-0.527
0	-8.762	0.047	-0.525
0	-8.760	0.054	-0.523
0	-8.760	0.059	-0.522
0	-8.759	0.066	-0.520
0	-8.759	0.071	-0.517
0	-8.759	0.078	-0.514
0	-8.759	0.083	-0.512
0	-8.759	0.087	-0.510
0	-8.759	0.092	-0.507
0	-8.759	0.095	-0.506
0	-8.760	0.099	-0.505
0	-8.760	0.100	-0.504
0	-8.760	0.103	-0.503
0	-8.760	0.105	-0.502
0	-8.761	0.109	-0.500
0	-8.762	0.113	-0.498
0	-8.762	0.121	-0.493
0	-8.761	0.127	-0.489
0	-8.759	0.132	-0.485
0	-8.755	0.138	-0.481
0	-8.751	0.143	-0.478
0	-8.746	0.148	-0.476
0	-8.742	0.150	-0.475
0	-8.738	0.153	-0.475
0	-8.732	0.155	-0.476
0	-8.726	0.158	-0.478
0	-8.721	0.159	-0.480
0	-8.714	0.161	-0.484
0	-8.710	0.162	-0.486
0	-8.705	0.162	-0.490
0	-8.702	0.162	-0.492
0	-8.701	0.161	-0.493
0	-8.700	0.161	-0.494
0	-8.699	0.161	-0.495
0	-8.699	0.161	-0.495
0	-8.696	0.161	-0.498
0	-8.694	0.161	-0.500
0	-8.694	0.161	-0.500
0	-8.693	0.161	-0.501
0	-8.693	0.160	-0.501
0	-8.690	0.160	-0.505
0	-8.686	0.161	-0.509
0	-8.683	0.161	-0.514
0	-8.680	0.162	-0.519
0	-8.675	0.164	-0.526
0	-8.672	0.166	-0.531
0	-8.670	0.169	-0.535
0	-8.668	0.173	-0.540
0	-8.666	0.177	-0.546
0	-8.666	0.182	-0.552
0	-8.667	0.187	-0.556
0	-8.668	0.191	-0.559
0	-8.671	0.196	-0.562
0	-8.674	0.201	-0.563
0	-8.679	0.206	-0.564
0	-8.682	0.210	-0.562
0	-8.686	0.215	-0.559
0	-8.689	0.219	-0.554
0	-8.691	0.223	-0.548
0	-8.692	0.225	-0.541
0	-8.691	0.225	-0.534
0	-8.690	0.225	-0.529
0	-8.688	0.224	-0.523
0	-8.685	0.223	-0.519
0	-8.682	0.222	-0.516
0	-8.678	0.221	-0.513
0	-8.672	0.220	-0.510
0	-8.667	0.219	-0.508
0	-8.662	0.219	-0.506
0	-8.656	0.218	-0.505
0	-8.650	0.218	-0.504
0	-8.642	0.219	-0.504
0	-8.636	0.219	-0.504
0	-8.631	0.220	-0.505
0	-8.626	0.220	-0.507
0	-8.621	0.222	-0.509
0	-8.615	0.224	-0.512
0	-8.610	0.226	-0.517
0	-8.606	0.230	-0.522
0	-8.604	0.235	-0.527
0	-8.603	0.239	-0.532
0	-8.604	0.243	-0.535
0	-8.606	0.247	-0.537
0	-8.608	0.251	-0.539
0	-8.611	0.257	-0.540
0	-8.615	0.263	-0.539
0	-8.618	0.268	-0.538
0	-8.621	0.273	-0.536
0	-8.625	0.277	-0.532
0	-8.628	0.280	-0.529
0	-8.631	0.283	-0.526
0	-8.634	0.285	-0.522
0	-8.638	0.286	-0.517
0	-8.642	0.288	-0.510
0	-8.645	0.289	-0.505
0	-8.648	0.291	-0.498
0	-8.650	0.293	-0.492
0	-8.651	0.295	-0.487
0	-8.652	0.297	-0.482
0	-8.652	0.300	-0.476
0	-8.652	0.303	-0.471
0	-8.652	0.307	-0.466
0	-8.651	0.310	-0.462
0	-8.651	0.315	-0.458
0	-8.651	0.320	-0.454
0	-8.650	0.325	-0.450
0	-8.650	0.330	-0.446
0	-8.650	0.336	-0.443
0	-8.648	0.342	-0.439
0	-8.647	0.346	-0.436
0	-8.644	0.351	-0.434
0	-8.642	0.356	-0.431
0	-8.639	0.359	-0.429
0	-8.636	0.362	-0.428
0	-8.632	0.365	-0.427
0	-8.628	0.368	-0.426
0	-8.622	0.371	-0.426
0	-8.617	0.373	-0.427
0	-8.610	0.376	-0.429
0	-8.604	0.379	-0.431
0	-8.598	0.382	-0.434
0	-8.594	0.383	-0.436
0	-8.589	0.386	-0.438
0	-8.585	0.389	-0.440
0	-8.581	0.392	-0.442
0	-8.577	0.396	-0.443
0	-8.573	0.400	-0.445
0	-8.569	0.406	-0.446
0	-8.564	0.411	-0.447
0	-8.560	0.415	-0.448
0	-8.556	0.419	-0.448
0	-8.551	0.423	-0.449
0	-8.547	0.427	-0.450
0	-8.542	0.431	-0.451
0	-8.537	0.435	-0.453
0	-8.533	0.439	-0.455
0	-8.529	0.444	-0.458
0	-8.525	0.448	-0.461
0	-8.522	0.453	-0.464
0	-8.518	0.457	-0.469
0	-8.515	0.462	-0.473
0	-8.513	0.466	-0.478
0	-8.511	0.471	-0.482
0	-8.510	0.476	-0.487
0	-8.509	0.480	-0.491
0	-8.509	0.484	-0.494
0	-8.510	0.488	-0.498
0	-8.510	0.490	-0.499
0	-8.510	0.491	-0.500
0	-8.510	0.492	-0.501
0	-8.510	0.492	-0.501
0	-8.510	0.497	-0.505
0	-8.510	0.500	-0.509
0	-8.509	0.504	-0.512
0	-8.509	0.508	-0.518
0	-8.508	0.511	-0.522
0	-8.506	0.513	-0.527
0	-8.505	0.515	-0.531
0	-8.504	0.516	-0.536
0	-8.503	0.517	-0.541
0	-8.502	0.517	-0.547
0	-8.501	0.516	-0.554
0	-8.500	0.515	-0.560
0	-8.500	0.513	-0.567
0	-8.500	0.512	-0.573
0	-8.500	0.511	-0.580
0	-8.500	0.511	-0.587
0	-8.500	0.511	-0.591
0	-8.500	0.511	-0.596
0	-8.500	0.511	-0.599
0	-8.500	0.511	-0.600
0	-8.500	0.511	-0.601
0	-8.501	0.511	-0.602
0	-8.501	0.512	-0.606
0	-8.503	0.513	-0.611
0	-8.504	0.514	-0.615
0	-8.507	0.516	-0.619
0	-8.510	0.518	-0.623
0	-8.513	0.520	-0.627
0	-8.517	0.522	-0.631
0	-8.524	0.524	-0.636
0	-8.531	0.526	-0.641
0	-8.537	0.526	-0.644
0	-8.542	0.526	-0.646
0	-8.547	0.525	-0.648
0	-8.553	0.523	-0.650
0	-8.560	0.521	-0.652
0	-8.565	0.517	-0.653
0	-8.569	0.515	-0.653
0	-8.574	0.511	-0.652
0	-8.577	0.507	-0.651
0	-8.579	0.503	-0.650
0	-8.580	0.501	-0.649
0	-8.580	0.500	-0.649
0	-8.581	0.498	-0.648
0	-8.581	0.497	-0.647
0	-8.581	0.494	-0.646
0	-8.581	0.490	-0.645
0	-8.580	0.485	-0.643
0	-8.578	0.480	-0.640
0	-8.575	0.476	-0.638
0	-8.572	0.472	-0.636
0	-8.567	0.467	-0.632
0	-8.562	0.464	-0.630
0	-8.558	0.462	-0.628
0	-8.553	0.459	-0.625
0	-8.546	0.456	-0.620
0	-8.541	0.454	-0.616
0	-8.537	0.452	-0.613
0	-8.533	0.451	-0.610
0	-8.528	0.449	-0.606
0	-8.522	0.448	-0.603
0	-8.516	0.446	-0.598
0	-8.510	0.445	-0.595
0	-8.506	0.444	-0.592
0	-8.501	0.442	-0.589
0	-8.497	0.441	-0.587
0	-8.492	0.439	-0.584
0	-8.488	0.436	-0.582
0	-8.483	0.433	-0.580
0	-8.478	0.430	-0.579
0	-8.472	0.427	-0.579
0	-8.466	0.425	-0.578
0	-8.460	0.423	-0.579
0	-8.454	0.422	-0.579
0	-8.448	0.423	-0.579
0	-8.442	0.423	-0.579
0	-8.437	0.424	-0.579
0	-8.432	0.425	-0.579
0	-8.429	0.426	-0.579
0	-8.425	0.426	-0.579
0	-8.421	0.427	-0.579
0	-8.417	0.428	-0.579
0	-8.412	0.429	-0.578
0	-8.407	0.431	-0.578
0	-8.403	0.432	-0.578
0	-8.401	0.433	-0.578
0	-8.400	0.433	-0.579
0	-8.399	0.433	-0.579
0	-8.398	0.434	-0.579
0	-8.395	0.435	-0.579
0	-8.392	0.437	-0.580
0	-8.387	0.440	-0.581
0	-8.383	0.444	-0.583
0	-8.378	0.448	-0.585
0	-8.373	0.455	-0.587
0	-8.369	0.461	-0.590
0	-8.367	0.466	-0.591
0	-8.365	0.471	-0.591
0	-8.362	0.477	-0.592
0	-8.360	0.482	-0.591
0	-8.357	0.487	-0.591
0	-8.354	0.491	-0.590
0	-8.350	0.495	-0.588
0	-8.346	0.498	-0.587
0	-8.340	0.501	-0.585
0	-8.334	0.502	-0.584
0	-8.328	0.502	-0.584
0	-8.322	0.502	-0.584
0	-8.315	0.501	-0.584
0	-8.308	0.501	-0.584
0	-8.302	0.501	-0.584
0	-8.296	0.502	-0.585
0	-8.291	0.502	-0.587
0	-8.286	0.503	-0.589
0	-8.281	0.503	-0.592
0	-8.277	0.504	-0.594
0	-8.273	0.505	-0.597
0	-8.269	0.506	-0.602
0	-8.265	0.509	-0.607
0	-8.261	0.512	-0.611
0	-8.258	0.516	-0.615
0	-8.254	0.521	-0.619
0	-8.251	0.526	-0.622
0	-8.249	0.531	-0.625
0	-8.247	0.535	-0.627
0	-8.246	0.539	-0.629
0	-8.245	0.545	-0.632
0	-8.246	0.550	-0.634
0	-8.248	0.555	-0.636
0	-8.251	0.561	-0.638
0	-8.255	0.566	-0.640
0	-8.260	0.570	-0.640
0	-8.265	0.573	-0.639
0	-8.271	0.576	-0.637
0	-8.275	0.577	-0.635
0	-8.279	0.578	-0.633
0	-8.283	0.579	-0.631
0	-8.286	0.579	-0.628
0	-8.291	0.579	-0.625
0	-8.294	0.579	-0.623
0	-8.298	0.578	-0.620
0	-8.303	0.577	-0.616
0	-8.308	0.575	-0.611
0	-8.311	0.573	-0.607
0	-8.314	0.571	-0.603
0	-8.317	0.569	-0.597
0	-8.319	0.567	-0.593
0	-8.320	0.565	-0.589
0	-8.320	0.562	-0.584
0	-8.320	0.560	-0.579
0	-8.320	0.557	-0.574
0	-8.319	0.554	-0.570
0	-8.317	0.551	-0.565
0	-8.315	0.548	-0.559
0	-8.313	0.545	-0.555
0	-8.311	0.543	-0.551
0	-8.307	0.540	-0.546
0	-8.303	0.538	-0.542
0	-8.298	0.537	-0.538
0	-8.294	0.536	-0.536
0	-8.290	0.535	-0.534
0	-8.285	0.535	-0.532
0	-8.281	0.535	-0.531
0	-8.275	0.536	-0.531
0	-8.269	0.537	-0.531
0	-8.263	0.538	-0.533
0	-8.258	0.539	-0.535
0	-8.254	0.541	-0.537
0	-8.250	0.542	-0.542
0	-8.247	0.544	-0.546
0	-8.244	0.546	-0.551
0	-8.243	0.547	-0.558
0	-8.242	0.549	-0.564
0	-8.242	0.550	-0.570
0	-8.242	0.552	-0.576
0	-8.242	0.554	-0.582
0	-8.242	0.556	-0.588
0	-8.244	0.558	-0.594
0	-8.246	0.561	-0.599
0	-8.251	0.565	-0.605
0	-8.254	0.568	-0.608
0	-8.258	0.572	-0.612
0	-8.263	0.575	-0.615
0	-8.270	0.578	-0.617
0	-8.276	0.579	-0.619
0	-8.282	0.579	-0.620
0	-8.287	0.578	-0.620
0	-8.291	0.576	-0.621
0	-8.295	0.574	-0.621
0	-8.299	0.571	-0.622
0	-8.304	0.567	-0.621
0	-8.307	0.564	-0.621
0	-8.310	0.560	-0.620
0	-8.314	0.554	-0.620
0	-8.316	0.548	-0.619
0	-8.317	0.543	-0.618
0	-8.318	0.538	-0.617
0	-8.318	0.533	-0.617
0	-8.319	0.528	-0.616
0	-8.319	0.522	-0.615
0	-8.319	0.516	-0.615
0	-8.319	0.510	-0.615
0	-8.319	0.505	-0.616
0	-8.319	0.502	-0.616
0	-8.319	0.500	-0.617
0	-8.319	0.497	-0.618
0	-8.319	0.495	-0.619
0	-8.319	0.490	-0.622
0	-8.320	0.486	-0.625
0	-8.322	0.482	-0.629
0	-8.325	0.479	-0.633
0	-8.328	0.477	-0.638
0	-8.332	0.476	-0.642
0	-8.336	0.475	-0.647
0	-8.340	0.475	-0.654
0	-8.342	0.476	-0.661
0	-8.343	0.477	-0.668
0	-8.344	0.478	-0.677
0	-8.344	0.478	-0.682
0	-8.344	0.478	-0.687
0	-8.343	0.479	-0.691
0	-8.343	0.478	-0.695
0	-8.342	0.478	-0.700
0	-8.342	0.478	-0.705
0	-8.342	0.477	-0.710
0	-8.342	0.476	-0.716
0	-8.343	0.474	-0.722
0	-8.344	0.473	-0.728
0	-8.344	0.471	-0.736
0	-8.344	0.471	-0.742
0	-8.344	0.471	-0.749
0	-8.343	0.472	-0.756
0	-8.341	0.474	-0.762
0	-8.339	0.476	-0.767
0	-8.337	0.479	-0.773
0	-8.334	0.481	-0.778
0	-8.332	0.484	-0.783
0	-8.330	0.488	-0.789
0	-8.328	0.491	-0.794
0	-8.328	0.492	-0.797
0	-8.327	0.493	-0.799
0	-8.327	0.494	-0.800
0	-8.327	0.495	-0.801
0	-8.327	0.495	-0.802
0	-8.326	0.498	-0.806
0	-8.326	0.499	-0.809
0	-8.326	0.500	-0.810
0	-8.326	0.501	-0.811
0	-8.327	0.501	-0.812
0	-8.327	0.505	-0.816
0	-8.328	0.508	-0.819
0	-8.329	0.513	-0.822
0	-8.330	0.517	-0.824
0	-8.330	0.522	-0.826
0	-8.332	0.528	-0.827
0	-8.333	0.534	-0.827
0	-8.334	0.540	-0.827
0	-8.335	0.546	-0.826
0	-8.335	0.552	-0.825
0	-8.336	0.557	-0.824
0	-8.337	0.563	-0.824
0	-8.339	0.570	-0.823
0	-8.340	0.576	-0.822
0	-8.342	0.582	-0.822
0	-8.345	0.588	-0.822
0	-8.347	0.594	-0.822
0	-8.350	0.599	-0.823
0	-8.353	0.606	-0.823
0	-8.356	0.614	-0.824
0	-8.359	0.619	-0.824
0	-8.361	0.626	-0.825
0	-8.364	0.632	-0.827
0	-8.366	0.638	-0.829
0	-8.369	0.645	-0.831
0	-8.371	0.651	-0.834
0	-8.373	0.655	-0.835
0	-8.375	0.659	-0.837
0	-8.378	0.663	-0.838
0	-8.382	0.667	-0.840
0	-8.386	0.671	-0.841
0	-8.391	0.675	-0.842
0	-8.398	0.679	-0.842
0	-8.405	0.681	-0.841
0	-8.412	0.682	-0.839
0	-8.417	0.682	-0.837
0	-8.423	0.682	-0.835
0	-8.429	0.681	-0.832
0	-8.435	0.680	-0.828
0	-8.439	0.679	-0.824
0	-8.443	0.678	-0.820
0	-8.446	0.678	-0.817
0	-8.449	0.677	-0.813
0	-8.453	0.677	-0.806
0	-8.456	0.676	-0.802
0	-8.458	0.676	-0.797
0	-8.461	0.675	-0.790
0	-8.463	0.675	-0.785
0	-8.465	0.674	-0.777
0	-8.465	0.674	-0.770
0	-8.466	0.673	-0.763
0	-8.465	0.673	-0.758
0	-8.465	0.672	-0.751
0	-8.463	0.673	-0.744
0	-8.462	0.673	-0.739
0	-8.460	0.675	-0.733
0	-8.459	0.676	-0.729
0	-8.456	0.677	-0.725
0	-8.454	0.679	-0.721
0	-8.450	0.681	-0.717
0	-8.445	0.682	-0.713
0	-8.438	0.682	-0.709
0	-8.433	0.682	-0.706
0	-8.426	0.681	-0.702
0	-8.423	0.680	-0.701
0	-8.422	0.680	-0.700
0	-8.421	0.680	-0.700
0	-8.420	0.680	-0.699
0	-8.417	0.679	-0.697
0	-8.413	0.677	-0.696
0	-8.408	0.675	-0.695
0	-8.402	0.673	-0.694
0	-8.400	0.672	-0.694
0	-8.400	0.672	-0.694
0	-8.399	0.671	-0.694
0	-8.398	0.671	-0.694
0	-8.394	0.668	-0.695
0	-8.389	0.665	-0.696
0	-8.385	0.661	-0.696
0	-8.382	0.657	-0.697
0	-8.379	0.653	-0.697
0	-8.376	0.649	-0.696
0	-8.374	0.644	-0.696
0	-8.372	0.641	-0.695
0	-8.370	0.637	-0.694
0	-8.368	0.632	-0.692
0	-8.366	0.628	-0.690
0	-8.365	0.623	-0.688
0	-8.363	0.616	-0.685
0	-8.361	0.609	-0.682
0	-8.360	0.602	-0.679
0	-8.360	0.600	-0.678
0	-8.360	0.599	-0.678
0	-8.359	0.598	-0.677
0	-8.359	0.595	-0.676
0	-8.356	0.589	-0.672
0	-8.353	0.586	-0.671
0	-8.350	0.583	-0.669
0	-8.347	0.581	-0.668
0	-8.340	0.578	-0.667
0	-8.335	0.578	-0.669
0	-8.330	0.578	-0.671
0	-8.325	0.578	-0.674
0	-8.322	0.579	-0.679
0	-8.319	0.580	-0.683
0	-8.317	0.581	-0.689
0	-8.317	0.581	-0.695
0	-8.317	0.581	-0.698
0	-8.317	0.581	-0.699
0	-8.317	0.581	-0.700
0	-8.317	0.581	-0.701
0	-8.317	0.581	-0.702
0	-8.317	0.581	-0.707
0	-8.317	0.580	-0.711
0	-8.317	0.579	-0.716
0	-8.317	0.578	-0.721
0	-8.316	0.576	-0.727
0	-8.313	0.573	-0.735
0	-8.311	0.572	-0.739
0	-8.307	0.571	-0.745
0	-8.303	0.570	-0.749
0	-8.301	0.570	-0.751
0	-8.300	0.570	-0.752
0	-8.300	0.570	-0.752
0	-8.299	0.570	-0.753
0	-8.299	0.570	-0.754
0	-8.295	0.571	-0.757
0	-8.292	0.572	-0.762
0	-8.288	0.574	-0.766
0	-8.285	0.577	-0.770
0	-8.282	0.580	-0.774
0	-8.280	0.583	-0.778
0	-8.276	0.587	-0.783
0	-8.274	0.590	-0.786
0	-8.272	0.593	-0.789
0	-8.269	0.598	-0.794
0	-8.267	0.602	-0.798
0	-8.266	0.603	-0.799
0	-8.266	0.603	-0.800
0	-8.265	0.604	-0.801
0	-8.265	0.605	-0.802
0	-8.262	0.607	-0.806
0	-8.259	0.611	-0.811
0	-8.254	0.614	-0.817
0	-8.249	0.616	-0.823
0	-8.244	0.618	-0.830
0	-8.241	0.619	-0.835
0	-8.237	0.620	-0.839
0	-8.234	0.620	-0.844
0	-8.231	0.619	-0.850
0	-8.228	0.617	-0.855
0	-8.225	0.615	-0.859
0	-8.222	0.612	-0.864
0	-8.220	0.609	-0.867
0	-8.218	0.605	-0.871
0	-8.215	0.601	-0.875
0	-8.215	0.600	-0.876
0	-8.214	0.599	-0.876
0	-8.214	0.598	-0.877
0	-8.213	0.596	-0.879
0	-8.211	0.591	-0.883
0	-8.209	0.587	-0.887
0	-8.207	0.582	-0.890
0	-8.206	0.578	-0.894
0	-8.205	0.573	-0.898
0	-8.205	0.571	-0.899
0	-8.205	0.570	-0.900
0	-8.205	0.569	-0.901
0	-8.205	0.567	-0.902
0	-8.205	0.564	-0.905
0	-8.205	0.558	-0.909
0	-8.207	0.553	-0.913
0	-8.209	0.547	-0.917
0	-8.212	0.542	-0.920
0	-8.215	0.538	-0.923
0	-8.218	0.534	-0.927
0	-8.222	0.530	-0.931
0	-8.225	0.526	-0.936
0	-8.229	0.523	-0.942
0	-8.233	0.520	-0.948
0	-8.237	0.518	-0.953
0	-8.240	0.516	-0.959
0	-8.243	0.514	-0.963
0	-8.246	0.512	-0.967
0	-8.250	0.510	-0.971
0	-8.254	0.507	-0.974
0	-8.259	0.504	-0.977
0	-8.263	0.501	-0.979
0	-8.268	0.498	-0.981
0	-8.271	0.496	-0.983
0	-8.275	0.494	-0.984
0	-8.279	0.491	-0.985
0	-8.283	0.489	-0.986
0	-8.287	0.486	-0.986
0	-8.292	0.483	-0.986
0	-8.295	0.480	-0.986
0	-8.298	0.477	-0.985
0	-8.301	0.474	-0.984
0	-8.304	0.470	-0.982
0	-8.307	0.466	-0.980
0	-8.309	0.461	-0.976
0	-8.311	0.456	-0.972
0	-8.312	0.453	-0.968
0	-8.313	0.449	-0.965
0	-8.314	0.445	-0.962
0	-8.314	0.440	-0.958
0	-8.313	0.434	-0.954
0	-8.312	0.430	-0.951
0	-8.310	0.425	-0.948
0	-8.308	0.420	-0.946
0	-8.306	0.414	-0.944
0	-8.303	0.409	-0.942
0	-8.300	0.402	-0.940
0	-8.299	0.400	-0.939
0	-8.298	0.399	-0.939
0	-8.298	0.398	-0.939
0	-8.296	0.395	-0.938
0	-8.293	0.390	-0.938
0	-8.289	0.385	-0.938
0	-8.285	0.381	-0.939
0	-8.281	0.378	-0.940
0	-8.276	0.375	-0.942
0	-8.271	0.373	-0.945
0	-8.266	0.372	-0.948
0	-8.262	0.371	-0.951
0	-8.258	0.372	-0.957
0	-8.255	0.373	-0.963
0	-8.254	0.374	-0.967
0	-8.254	0.376	-0.971
0	-8.255	0.377	-0.975
0	-8.256	0.378	-0.979
0	-8.258	0.380	-0.983
0	-8.261	0.382	-0.987
0	-8.265	0.384	-0.991
0	-8.270	0.385	-0.995
0	-8.275	0.388	-0.999
0	-8.276	0.388	-1.000
0	-8.276	0.388	-1.000
0	-8.277	0.389	-1.001
0	-8.278	0.389	-1.001
0	-8.282	0.391	-1.004
0	-8.286	0.394	-1.006
0	-8.290	0.397	-1.009
0	-8.294	0.401	-1.013
0	-8.298	0.404	-1.016
0	-8.302	0.409	-1.020
0	-8.306	0.414	-1.023
0	-8.308	0.419	-1.027
0	-8.310	0.426	-1.030
0	-8.311	0.432	-1.032
0	-8.311	0.437	-1.035
0	-8.311	0.443	-1.038
0	-8.310	0.449	-1.040
0	-8.308	0.455	-1.043
0	-8.306	0.461	-1.046
0	-8.302	0.468	-1.050
0	-8.298	0.474	-1.053
0	-8.295	0.478	-1.056
0	-8.292	0.483	-1.058
0	-8.289	0.487	-1.060
0	-8.287	0.494	-1.063
0	-8.285	0.498	-1.065
0	-8.284	0.503	-1.068
0	-8.282	0.510	-1.072
0	-8.281	0.514	-1.076
0	-8.279	0.518	-1.080
0	-8.276	0.523	-1.085
0	-8.274	0.526	-1.088
0	-8.271	0.530	-1.092
0	-8.268	0.534	-1.095
0	-8.265	0.538	-1.098
0	-8.263	0.540	-1.099
0	-8.263	0.541	-1.100
0	-8.262	0.542	-1.101
0	-8.261	0.543	-1.101
0	-8.258	0.548	-1.104
0	-8.255	0.552	-1.106
0	-8.253	0.558	-1.109
0	-8.252	0.564	-1.110
0	-8.251	0.570	-1.112
0	-8.251	0.581	-1.112
0	-8.251	0.586	-1.111
0	-8.251	0.591	-1.111
0	-8.251	0.599	-1.109
0	-8.251	0.600	-1.109
0	-8.251	0.603	-1.108
0	-8.251	0.606	-1.107
0	-8.251	0.611	-1.105
0	-8.251	0.618	-1.102
0	-8.251	0.621	-1.100
0	-8.251	0.629	-1.096
0	-8.252	0.634	-1.092
0	-8.252	0.639	-1.088
0	-8.254	0.645	-1.082
0	-8.255	0.648	-1.077
0	-8.257	0.651	-1.071
0	-8.260	0.653	-1.065
0	-8.261	0.655	-1.060
0	-8.263	0.656	-1.055
0	-8.265	0.657	-1.048
0	-8.266	0.657	-1.043
0	-8.267	0.656	-1.038
0	-8.268	0.656	-1.033
0	-8.268	0.655	-1.026
0	-8.268	0.654	-1.021
0	-8.268	0.652	-1.014
0	-8.266	0.648	-1.006
0	-8.264	0.646	-1.002
0	-8.264	0.645	-1.001
0	-8.263	0.644	-1.000
0	-8.263	0.643	-0.999
0	-8.263	0.643	-0.999
0	-8.261	0.639	-0.995
0	-8.259	0.634	-0.989
0	-8.259	0.630	-0.985
0	-8.259	0.626	-0.980
0	-8.259	0.621	-0.976
0	-8.261	0.617	-0.971
0	-8.263	0.613	-0.967
0	-8.265	0.609	-0.962
0	-8.267	0.605	-0.958
0	-8.270	0.600	-0.953
0	-8.273	0.595	-0.947
0	-8.276	0.592	-0.942
0	-8.279	0.588	-0.938
0	-8.282	0.584	-0.933
0	-8.286	0.580	-0.929
0	-8.290	0.577	-0.924
0	-8.294	0.575	-0.921
0	-8.299	0.573	-0.917
0	-8.300	0.572	-0.916
0	-8.301	0.572	-0.916
0	-8.302	0.572	-0.915
0	-8.306	0.571	-0.912
0	-8.310	0.570	-0.907
0	-8.316	0.569	-0.901
0	-8.316	0.569	-0.900
0	-8.317	0.568	-0.899
0	-8.317	0.568	-0.899
0	-8.321	0.567	-0.895
0	-8.324	0.565	-0.891
0	-8.329	0.563	-0.887
0	-8.334	0.561	-0.883
0	-8.339	0.558	-0.879
0	-8.343	0.557	-0.876
0	-8.346	0.556	-0.874
0	-8.350	0.554	-0.870
0	-8.354	0.552	-0.866
0	-8.358	0.551	-0.862
0	-8.362	0.550	-0.858
0	-8.367	0.549	-0.853
0	-8.370	0.548	-0.849
0	-8.373	0.548	-0.845
0	-8.378	0.547	-0.838
0	-8.382	0.547	-0.832
0	-8.385	0.547	-0.826
0	-8.389	0.548	-0.820
0	-8.392	0.549	-0.815
0	-8.396	0.550	-0.810
0	-8.398	0.551	-0.807
0	-8.399	0.551	-0.806
0	-8.400	0.551	-0.805
0	-8.400	0.552	-0.804
0	-8.401	0.552	-0.803
0	-8.403	0.552	-0.801
0	-8.404	0.553	-0.800
0	-8.404	0.553	-0.800
0	-8.404	0.553	-0.799
0	-8.405	0.553	-0.798
0	-8.408	0.554	-0.795
0	-8.413	0.555	-0.789
0	-8.417	0.556	-0.785
0	-8.421	0.557	-0.781
0	-8.424	0.558	-0.778
0	-8.428	0.559	-0.774
0	-8.433	0.560	-0.770
0	-8.436	0.562	-0.766
0	-8.441	0.564	-0.762
0	-8.446	0.567	-0.758
0	-8.452	0.570	-0.753
0	-8.458	0.573	-0.749
0	-8.462	0.576	-0.747
0	-8.466	0.579	-0.744
0	-8.470	0.582	-0.742
0	-8.473	0.586	-0.740
0	-8.477	0.590	-0.738
0	-8.481	0.595	-0.737
0	-8.486	0.601	-0.735
0	-8.490	0.606	-0.734
0	-8.493	0.611	-0.734
0	-8.496	0.615	-0.733
0	-8.499	0.620	-0.733
0	-8.501	0.624	-0.733
0	-8.504	0.627	-0.733
0	-8.506	0.630	-0.734
0	-8.509	0.634	-0.735
0	-8.513	0.639	-0.738
0	-8.517	0.643	-0.741
0	-8.520	0.647	-0.744
0	-8.523	0.650	-0.747
0	-8.526	0.654	-0.750
0	-8.528	0.656	-0.754
0	-8.531	0.659	-0.759
0	-8.533	0.661	-0.763
0	-8.535	0.663	-0.767
0	-8.537	0.664	-0.771
0	-8.540	0.667	-0.777
0	-8.542	0.669	-0.783
0	-8.545	0.671	-0.788
0	-8.547	0.672	-0.794
0	-8.550	0.673	-0.799
0	-8.553	0.674	-0.806
0	-8.558	0.674	-0.812
0	-8.562	0.673	-0.819
0	-8.567	0.672	-0.825
0	-8.571	0.670	-0.830
0	-8.575	0.669	-0.834
0	-8.580	0.667	-0.838
0	-8.584	0.666	-0.841
0	-8.590	0.665	-0.844
0	-8.594	0.664	-0.847
0	-8.599	0.664	-0.849
0	-8.600	0.664	-0.849
0	-8.601	0.664	-0.849
0	-8.602	0.664	-0.850
0	-8.605	0.663	-0.850
0	-8.613	0.663	-0.851
0	-8.619	0.663	-0.850
0	-8.626	0.664	-0.847
0	-8.632	0.665	-0.844
0	-8.637	0.667	-0.839
0	-8.641	0.670	-0.834
0	-8.643	0.671	-0.830
0	-8.645	0.674	-0.825
0	-8.646	0.676	-0.818
0	-8.647	0.679	-0.813
0	-8.647	0.682	-0.807
0	-8.647	0.684	-0.802
0	-8.648	0.685	-0.801
0	-8.648	0.685	-0.800
0	-8.648	0.686	-0.799
0	-8.648	0.686	-0.798
0	-8.648	0.688	-0.796
0	-8.649	0.691	-0.791
0	-8.651	0.694	-0.786
0	-8.652	0.698	-0.782
0	-8.655	0.703	-0.776
0	-8.659	0.709	-0.771
0	-8.663	0.715	-0.767
0	-8.668	0.719	-0.764
0	-8.674	0.725	-0.760
0	-8.680	0.729	-0.758
0	-8.685	0.733	-0.755
0	-8.690	0.736	-0.753
0	-8.695	0.740	-0.751
0	-8.700	0.743	-0.749
0	-8.700	0.743	-0.749
0	-8.701	0.743	-0.749
0	-8.702	0.744	-0.748
0	-8.706	0.746	-0.746
0	-8.710	0.749	-0.742
0	-8.714	0.751	-0.737
0	-8.717	0.755	-0.730
0	-8.720	0.758	-0.724
0	-8.721	0.760	-0.718
0	-8.721	0.762	-0.712
0	-8.721	0.764	-0.706
0	-8.721	0.764	-0.703
0	-8.721	0.765	-0.701
0	-8.720	0.765	-0.700
0	-8.720	0.765	-0.699
0	-8.720	0.765	-0.698
0	-8.720	0.766	-0.696
0	-8.719	0.767	-0.688
0	-8.718	0.769	-0.680
0	-8.718	0.772	-0.673
0	-8.717	0.775	-0.668
0	-8.717	0.778	-0.663
0	-8.717	0.783	-0.658
0	-8.717	0.787	-0.654
0	-8.716	0.791	-0.650
0	-8.716	0.796	-0.646
0	-8.716	0.799	-0.644
0	-8.716	0.800	-0.643
0	-8.716	0.802	-0.642
0	-8.716	0.803	-0.641
0	-8.716	0.806	-0.639
0	-8.714	0.813	-0.634
0	-8.712	0.817	-0.630
0	-8.709	0.821	-0.627
0	-8.705	0.827	-0.623
0	-8.702	0.831	-0.622
0	-8.700	0.834	-0.620
0	-8.698	0.837	-0.620
0	-8.696	0.840	-0.619
0	-8.694	0.844	-0.618
0	-8.690	0.849	-0.616
0	-8.686	0.854	-0.614
0	-8.682	0.859	-0.613
0	-8.677	0.865	-0.612
0	-8.673	0.870	-0.611
0	-8.670	0.876	-0.610
0	-8.668	0.882	-0.610
0	-8.666	0.886	-0.611
0	-8.664	0.891	-0.611
0	-8.662	0.895	-0.612
0	-8.660	0.901	-0.612
0	-8.658	0.906	-0.613
0	-8.657	0.911	-0.615
0	-8.655	0.918	-0.619
0	-8.654	0.924	-0.622
0	-8.652	0.929	-0.626
0	-8.650	0.936	-0.631
0	-8.648	0.942	-0.636
0	-8.647	0.948	-0.640
0	-8.646	0.954	-0.645
0	-8.645	0.960	-0.648
0	-8.645	0.966	-0.652
0	-8.645	0.971	-0.655
0	-8.645	0.975	-0.657
0	-8.646	0.979	-0.659
0	-8.646	0.984	-0.661
0	-8.647	0.990	-0.665
0	-8.647	0.995	-0.667
0	-8.648	1.001	-0.670
0	-8.648	1.007	-0.674
0	-8.648	1.014	-0.677
0	-8.647	1.019	-0.680
0	-8.646	1.026	-0.683
0	-8.645	1.032	-0.686
0	-8.643	1.037	-0.688
0	-8.640	1.044	-0.690
0	-8.637	1.050	-0.691
0	-8.634	1.057	-0.691
0	-8.633	1.063	-0.691
0	-8.631	1.069	-0.690
0	-8.631	1.075	-0.689
0	-8.631	1.080	-0.687
0	-8.631	1.084	-0.685
0	-8.632	1.088	-0.682
0	-8.633	1.092	-0.679
0	-8.635	1.095	-0.676
0	-8.637	1.099	-0.671
0	-8.641	1.103	-0.667
0	-8.644	1.106	-0.663
0	-8.648	1.109	-0.660
0	-8.653	1.112	-0.656
0	-8.658	1.115	-0.653
0	-8.662	1.117	-0.650
0	-8.667	1.120	-0.647
0	-8.674	1.122	-0.645
0	-8.680	1.125	-0.643
0	-8.686	1.127	-0.641
0	-8.694	1.130	-0.639
0	-8.700	1.133	-0.638
0	-8.705	1.137	-0.638
0	-8.710	1.140	-0.637
0	-8.715	1.144	-0.638
0	-8.719	1.149	-0.639
0	-8.723	1.153	-0.639
0	-8.729	1.158	-0.641
0	-8.734	1.163	-0.643
0	-8.737	1.166	-0.645
0	-8.741	1.170	-0.648
0	-8.744	1.173	-0.651
0	-8.747	1.177	-0.656
0	-8.749	1.180	-0.662
0	-8.750	1.183	-0.667
0	-8.751	1.185	-0.674
0	-8.751	1.186	-0.679
0	-8.751	1.188	-0.686
0	-8.751	1.190	-0.691
0	-8.751	1.191	-0.698
0	-8.750	1.193	-0.703
0	-8.750	1.195	-0.712
0	-8.750	1.196	-0.718
0	-8.751	1.197	-0.723
0	-8.752	1.198	-0.729
0	-8.753	1.199	-0.736
0	-8.755	1.199	-0.743
0	-8.757	1.200	-0.750
0	-8.760	1.199	-0.757
0	-8.763	1.199	-0.763
0	-8.766	1.198	-0.767
0	-8.769	1.197	-0.771
0	-8.773	1.196	-0.776
0	-8.776	1.196	-0.780
0	-8.781	1.195	-0.784
0	-8.786	1.194	-0.792
0	-8.790	1.193	-0.797
0	-8.791	1.193	-0.799
0	-8.791	1.193	-0.800
0	-8.791	1.193	-0.800
0	-8.792	1.193	-0.801
0	-8.792	1.192	-0.802
0	-8.793	1.192	-0.805
0	-8.798	1.190	-0.814
0	-8.802	1.188	-0.818
0	-8.806	1.187	-0.822
0	-8.811	1.184	-0.826
0	-8.816	1.182	-0.829
0	-8.822	1.179	-0.831
0	-8.828	1.177	-0.833
0	-8.835	1.175	-0.835
0	-8.842	1.173	-0.836
0	-8.848	1.172	-0.837
0	-8.853	1.171	-0.838
0	-8.859	1.170	-0.839
0	-8.866	1.169	-0.839
0	-8.872	1.168	-0.839
0	-8.878	1.167	-0.839
0	-8.884	1.166	-0.838
0	-8.889	1.166	-0.837
0	-8.896	1.166	-0.835
0	-8.903	1.165	-0.833
0	-8.910	1.164	-0.830
0	-8.916	1.163	-0.827
0	-8.921	1.163	-0.824
0	-8.926	1.162	-0.820
0	-8.931	1.162	-0.814
0	-8.934	1.161	-0.808
0	-8.936	1.160	-0.802
0	-8.937	1.159	-0.800
0	-8.937	1.159	-0.800
0	-8.937	1.159	-0.799
0	-8.937	1.159	-0.798
0	-8.938	1.159	-0.793
0	-8.939	1.159	-0.789
0	-8.940	1.159	-0.784
0	-8.943	1.159	-0.777
0	-8.946	1.160	-0.771
0	-8.950	1.161	-0.765
0	-8.952	1.161	-0.761
0	-8.955	1.162	-0.757
0	-8.958	1.163	-0.753
0	-8.961	1.164	-0.749
0	-8.964	1.165	-0.745
0	-8.966	1.166	-0.741
0	-8.969	1.168	-0.736
0	-8.972	1.169	-0.732
0	-8.975	1.170	-0.726
0	-8.979	1.171	-0.721
0	-8.981	1.171	-0.717
0	-8.983	1.170	-0.712
0	-8.986	1.170	-0.708
0	-8.988	1.169	-0.704
0	-8.991	1.168	-0.699
0	-8.994	1.167	-0.694
0	-8.997	1.165	-0.688
0	-9.000	1.163	-0.683
0	-9.003	1.160	-0.678
0	-9.005	1.158	-0.674
0	-9.008	1.154	-0.670
0	-9.012	1.151	-0.666
0	-9.016	1.145	-0.662
0	-9.019	1.141	-0.659
0	-9.023	1.137	-0.657
0	-9.027	1.133	-0.655
0	-9.031	1.129	-0.654
0	-9.035	1.126	-0.653
0	-9.039	1.122	-0.651
0	-9.045	1.119	-0.649
0	-9.050	1.117	-0.648
0	-9.055	1.115	-0.645
0	-9.062	1.113	-0.642
0	-9.067	1.112	-0.639
0	-9.074	1.111	-0.637
0	-9.083	1.110	-0.633
0	-9.087	1.110	-0.631
0	-9.091	1.109	-0.630
0	-9.095	1.109	-0.629
0	-9.099	1.108	-0.629
0	-9.100	1.108	-0.628
0	-9.101	1.108	-0.628
0	-9.102	1.107	-0.628
0	-9.104	1.107	-0.627
0	-9.109	1.105	-0.626
0	-9.114	1.102	-0.624
0	-9.115	1.101	-0.624
0	-9.116	1.100	-0.624
0	-9.117	1.099	-0.623
0	-9.118	1.098	-0.623
0	-9.121	1.097	-0.622
0	-9.125	1.093	-0.621
0	-9.132	1.087	-0.621
0	-9.138	1.083	-0.621
0	-9.144	1.078	-0.621
0	-9.150	1.072	-0.622
0	-9.156	1.067	-0.623
0	-9.162	1.063	-0.623
0	-9.168	1.059	-0.624
0	-9.173	1.056	-0.624
0	-9.178	1.055	-0.624
0	-9.183	1.053	-0.624
0	-9.189	1.051	-0.623
0	-9.195	1.050	-0.622
0	-9.201	1.049	-0.621
0	-9.207	1.049	-0.621
0	-9.213	1.050	-0.620
0	-9.219	1.050	-0.619
0	-9.226	1.052	-0.617
0	-9.232	1.053	-0.615
0	-9.240	1.056	-0.611
0	-9.246	1.059	-0.606
0	-9.251	1.061	-0.603
0	-9.253	1.062	-0.602
0	-9.254	1.062	-0.601
0	-9.255	1.063	-0.600
0	-9.256	1.063	-0.599
0	-9.256	1.063	-0.599
0	-9.260	1.065	-0.595
0	-9.262	1.066	-0.591
0	-9.265	1.068	-0.586
0	-9.266	1.069	-0.580
0	-9.267	1.070	-0.572
0	-9.268	1.071	-0.565
0	-9.268	1.071	-0.558
0	-9.268	1.071	-0.551
0	-9.268	1.070	-0.545
0	-9.268	1.069	-0.538
0	-9.268	1.069	-0.533
0	-9.268	1.067	-0.524
0	-9.268	1.066	-0.518
0	-9.267	1.065	-0.512
0	-9.266	1.064	-0.506
0	-9.264	1.062	-0.499
0	-9.262	1.061	-0.493
0	-9.260	1.060	-0.487
0	-9.258	1.059	-0.481
0	-9.256	1.058	-0.475
0	-9.253	1.057	-0.469
0	-9.250	1.055	-0.465
0	-9.247	1.054	-0.460
0	-9.244	1.053	-0.456
0	-9.239	1.052	-0.450
0	-9.235	1.051	-0.446
0	-9.230	1.050	-0.443
0	-9.225	1.049	-0.440
0	-9.222	1.049	-0.438
0	-9.218	1.049	-0.437
0	-9.214	1.049	-0.436
0	-9.208	1.049	-0.435
0	-9.202	1.049	-0.435
0	-9.200	1.049	-0.435
0	-9.200	1.049	-0.435
0	-9.199	1.049	-0.435
0	-9.198	1.050	-0.436
0	-9.196	1.050	-0.436
0	-9.189	1.051	-0.436
0	-9.183	1.052	-0.435
0	-9.177	1.054	-0.433
0	-9.171	1.056	-0.431
0	-9.166	1.058	-0.429
0	-9.161	1.059	-0.426
0	-9.156	1.060	-0.422
0	-9.152	1.060	-0.419
0	-9.147	1.060	-0.414
0	-9.143	1.058	-0.410
0	-9.138	1.056	-0.407
0	-9.134	1.054	-0.403
0	-9.132	1.052	-0.402
0	-9.131	1.051	-0.401
0	-9.130	1.051	-0.400
0	-9.130	1.050	-0.400
0	-9.129	1.049	-0.399
0	-9.127	1.048	-0.398
0	-9.125	1.045	-0.397
0	-9.122	1.042	-0.396
0	-9.118	1.037	-0.396
0	-9.114	1.032	-0.398
0	-9.113	1.030	-0.399
0	-9.112	1.028	-0.400
0	-9.112	1.028	-0.400
0	-9.111	1.027	-0.401
0	-9.111	1.026	-0.401
0	-9.108	1.022	-0.404
0	-9.105	1.018	-0.407
0	-9.103	1.013	-0.411
0	-9.100	1.009	-0.415
0	-9.098	1.005	-0.419
0	-9.096	1.003	-0.423
0	-9.095	1.001	-0.427
0	-9.095	1.000	-0.428
0	-9.095	1.000	-0.428
0	-9.095	1.000	-0.429
0	-9.095	0.999	-0.430
0	-9.094	0.998	-0.433
0	-9.094	0.996	-0.439
0	-9.095	0.995	-0.446
0	-9.096	0.996	-0.452
0	-9.099	0.998	-0.458
0	-9.100	0.999	-0.461
0	-9.101	1.000	-0.462
0	-9.101	1.000	-0.462
0	-9.102	1.000	-0.463
0	-9.102	1.001	-0.464
0	-9.103	1.002	-0.465
0	-9.107	1.005	-0.469
0	-9.112	1.008	-0.473
0	-9.115	1.011	-0.476
0	-9.118	1.014	-0.479
0	-9.122	1.016	-0.481
0	-9.126	1.020	-0.485
0	-9.131	1.024	-0.489
0	-9.135	1.028	-0.493
0	-9.140	1.031	-0.498
0	-9.141	1.032	-0.499
0	-9.141	1.032	-0.500
0	-9.142	1.033	-0.501
0	-9.143	1.033	-0.501
0	-9.145	1.034	-0.504
0	-9.150	1.036	-0.508
0	-9.155	1.038	-0.511
0	-9.161	1.040	-0.513
0	-9.167	1.041	-0.515
0	-9.172	1.043	-0.516
0	-9.178	1.044	-0.518
0	-9.184	1.046	-0.519
0	-9.190	1.047	-0.520
0	-9.196	1.049	-0.520
0	-9.203	1.051	-0.520
0	-9.210	1.053	-0.519
0	-9.216	1.054	-0.518
0	-9.222	1.055	-0.517
0	-9.230	1.057	-0.515
0	-9.235	1.059	-0.514
0	-9.242	1.061	-0.513
0	-9.247	1.062	-0.512
0	-9.252	1.064	-0.511
0	-9.256	1.065	-0.509
0	-9.261	1.066	-0.507
0	-9.268	1.068	-0.505
0	-9.273	1.070	-0.502
0	-9.279	1.072	-0.498
0	-9.283	1.073	-0.494
0	-9.287	1.073	-0.490
0	-9.291	1.072	-0.484
0	-9.294	1.070	-0.477
0	-9.295	1.069	-0.472
0	-9.296	1.068	-0.467
0	-9.296	1.067	-0.462
0	-9.295	1.066	-0.457
0	-9.294	1.065	-0.450
0	-9.292	1.064	-0.444
0	-9.289	1.062	-0.438
0	-9.285	1.061	-0.433
0	-9.281	1.059	-0.430
0	-9.275	1.057	-0.427
0	-9.269	1.055	-0.426
0	-9.261	1.053	-0.426
0	-9.254	1.050	-0.428
0	-9.249	1.049	-0.431
0	-9.245	1.047	-0.434
0	-9.241	1.046	-0.438
0	-9.238	1.043	-0.442
0	-9.236	1.040	-0.447
0	-9.234	1.037	-0.451
0	-9.233	1.033	-0.455
0	-9.231	1.029	-0.459
0	-9.230	1.024	-0.463
0	-9.229	1.019	-0.467
0	-9.228	1.014	-0.470
0	-9.228	1.008	-0.473
0	-9.229	1.003	-0.476
0	-9.229	0.998	-0.478
0	-9.230	0.994	-0.479
0	-9.231	0.989	-0.481
0	-9.233	0.982	-0.483
0	-9.235	0.977	-0.484
0	-9.237	0.970	-0.485
0	-9.239	0.964	-0.487
0	-9.241	0.956	-0.489
0	-9.242	0.951	-0.490
0	-9.243	0.944	-0.491
0	-9.243	0.939	-0.492
0	-9.243	0.933	-0.492
0	-9.242	0.927	-0.493
0	-9.241	0.922	-0.493
0	-9.239	0.917	-0.493
0	-9.236	0.911	-0.494
0	-9.232	0.905	-0.494
0	-9.227	0.901	-0.495
0	-9.222	0.896	-0.495
0	-9.218	0.894	-0.496
0	-9.213	0.891	-0.497
0	-9.208	0.889	-0.498
0	-9.204	0.886	-0.499
0	-9.203	0.886	-0.500
0	-9.202	0.885	-0.500
0	-9.201	0.885	-0.501
0	-9.200	0.885	-0.501
0	-9.199	0.884	-0.501
0	-9.199	0.884	-0.502
0	-9.195	0.882	-0.504
0	-9.190	0.879	-0.508
0	-9.186	0.876	-0.514
0	-9.183	0.875	-0.519
0	-9.182	0.874	-0.526
0	-9.182	0.874	-0.531
0	-9.183	0.875	-0.535
0	-9.184	0.876	-0.540
0	-9.185	0.877	-0.544
0	-9.188	0.880	-0.549
0	-9.191	0.882	-0.553
0	-9.194	0.885	-0.556
0	-9.198	0.888	-0.559
0	-9.199	0.889	-0.560
0	-9.200	0.890	-0.560
0	-9.201	0.890	-0.561
0	-9.201	0.891	-0.561
0	-9.205	0.894	-0.563
0	-9.209	0.897	-0.566
0	-9.213	0.900	-0.569
0	-9.217	0.903	-0.572
0	-9.221	0.905	-0.575
0	-9.225	0.908	-0.579
0	-9.228	0.910	-0.583
0	-9.232	0.912	-0.587
0	-9.237	0.914	-0.591
0	-9.242	0.915	-0.596
0	-9.244	0.915	-0.598
0	-9.245	0.915	-0.599
0	-9.246	0.915	-0.600
0	-9.247	0.915	-0.601
0	-9.247	0.915	-0.601
0	-9.251	0.915	-0.604
0	-9.256	0.914	-0.607
0	-9.260	0.913	-0.609
0	-9.264	0.911	-0.612
0	-9.269	0.909	-0.614
0	-9.274	0.906	-0.617
0	-9.279	0.904	-0.619
0	-9.285	0.902	-0.621
0	-9.289	0.900	-0.623
0	-9.293	0.898	-0.624
0	-9.300	0.896	-0.626
0	-9.306	0.895	-0.626
0	-9.311	0.894	-0.627
0	-9.316	0.894	-0.627
0	-9.320	0.894	-0.626
0	-9.325	0.894	-0.626
0	-9.331	0.894	-0.623
0	-9.338	0.894	-0.620
0	-9.343	0.894	-0.615
0	-9.347	0.895	-0.609
0	-9.350	0.896	-0.602
0	-9.350	0.896	-0.601
0	-9.350	0.896	-0.600
0	-9.350	0.897	-0.599
0	-9.351	0.897	-0.598
0	-9.352	0.898	-0.594
0	-9.353	0.899	-0.589
0	-9.355	0.901	-0.585
0	-9.358	0.903	-0.580
0	-9.361	0.905	-0.575
0	-9.366	0.910	-0.568
0	-9.370	0.915	-0.563
0	-9.372	0.918	-0.561
0	-9.375	0.923	-0.558
0	-9.378	0.927	-0.556
0	-9.381	0.932	-0.554
0	-9.384	0.935	-0.552
0	-9.387	0.938	-0.551
0	-9.391	0.942	-0.549
0	-9.395	0.945	-0.547
0	-9.398	0.948	-0.546
0	-9.400	0.949	-0.545
0	-9.400	0.949	-0.545
0	-9.401	0.950	-0.544
0	-9.402	0.950	-0.544
0	-9.403	0.952	-0.543
0	-9.406	0.954	-0.541
0	-9.410	0.956	-0.537
0	-9.414	0.959	-0.532
0	-9.417	0.961	-0.528
0	-9.419	0.963	-0.522
0	-9.421	0.964	-0.518
0	-9.422	0.966	-0.513
0	-9.423	0.967	-0.509
0	-9.424	0.969	-0.502
0	-9.424	0.969	-0.501
0	-9.424	0.969	-0.500
0	-9.424	0.969	-0.499
0	-9.424	0.970	-0.498
0	-9.424	0.971	-0.493
0	-9.424	0.971	-0.488
0	-9.424	0.972	-0.484
0	-9.424	0.972	-0.478
0	-9.425	0.971	-0.474
0	-9.426	0.971	-0.468
0	-9.428	0.970	-0.463
0	-9.431	0.969	-0.456
0	-9.435	0.968	-0.450
0	-9.438	0.967	-0.446
0	-9.441	0.967	-0.441
0	-9.444	0.967	-0.436
0	-9.449	0.969	-0.430
0	-9.453	0.971	-0.426
0	-9.457	0.973	-0.422
0	-9.462	0.977	-0.418
0	-9.467	0.981	-0.417
0	-9.473	0.986	-0.416
0	-9.478	0.990	-0.415
0	-9.483	0.992	-0.415
0	-9.490	0.995	-0.415
0	-9.496	0.996	-0.415
0	-9.502	0.997	-0.414
0	-9.508	0.999	-0.414
0	-9.514	1.000	-0.413
0	-9.517	1.000	-0.413
0	-9.517	1.000	-0.413
0	-9.518	1.000	-0.413
0	-9.519	1.000	-0.413
0	-9.524	1.000	-0.412
0	-9.530	1.001	-0.410
0	-9.536	1.001	-0.408
0	-9.541	1.000	-0.405
0	-9.544	1.000	-0.404
0	-9.546	1.000	-0.402
0	-9.547	1.000	-0.402
0	-9.547	1.000	-0.401
0	-9.548	1.000	-0.401
0	-9.548	1.000	-0.401
0	-9.551	0.999	-0.399
0	-9.554	0.999	-0.398
0	-9.558	0.998	-0.398
0	-9.562	0.996	-0.398
0	-9.566	0.994	-0.399
0	-9.570	0.991	-0.402
0	-9.572	0.987	-0.406
0	-9.571	0.983	-0.410
0	-9.570	0.981	-0.412
0	-9.567	0.980	-0.414
0	-9.564	0.979	-0.417
0	-9.562	0.979	-0.419
0	-9.559	0.980	-0.422
0	-9.557	0.981	-0.424
0	-9.554	0.983	-0.426
0	-9.552	0.984	-0.428
0	-9.550	0.986	-0.430
0	-9.548	0.988	-0.433
0	-9.545	0.992	-0.438
0	-9.544	0.995	-0.440
0	-9.543	0.998	-0.442
0	-9.542	0.999	-0.443
0	-9.542	0.999	-0.443
0	-9.542	1.000	-0.443
0	-9.541	1.001	-0.444
0	-9.541	1.001	-0.444
0	-9.540	1.005	-0.446
0	-9.540	1.006	-0.446
0	-9.540	1.007	-0.446
0	-9.540	1.007	-0.446
0	-9.540	1.010	-0.448
0	-9.540	1.013	-0.449
0	-9.541	1.016	-0.449
0	-9.543	1.019	-0.450
0	-9.546	1.021	-0.449
0	-9.549	1.023	-0.446
0	-9.552	1.023	-0.443
0	-9.554	1.021	-0.439
0	-9.554	1.019	-0.437
0	-9.552	1.015	-0.434
0	-9.550	1.012	-0.432
0	-9.547	1.010	-0.432
0	-9.543	1.007	-0.432
0	-9.542	1.007	-0.433
0	-9.540	1.006	-0.434
0	-9.540	1.006	-0.434
0	-9.540	1.006	-0.434
0	-9.540	1.006	-0.434
0	-9.539	1.006	-0.435
0	-9.538	1.005	-0.436
0	-9.535	1.005	-0.439
0	-9.532	1.005	-0.444
0	-9.529	1.005	-0.449
0	-9.527	1.005	-0.456
0	-9.526	1.006	-0.462
0	-9.525	1.007	-0.467
0	-9.525	1.007	-0.473
0	-9.525	1.009	-0.480
0	-9.525	1.010	-0.486
0	-9.526	1.012	-0.492
0	-9.528	1.015	-0.498
0	-9.530	1.018	-0.502
0	-9.533	1.021	-0.506
0	-9.534	1.022	-0.507
0	-9.535	1.023	-0.508
0	-9.536	1.024	-0.509
0	-9.538	1.026	-0.510
0	-9.541	1.028	-0.511
0	-9.545	1.031	-0.510
0	-9.548	1.033	-0.508
0	-9.550	1.035	-0.505
0	-9.551	1.036	-0.500
0	-9.551	1.035	-0.494
0	-9.550	1.034	-0.490
0	-9.548	1.032	-0.487
0	-9.545	1.030	-0.483
0	-9.542	1.028	-0.480
0	-9.540	1.026	-0.478
0	-9.537	1.025	-0.476
0	-9.535	1.024	-0.474
0	-9.534	1.024	-0.474
0	-9.534	1.024	-0.473
0	-9.533	1.023	-0.473
0	-9.530	1.023	-0.471
0	-9.525	1.021	-0.467
0	-9.521	1.020	-0.465
0	-9.516	1.019	-0.462
0	-9.511	1.018	-0.459
0	-9.504	1.017	-0.456
0	-9.501	1.016	-0.455
0	-9.500	1.016	-0.454
0	-9.499	1.016	-0.454
0	-9.498	1.015	-0.454
0	-9.494	1.015	-0.452
0	-9.489	1.014	-0.449
0	-9.484	1.013	-0.446
0	-9.479	1.012	-0.443
0	-9.474	1.012	-0.438
0	-9.469	1.012	-0.434
0	-9.465	1.013	-0.430
0	-9.461	1.013	-0.426
0	-9.458	1.013	-0.422
0	-9.454	1.013	-0.418
0	-9.450	1.013	-0.412
0	-9.446	1.013	-0.406
0	-9.444	1.013	-0.401
0	-9.442	1.013	-0.392
0	-9.441	1.013	-0.384
0	-9.441	1.013	-0.376
0	-9.442	1.012	-0.369
0	-9.444	1.012	-0.362
0	-9.445	1.011	-0.356
0	-9.447	1.010	-0.350
0	-9.450	1.008	-0.343
0	-9.453	1.006	-0.337
0	-9.456	1.003	-0.330
0	-9.458	1.001	-0.324
0	-9.459	1.000	-0.322
0	-9.459	1.000	-0.322
0	-9.459	1.000	-0.321
0	-9.459	0.999	-0.320
0	-9.460	0.998	-0.316
0	-9.460	0.995	-0.311
0	-9.459	0.993	-0.305
0	-9.458	0.992	-0.302
0	-9.457	0.991	-0.300
0	-9.457	0.991	-0.300
0	-9.457	0.990	-0.299
0	-9.456	0.990	-0.298
0	-9.455	0.988	-0.295
0	-9.452	0.985	-0.289
0	-9.449	0.982	-0.282
0	-9.445	0.979	-0.276
0	-9.442	0.975	-0.270
0	-9.440	0.971	-0.264
0	-9.438	0.968	-0.259
0	-9.436	0.962	-0.253
0	-9.434	0.957	-0.248
0	-9.432	0.953	-0.245
0	-9.431	0.950	-0.241
0	-9.428	0.946	-0.237
0	-9.425	0.943	-0.233
0	-9.421	0.941	-0.228
0	-9.417	0.939	-0.225
0	-9.413	0.938	-0.221
0	-9.408	0.938	-0.219
0	-9.404	0.937	-0.217
0	-9.399	0.937	-0.215
0	-9.393	0.937	-0.214
0	-9.387	0.937	-0.213
0	-9.382	0.936	-0.213
0	-9.376	0.936	-0.213
0	-9.371	0.936	-0.214
0	-9.364	0.937	-0.214
0	-9.358	0.937	-0.216
0	-9.352	0.939	-0.217
0	-9.347	0.941	-0.219
0	-9.343	0.945	-0.220
0	-9.339	0.949	-0.222
0	-9.335	0.955	-0.223
0	-9.332	0.961	-0.223
0	-9.330	0.966	-0.223
0	-9.328	0.971	-0.222
0	-9.326	0.975	-0.222
0	-9.325	0.979	-0.220
0	-9.323	0.983	-0.218
0	-9.322	0.987	-0.216
0	-9.321	0.991	-0.214
0	-9.319	0.995	-0.212
0	-9.317	0.999	-0.208
0	-9.315	1.003	-0.205
0	-9.313	1.006	-0.202
0	-9.309	1.008	-0.197
0	-9.306	1.010	-0.192
0	-9.302	1.012	-0.188
0	-9.301	1.012	-0.186
0	-9.300	1.012	-0.186
0	-9.299	1.012	-0.185
0	-9.299	1.012	-0.184
0	-9.296	1.012	-0.180
0	-9.291	1.012	-0.175
0	-9.286	1.010	-0.171
0	-9.280	1.007	-0.167
0	-9.275	1.004	-0.164
0	-9.273	1.002	-0.163
0	-9.272	1.001	-0.162
0	-9.271	1.000	-0.162
0	-9.270	1.000	-0.162
0	-9.270	0.999	-0.162
0	-9.268	0.997	-0.161
0	-9.264	0.993	-0.160
0	-9.261	0.988	-0.159
0	-9.258	0.983	-0.158
0	-9.255	0.976	-0.158
0	-9.252	0.970	-0.157
0	-9.251	0.964	-0.156
0	-9.250	0.957	-0.156
0	-9.249	0.951	-0.155
0	-9.249	0.946	-0.154
0	-9.248	0.939	-0.153
0	-9.248	0.934	-0.152
0	-9.248	0.929	-0.152
0	-9.248	0.923	-0.151
0	-9.247	0.918	-0.151
0	-9.247	0.912	-0.152
0	-9.247	0.907	-0.152
0	-9.246	0.901	-0.153
0	-9.246	0.900	-0.154
0	-9.246	0.898	-0.154
0	-9.245	0.897	-0.155
0	-9.245	0.893	-0.155
0	-9.243	0.889	-0.157
0	-9.242	0.885	-0.159
0	-9.241	0.881	-0.161
0	-9.240	0.877	-0.164
0	-9.240	0.873	-0.168
0	-9.240	0.870	-0.171
0	-9.240	0.867	-0.175
0	-9.241	0.864	-0.179
0	-9.242	0.862	-0.183
0	-9.244	0.860	-0.187
0	-9.247	0.857	-0.192
0	-9.250	0.855	-0.196
0	-9.254	0.854	-0.200
0	-9.259	0.852	-0.204
0	-9.263	0.851	-0.207
0	-9.269	0.851	-0.210
0	-9.274	0.850	-0.212
0	-9.280	0.848	-0.215
0	-9.285	0.845	-0.218
0	-9.291	0.842	-0.221
0	-9.296	0.839	-0.224
0	-9.299	0.836	-0.225
0	-9.300	0.835	-0.225
0	-9.301	0.834	-0.226
0	-9.303	0.833	-0.227
0	-9.305	0.830	-0.228
0	-9.309	0.826	-0.229
0	-9.313	0.821	-0.230
0	-9.317	0.815	-0.231
0	-9.321	0.810	-0.230
0	-9.323	0.805	-0.229
0	-9.325	0.801	-0.229
0	-9.325	0.800	-0.228
0	-9.326	0.797	-0.228
0	-9.327	0.795	-0.227
0	-9.327	0.790	-0.226
0	-9.328	0.785	-0.225
0	-9.327	0.778	-0.224
0	-9.326	0.772	-0.223
0	-9.323	0.766	-0.222
0	-9.321	0.761	-0.222
0	-9.319	0.757	-0.222
0	-9.317	0.753	-0.223
0	-9.315	0.749	-0.225
0	-9.314	0.744	-0.226
0	-9.312	0.740	-0.229
0	-9.310	0.737	-0.231
0	-9.308	0.733	-0.235
0	-9.306	0.728	-0.239
0	-9.305	0.724	-0.243
0	-9.304	0.721	-0.247
0	-9.304	0.718	-0.251
0	-9.304	0.714	-0.256
0	-9.305	0.711	-0.261
0	-9.307	0.708	-0.266
0	-9.310	0.705	-0.270
0	-9.313	0.703	-0.274
0	-9.315	0.700	-0.278
0	-9.316	0.699	-0.279
0	-9.317	0.699	-0.280
0	-9.319	0.695	-0.285
0	-9.321	0.691	-0.290
0	-9.323	0.689	-0.294
0	-9.323	0.688	-0.297
0	-9.324	0.687	-0.299
0	-9.324	0.686	-0.300
0	-9.324	0.686	-0.301
0	-9.324	0.686	-0.302
0	-9.324	0.684	-0.307
0	-9.325	0.682	-0.313
0	-9.325	0.682	-0.319
0	-9.326	0.682	-0.326
0	-9.327	0.683	-0.332
0	-9.328	0.685	-0.338
0	-9.330	0.687	-0.343
0	-9.331	0.691	-0.348
0	-9.333	0.695	-0.352
0	-9.336	0.699	-0.354
0	-9.336	0.700	-0.354
0	-9.337	0.701	-0.355
0	-9.337	0.702	-0.355
0	-9.340	0.706	-0.357
0	-9.342	0.711	-0.360
0	-9.344	0.715	-0.362
0	-9.346	0.720	-0.365
0	-9.348	0.723	-0.367
0	-9.349	0.727	-0.369
0	-9.350	0.732	-0.372
0	-9.350	0.737	-0.376
0	-9.351	0.742	-0.380
0	-9.351	0.747	-0.384
0	-9.352	0.751	-0.387
0	-9.353	0.755	-0.391
0	-9.354	0.759	-0.394
0	-9.355	0.763	-0.399
0	-9.355	0.767	-0.404
0	-9.355	0.771	-0.410
0	-9.356	0.775	-0.416
0	-9.356	0.778	-0.422
0	-9.357	0.780	-0.427
0	-9.357	0.783	-0.433
0	-9.356	0.785	-0.438
0	-9.356	0.788	-0.443
0	-9.355	0.790	-0.447
0	-9.354	0.792	-0.451
0	-9.353	0.795	-0.455
0	-9.352	0.797	-0.460
0	-9.352	0.800	-0.463
0	-9.351	0.803	-0.467
0	-9.351	0.807	-0.471
0	-9.351	0.811	-0.476
0	-9.352	0.815	-0.481
0	-9.352	0.819	-0.484
0	-9.352	0.823	-0.488
0	-9.352	0.827	-0.491
0	-9.352	0.831	-0.493
0	-9.352	0.836	-0.496
0	-9.352	0.840	-0.498
0	-9.352	0.845	-0.500
0	-9.351	0.851	-0.502
0	-9.351	0.858	-0.505
0	-9.350	0.865	-0.508
0	-9.350	0.870	-0.511
0	-9.350	0.876	-0.514
0	-9.350	0.882	-0.517
0	-9.350	0.887	-0.521
0	-9.350	0.893	-0.525
0	-9.350	0.897	-0.528
0	-9.349	0.900	-0.531
0	-9.348	0.903	-0.535
0	-9.347	0.906	-0.539
0	-9.346	0.908	-0.543
0	-9.344	0.909	-0.547
0	-9.339	0.911	-0.555
0	-9.337	0.912	-0.559
0	-9.335	0.912	-0.564
0	-9.334	0.912	-0.567
0	-9.332	0.912	-0.571
0	-9.330	0.911	-0.575
0	-9.328	0.911	-0.580
0	-9.326	0.910	-0.584
0	-9.322	0.908	-0.590
0	-9.319	0.906	-0.596
0	-9.318	0.905	-0.599
0	-9.318	0.905	-0.600
0	-9.317	0.905	-0.601
0	-9.317	0.904	-0.602
0	-9.315	0.903	-0.606
0	-9.314	0.901	-0.612
0	-9.313	0.901	-0.618
0	-9.313	0.900	-0.626
0	-9.314	0.900	-0.631
0	-9.315	0.900	-0.638
0	-9.317	0.900	-0.643
0	-9.319	0.900	-0.647
0	-9.322	0.900	-0.651
0	-9.326	0.900	-0.655
0	-9.332	0.901	-0.658
0	-9.338	0.902	-0.659
0	-9.343	0.904	-0.659
0	-9.350	0.905	-0.657
0	-9.354	0.906	-0.655
0	-9.358	0.908	-0.652
0	-9.362	0.910	-0.646
0	-9.364	0.912	-0.641
0	-9.365	0.914	-0.635
0	-9.365	0.917	-0.629
0	-9.363	0.920	-0.623
0	-9.362	0.923	-0.618
0	-9.360	0.925	-0.613
0	-9.357	0.927	-0.609
0	-9.354	0.929	-0.605
0	-9.350	0.931	-0.601
0	-9.349	0.931	-0.600
0	-9.348	0.932	-0.599
0	-9.347	0.932	-0.598
0	-9.343	0.934	-0.595
0	-9.338	0.937	-0.590
0	-9.334	0.938	-0.586
0	-9.330	0.939	-0.581
0	-9.326	0.940	-0.576
0	-9.322	0.941	-0.570
0	-9.318	0.943	-0.565
0	-9.314	0.945	-0.560
0	-9.311	0.948	-0.555
0	-9.308	0.951	-0.551
0	-9.306	0.955	-0.547
0	-9.304	0.959	-0.544
0	-9.302	0.963	-0.542
0	-9.301	0.967	-0.540
0	-9.300	0.972	-0.538
0	-9.300	0.978	-0.536
0	-9.299	0.984	-0.535
0	-9.298	0.989	-0.534
0	-9.297	0.996	-0.534
0	-9.296	1.000	-0.534
0	-9.295	1.004	-0.534
0	-9.293	1.008	-0.535
0	-9.290	1.013	-0.536
0	-9.287	1.019	-0.538
0	-9.283	1.024	-0.541
0	-9.279	1.029	-0.544
0	-9.275	1.032	-0.547
0	-9.270	1.036	-0.550
0	-9.264	1.038	-0.554
0	-9.258	1.040	-0.558
0	-9.254	1.041	-0.561
0	-9.249	1.042	-0.564
0	-9.244	1.043	-0.567
0	-9.240	1.044	-0.569
0	-9.235	1.045	-0.571
0	-9.230	1.046	-0.574
0	-9.225	1.048	-0.577
0	-9.219	1.048	-0.581
0	-9.215	1.049	-0.585
0	-9.211	1.049	-0.591
0	-9.208	1.048	-0.598
0	-9.208	1.048	-0.600
0	-9.208	1.048	-0.600
0	-9.208	1.048	-0.601
0	-9.208	1.048	-0.602
0	-9.208	1.048	-0.607
0	-9.208	1.048	-0.614
0	-9.208	1.049	-0.620
0	-9.209	1.050	-0.629
0	-9.210	1.051	-0.634
0	-9.210	1.053	-0.639
0	-9.211	1.054	-0.645
0	-9.211	1.055	-0.652
0	-9.212	1.056	-0.658
0	-9.213	1.056	-0.665
0	-9.214	1.056	-0.670
0	-9.214	1.056	-0.676
0	-9.215	1.056	-0.682
0	-9.216	1.055	-0.689
0	-9.218	1.054	-0.696
0	-9.221	1.053	-0.702
0	-9.225	1.051	-0.710
0	-9.230	1.050	-0.715
0	-9.235	1.049	-0.719
0	-9.240	1.049	-0.722
0	-9.246	1.049	-0.725
0	-9.250	1.049	-0.726
0	-9.254	1.050	-0.727
0	-9.260	1.050	-0.728
0	-9.266	1.051	-0.729
0	-9.272	1.052	-0.729
0	-9.278	1.053	-0.729
0	-9.283	1.055	-0.728
0	-9.291	1.057	-0.727
0	-9.298	1.060	-0.726
0	-9.299	1.060	-0.726
0	-9.300	1.061	-0.726
0	-9.301	1.061	-0.726
0	-9.302	1.061	-0.726
0	-9.306	1.063	-0.725
0	-9.311	1.064	-0.724
0	-9.316	1.065	-0.722
0	-9.322	1.066	-0.720
0	-9.328	1.067	-0.718
0	-9.334	1.067	-0.714
0	-9.340	1.067	-0.710
0	-9.345	1.066	-0.705
0	-9.349	1.065	-0.700
0	-9.352	1.063	-0.694
0	-9.354	1.062	-0.688
0	-9.355	1.061	-0.682
0	-9.355	1.060	-0.676
0	-9.355	1.059	-0.670
0	-9.354	1.059	-0.665
0	-9.352	1.057	-0.658
0	-9.350	1.056	-0.653
0	-9.347	1.054	-0.647
0	-9.345	1.051	-0.640
0	-9.342	1.048	-0.634
0	-9.339	1.044	-0.628
0	-9.337	1.041	-0.625
0	-9.335	1.037	-0.621
0	-9.333	1.033	-0.617
0	-9.330	1.029	-0.614
0	-9.327	1.023	-0.611
0	-9.324	1.017	-0.608
0	-9.321	1.011	-0.605
0	-9.318	1.005	-0.603
0	-9.316	1.001	-0.602
0	-9.313	0.997	-0.601
0	-9.310	0.993	-0.601
0	-9.306	0.988	-0.601
0	-9.302	0.983	-0.602
0	-9.297	0.977	-0.603
0	-9.293	0.973	-0.605
0	-9.290	0.969	-0.607
0	-9.286	0.966	-0.611
0	-9.282	0.963	-0.615
0	-9.278	0.960	-0.621
0	-9.275	0.959	-0.628
0	-9.272	0.959	-0.637
0	-9.270	0.960	-0.643
0	-9.269	0.963	-0.651
0	-9.269	0.966	-0.658
0	-9.270	0.970	-0.663
0	-9.273	0.975	-0.668
0	-9.276	0.979	-0.671
0	-9.278	0.983	-0.673
0	-9.281	0.987	-0.674
0	-9.284	0.991	-0.674
0	-9.286	0.995	-0.674
0	-9.288	0.999	-0.673
0	-9.288	1.000	-0.672
0	-9.289	1.001	-0.672
0	-9.289	1.003	-0.671
0	-9.290	1.005	-0.670
0	-9.292	1.009	-0.667
0	-9.294	1.013	-0.664
0	-9.295	1.015	-0.661
0	-9.296	1.018	-0.658
0	-9.297	1.020	-0.654
0	-9.298	1.022	-0.649
0	-9.299	1.024	-0.642
0	-9.300	1.024	-0.640
0	-9.300	1.025	-0.639
0	-9.300	1.025	-0.638
0	-9.301	1.025	-0.637
0	-9.301	1.026	-0.634
0	-9.302	1.026	-0.629
0	-9.303	1.026	-0.623
0	-9.303	1.026	-0.618
0	-9.303	1.027	-0.613
0	-9.302	1.027	-0.608
0	-9.301	1.027	-0.605
0	-9.300	1.027	-0.603
0	-9.300	1.027	-0.603
0	-9.300	1.027	-0.602
0	-9.299	1.027	-0.601
0	-9.299	1.026	-0.600
0	-9.299	1.026	-0.599
0	-9.298	1.026	-0.598
0	-9.296	1.026	-0.593
0	-9.294	1.026	-0.589
0	-9.291	1.026	-0.584
0	-9.286	1.025	-0.579
0	-9.282	1.024	-0.574
0	-9.276	1.022	-0.568
0	-9.272	1.021	-0.565
0	-9.267	1.020	-0.562
0	-9.263	1.018	-0.559
0	-9.259	1.016	-0.556
0	-9.256	1.014	-0.554
0	-9.250	1.011	-0.551
0	-9.244	1.007	-0.549
0	-9.238	1.004	-0.547
0	-9.234	1.003	-0.546
0	-9.229	1.001	-0.545
0	-9.227	1.000	-0.545
0	-9.226	1.000	-0.545
0	-9.225	0.999	-0.545
0	-9.221	0.998	-0.544
0	-9.216	0.997	-0.544
0	-9.211	0.996	-0.544
0	-9.206	0.994	-0.543
0	-9.199	0.993	-0.543
0	-9.194	0.991	-0.542
0	-9.188	0.989	-0.542
0	-9.183	0.988	-0.542
0	-9.178	0.987	-0.541
0	-9.173	0.984	-0.541
0	-9.166	0.982	-0.540
0	-9.161	0.979	-0.539
0	-9.154	0.976	-0.538
0	-9.149	0.973	-0.538
0	-9.144	0.970	-0.538
0	-9.140	0.967	-0.538
0	-9.135	0.963	-0.537
0	-9.131	0.958	-0.537
0	-9.127	0.954	-0.537
0	-9.124	0.949	-0.538
0	-9.122	0.943	-0.538
0	-9.119	0.935	-0.539
0	-9.117	0.929	-0.540
0	-9.116	0.925	-0.541
0	-9.115	0.920	-0.541
0	-9.114	0.916	-0.542
0	-9.113	0.911	-0.543
0	-9.110	0.904	-0.544
0	-9.109	0.901	-0.544
0	-9.109	0.900	-0.545
0	-9.108	0.898	-0.545
0	-9.108	0.897	-0.545
0	-9.107	0.894	-0.546
0	-9.105	0.890	-0.547
0	-9.104	0.886	-0.549
0	-9.102	0.880	-0.552
0	-9.100	0.875	-0.555
0	-9.100	0.874	-0.555
0	-9.100	0.873	-0.556
0	-9.099	0.872	-0.557
0	-9.097	0.866	-0.559
0	-9.095	0.860	-0.561
0	-9.093	0.854	-0.563
0	-9.091	0.848	-0.565
0	-9.088	0.842	-0.566
0	-9.085	0.837	-0.568
0	-9.081	0.831	-0.571
0	-9.078	0.826	-0.573
0	-9.075	0.822	-0.574
0	-9.070	0.817	-0.575
0	-9.066	0.813	-0.576
0	-9.061	0.809	-0.577
0	-9.057	0.806	-0.577
0	-9.051	0.803	-0.578
0	-9.045	0.801	-0.578
0	-9.041	0.800	-0.577
0	-9.035	0.799	-0.577
0	-9.031	0.798	-0.576
0	-9.024	0.796	-0.574
0	-9.018	0.794	-0.572
0	-9.013	0.791	-0.571
0	-9.008	0.789	-0.569
0	-9.003	0.786	-0.567
0	-9.001	0.785	-0.567
0	-9.000	0.784	-0.566
0	-8.999	0.784	-0.566
0	-8.998	0.783	-0.566
0	-8.995	0.781	-0.565
0	-8.991	0.779	-0.564
0	-8.986	0.776	-0.564
0	-8.981	0.772	-0.565
0	-8.978	0.770	-0.566
0	-8.974	0.766	-0.569
0	-8.970	0.763	-0.573
0	-8.967	0.759	-0.579
0	-8.965	0.756	-0.583
0	-8.964	0.754	-0.587
0	-8.964	0.752	-0.592
0	-8.965	0.751	-0.597
0	-8.965	0.750	-0.599
0	-8.966	0.750	-0.600
0	-8.966	0.749	-0.601
0	-8.966	0.749	-0.602
0	-8.967	0.748	-0.605
0	-8.970	0.746	-0.612
0	-8.972	0.745	-0.617
0	-8.974	0.744	-0.624
0	-8.977	0.743	-0.629
0	-8.979	0.741	-0.634
0	-8.982	0.740	-0.639
0	-8.984	0.739	-0.645
0	-8.987	0.738	-0.650
0	-8.989	0.737	-0.656
0	-8.990	0.736	-0.661
0	-8.992	0.734	-0.667
0	-8.993	0.732	-0.673
0	-8.993	0.730	-0.678
0	-8.994	0.727	-0.683
0	-8.994	0.723	-0.690
0	-8.995	0.719	-0.697
0	-8.996	0.717	-0.699
0	-8.996	0.717	-0.700
0	-8.996	0.716	-0.701
0	-8.996	0.715	-0.702
0	-8.997	0.713	-0.705
0	-8.998	0.711	-0.709
0	-8.999	0.710	-0.711
0	-9.000	0.709	-0.712
0	-9.000	0.708	-0.713
0	-9.001	0.708	-0.714
0	-9.004	0.705	-0.719
0	-9.006	0.702	-0.723
0	-9.007	0.701	-0.726
0	-9.008	0.700	-0.727
0	-9.008	0.699	-0.728
0	-9.009	0.699	-0.729
0	-9.011	0.696	-0.735
0	-9.013	0.694	-0.739
0	-9.015	0.692	-0.743
0	-9.017	0.691	-0.747
0	-9.018	0.690	-0.751
0	-9.021	0.689	-0.756
0	-9.023	0.689	-0.760
0	-9.026	0.689	-0.765
0	-9.029	0.689	-0.771
0	-9.032	0.691	-0.779
0	-9.034	0.692	-0.784
0	-9.037	0.694	-0.787
0	-9.039	0.696	-0.790
0	-9.043	0.698	-0.794
0	-9.045	0.700	-0.795
0	-9.045	0.700	-0.796
0	-9.046	0.700	-0.796
0	-9.047	0.701	-0.797
0	-9.051	0.703	-0.799
0	-9.056	0.705	-0.802
0	-9.061	0.708	-0.805
0	-9.066	0.711	-0.808
0	-9.072	0.714	-0.811
0	-9.079	0.716	-0.814
0	-9.084	0.718	-0.816
0	-9.089	0.721	-0.818
0	-9.095	0.724	-0.821
0	-9.099	0.726	-0.822
0	-9.103	0.729	-0.824
0	-9.108	0.732	-0.825
0	-9.111	0.734	-0.826
0	-9.115	0.737	-0.827
0	-9.120	0.741	-0.829
0	-9.125	0.746	-0.830
0	-9.130	0.750	-0.831
0	-9.135	0.754	-0.832
0	-9.140	0.758	-0.834
0	-9.145	0.762	-0.836
0	-9.149	0.765	-0.838
0	-9.154	0.768	-0.841
0	-9.158	0.772	-0.845
0	-9.162	0.775	-0.849
0	-9.166	0.778	-0.852
0	-9.169	0.782	-0.856
0	-9.173	0.787	-0.862
0	-9.176	0.791	-0.867
0	-9.178	0.795	-0.871
0	-9.180	0.798	-0.875
0	-9.181	0.799	-0.877
0	-9.182	0.800	-0.878
0	-9.182	0.800	-0.878
0	-9.183	0.801	-0.879
0	-9.186	0.804	-0.882
0	-9.190	0.809	-0.886
0	-9.195	0.812	-0.888
0	-9.200	0.815	-0.890
0	-9.204	0.817	-0.891
0	-9.209	0.819	-0.893
0	-9.216	0.820	-0.894
0	-9.222	0.821	-0.896
0	-9.230	0.820	-0.897
0	-9.235	0.819	-0.898
0	-9.243	0.817	-0.898
0	-9.247	0.815	-0.898
0	-9.251	0.813	-0.898
0	-9.255	0.810	-0.897
0	-9.259	0.807	-0.896
0	-9.262	0.804	-0.894
0	-9.266	0.801	-0.892
0	-9.266	0.800	-0.892
0	-9.267	0.799	-0.891
0	-9.268	0.798	-0.890
0	-9.271	0.795	-0.889
0	-9.274	0.791	-0.887
0	-9.278	0.786	-0.884
0	-9.283	0.782	-0.881
0	-9.287	0.778	-0.878
0	-9.291	0.774	-0.876
0	-9.297	0.770	-0.873
0	-9.299	0.769	-0.873
0	-9.300	0.768	-0.872
0	-9.300	0.768	-0.872
0	-9.301	0.767	-0.871
0	-9.302	0.766	-0.871
0	-9.304	0.765	-0.869
0	-9.308	0.762	-0.867
0	-9.311	0.759	-0.864
0	-9.314	0.756	-0.860
0	-9.316	0.753	-0.857
0	-9.318	0.750	-0.853
0	-9.319	0.746	-0.848
0	-9.320	0.742	-0.844
0	-9.321	0.738	-0.841
0	-9.321	0.732	-0.837
0	-9.322	0.727	-0.834
0	-9.324	0.720	-0.832
0	-9.327	0.714	-0.830
0	-9.331	0.707	-0.829
0	-9.335	0.702	-0.827
0	-9.336	0.701	-0.827
0	-9.337	0.700	-0.826
0	-9.338	0.699	-0.826
0	-9.339	0.697	-0.826
0	-9.341	0.695	-0.825
0	-9.347	0.688	-0.822
0	-9.354	0.683	-0.820
0	-9.361	0.678	-0.818
0	-9.368	0.675	-0.817
0	-9.374	0.672	-0.816
0	-9.379	0.669	-0.815
0	-9.383	0.667	-0.814
0	-9.387	0.664	-0.813
0	-9.391	0.661	-0.812
0	-9.395	0.658	-0.811
0	-9.399	0.655	-0.810
0	-9.403	0.651	-0.810
0	-9.408	0.646	-0.810
0	-9.412	0.640	-0.810
0	-9.415	0.636	-0.811
0	-9.417	0.631	-0.811
0	-9.419	0.626	-0.811
0	-9.420	0.620	-0.812
0	-9.420	0.613	-0.813
0	-9.419	0.606	-0.814
0	-9.418	0.601	-0.816
0	-9.415	0.594	-0.818
0	-9.411	0.589	-0.821
0	-9.408	0.585	-0.823
0	-9.404	0.580	-0.826
0	-9.399	0.575	-0.829
0	-9.395	0.571	-0.832
0	-9.391	0.568	-0.833
0	-9.388	0.564	-0.835
0	-9.383	0.557	-0.837
0	-9.378	0.550	-0.839
0	-9.375	0.544	-0.841
0	-9.372	0.538	-0.842
0	-9.369	0.533	-0.845
0	-9.367	0.529	-0.847
0	-9.365	0.525	-0.850
0	-9.364	0.521	-0.853
0	-9.362	0.516	-0.857
0	-9.360	0.511	-0.862
0	-9.358	0.507	-0.867
0	-9.356	0.503	-0.873
0	-9.354	0.501	-0.876
0	-9.354	0.500	-0.878
0	-9.353	0.500	-0.879
0	-9.353	0.499	-0.880
0	-9.351	0.497	-0.885
0	-9.350	0.496	-0.890
0	-9.350	0.496	-0.896
0	-9.350	0.496	-0.899
0	-9.350	0.496	-0.900
0	-9.350	0.495	-0.901
0	-9.351	0.495	-0.902
0	-9.351	0.495	-0.905
0	-9.352	0.494	-0.912
0	-9.354	0.493	-0.919
0	-9.354	0.491	-0.927
0	-9.355	0.489	-0.935
0	-9.355	0.487	-0.942
0	-9.354	0.484	-0.949
0	-9.353	0.481	-0.955
0	-9.353	0.478	-0.962
0	-9.352	0.474	-0.969
0	-9.351	0.471	-0.974
0	-9.350	0.469	-0.979
0	-9.350	0.466	-0.983
0	-9.350	0.464	-0.988
0	-9.349	0.461	-0.993
0	-9.348	0.457	-0.998
0	-9.348	0.454	-1.004
0	-9.347	0.452	-1.010
0	-9.346	0.450	-1.018
0	-9.345	0.449	-1.026
0	-9.345	0.448	-1.033
0	-9.344	0.448	-1.040
0	-9.343	0.448	-1.048
0	-9.342	0.447	-1.054
0	-9.342	0.446	-1.060
0	-9.341	0.444	-1.067
0	-9.341	0.442	-1.073
0	-9.340	0.439	-1.080
0	-9.340	0.437	-1.086
0	-9.339	0.434	-1.092
0	-9.338	0.432	-1.097
0	-9.337	0.430	-1.099
0	-9.336	0.430	-1.100
0	-9.336	0.429	-1.101
0	-9.336	0.428	-1.102
0	-9.335	0.427	-1.104
0	-9.332	0.421	-1.111
0	-9.331	0.417	-1.115
0	-9.330	0.414	-1.119
0	-9.328	0.407	-1.126
0	-9.327	0.402	-1.130
0	-9.326	0.396	-1.135
0	-9.323	0.391	-1.139
0	-9.321	0.386	-1.143
0	-9.318	0.382	-1.146
0	-9.314	0.376	-1.151
0	-9.312	0.371	-1.156
0	-9.309	0.366	-1.160
0	-9.308	0.362	-1.164
0	-9.306	0.357	-1.168
0	-9.306	0.353	-1.172
0	-9.305	0.349	-1.175
0	-9.305	0.344	-1.178
0	-9.306	0.338	-1.181
0	-9.308	0.332	-1.184
0	-9.310	0.326	-1.185
0	-9.312	0.320	-1.186
0	-9.314	0.314	-1.186
0	-9.315	0.307	-1.185
0	-9.316	0.302	-1.183
0	-9.316	0.297	-1.182
0	-9.316	0.290	-1.180
0	-9.315	0.282	-1.179
0	-9.314	0.277	-1.179
0	-9.311	0.270	-1.180
0	-9.309	0.265	-1.181
0	-9.307	0.261	-1.182
0	-9.305	0.257	-1.183
0	-9.302	0.252	-1.184
0	-9.298	0.247	-1.185
0	-9.296	0.243	-1.186
0	-9.294	0.239	-1.187
0	-9.292	0.234	-1.189
0	-9.290	0.229	-1.190
0	-9.288	0.222	-1.193
0	-9.287	0.214	-1.196
0	-9.287	0.206	-1.199
0	-9.287	0.200	-1.201
0	-9.289	0.194	-1.204
0	-9.290	0.190	-1.206
0	-9.291	0.186	-1.209
0	-9.293	0.182	-1.211
0	-9.295	0.178	-1.214
0	-9.299	0.173	-1.218
0	-9.303	0.170	-1.222
0	-9.308	0.167	-1.226
0	-9.313	0.165	-1.228
0	-9.318	0.164	-1.231
0	-9.324	0.162	-1.232
0	-9.331	0.160	-1.233
0	-9.336	0.159	-1.233
0	-9.340	0.157	-1.232
0	-9.345	0.155	-1.231
0	-9.351	0.152	-1.229
0	-9.355	0.149	-1.227
0	-9.359	0.145	-1.225
0	-9.363	0.142	-1.224
0	-9.367	0.138	-1.221
0	-9.372	0.133	-1.218
0	-9.376	0.128	-1.215
0	-9.379	0.124	-1.211
0	-9.382	0.119	-1.206
0	-9.383	0.115	-1.202
0	-9.385	0.111	-1.197
0	-9.385	0.107	-1.191
0	-9.385	0.103	-1.184
0	-9.384	0.101	-1.180
0	-9.383	0.100	-1.179
0	-9.383	0.100	-1.178
0	-9.383	0.099	-1.177
0	-9.382	0.098	-1.175
0	-9.380	0.096	-1.170
0	-9.378	0.092	-1.164
0	-9.375	0.089	-1.158
0	-9.373	0.086	-1.152
0	-9.372	0.083	-1.146
0	-9.371	0.080	-1.141
0	-9.370	0.077	-1.134
0	-9.369	0.074	-1.126
0	-9.367	0.072	-1.120
0	-9.365	0.070	-1.114
0	-9.364	0.068	-1.109
0	-9.362	0.067	-1.104
0	-9.361	0.065	-1.099
0	-9.360	0.063	-1.094
0	-9.358	0.061	-1.089
0	-9.357	0.059	-1.082
0	-9.356	0.058	-1.078
0	-9.354	0.057	-1.073
0	-9.351	0.055	-1.066
0	-9.348	0.053	-1.060
0	-9.345	0.051	-1.054
0	-9.343	0.050	-1.050
0	-9.340	0.049	-1.047
0	-9.337	0.048	-1.042
0	-9.334	0.047	-1.038
0	-9.331	0.045	-1.033
0	-9.326	0.043	-1.027
0	-9.323	0.042	-1.022
0	-9.319	0.042	-1.016
0	-9.316	0.042	-1.011
0	-9.313	0.043	-1.004
0	-9.310	0.044	-0.997
0	-9.307	0.045	-0.990
0	-9.304	0.046	-0.984
0	-9.301	0.048	-0.979
0	-9.300	0.048	-0.977
0	-9.299	0.048	-0.976
0	-9.299	0.048	-0.975
0	-9.295	0.049	-0.971
0	-9.290	0.050	-0.967
0	-9.284	0.051	-0.964
0	-9.278	0.052	-0.963
0	-9.272	0.053	-0.963
0	-9.266	0.054	-0.965
0	-9.262	0.055	-0.967
0	-9.257	0.057	-0.970
0	-9.254	0.059	-0.973
0	-9.250	0.062	-0.979
0	-9.249	0.065	-0.984
0	-9.248	0.069	-0.988
0	-9.249	0.072	-0.993
0	-9.251	0.077	-0.998
0	-9.255	0.082	-1.002
0	-9.259	0.087	-1.005
0	-9.264	0.092	-1.006
0	-9.268	0.097	-1.006
0	-9.270	0.099	-1.006
0	-9.271	0.100	-1.006
0	-9.272	0.101	-1.006
0	-9.273	0.102	-1.005
0	-9.277	0.107	-1.004
0	-9.280	0.111	-1.002
0	-9.283	0.115	-1.001
0	-9.286	0.118	-1.000
0	-9.289	0.122	-0.998
0	-9.292	0.126	-0.996
0	-9.296	0.130	-0.993
0	-9.299	0.134	-0.990
0	-9.303	0.137	-0.986
0	-9.307	0.140	-0.980
0	-9.311	0.144	-0.974
0	-9.314	0.147	-0.970
0	-9.317	0.149	-0.965
0	-9.320	0.152	-0.960
0	-9.323	0.155	-0.955
0	-9.325	0.158	-0.951
0	-9.329	0.161	-0.945
0	-9.334	0.165	-0.939
0	-9.338	0.168	-0.935
0	-9.342	0.173	-0.930
0	-9.345	0.178	-0.926
0	-9.349	0.183	-0.922
0	-9.353	0.188	-0.919
0	-9.357	0.192	-0.917
0	-9.361	0.197	-0.914
0	-9.364	0.199	-0.913
0	-9.365	0.200	-0.913
0	-9.365	0.200	-0.912
0	-9.366	0.201	-0.912
0	-9.367	0.201	-0.912
0	-9.371	0.204	-0.909
0	-9.375	0.206	-0.906
0	-9.380	0.208	-0.902
0	-9.382	0.209	-0.900
0	-9.383	0.209	-0.899
0	-9.383	0.209	-0.899
0	-9.387	0.210	-0.895
0	-9.392	0.211	-0.889
0	-9.395	0.212	-0.885
0	-9.398	0.213	-0.880
0	-9.400	0.213	-0.877
0	-9.400	0.213	-0.876
0	-9.401	0.213	-0.875
0	-9.403	0.214	-0.870
0	-9.404	0.214	-0.864
0	-9.403	0.215	-0.856
0	-9.401	0.216	-0.848
0	-9.400	0.216	-0.847
0	-9.400	0.216	-0.846
0	-9.399	0.216	-0.845
0	-9.397	0.216	-0.841
0	-9.395	0.217	-0.836
0	-9.392	0.218	-0.832
0	-9.389	0.218	-0.827
0	-9.387	0.220	-0.822
0	-9.383	0.222	-0.816
0	-9.380	0.225	-0.811
0	-9.376	0.228	-0.805
0	-9.373	0.231	-0.801
0	-9.370	0.234	-0.796
0	-9.366	0.238	-0.791
0	-9.361	0.241	-0.784
0	-9.357	0.243	-0.780
0	-9.353	0.244	-0.775
0	-9.349	0.244	-0.771
0	-9.345	0.243	-0.766
0	-9.340	0.241	-0.759
0	-9.337	0.238	-0.753
0	-9.335	0.235	-0.748
0	-9.333	0.231	-0.742
0	-9.331	0.228	-0.736
0	-9.330	0.225	-0.730
0	-9.329	0.222	-0.725
0	-9.329	0.220	-0.721
0	-9.328	0.217	-0.717
0	-9.328	0.215	-0.713
0	-9.328	0.211	-0.707
0	-9.328	0.207	-0.700
0	-9.328	0.207	-0.700
0	-9.328	0.206	-0.699
0	-9.328	0.206	-0.698
0	-9.328	0.205	-0.696
0	-9.328	0.202	-0.691
0	-9.328	0.199	-0.685
0	-9.327	0.197	-0.679
0	-9.326	0.194	-0.673
0	-9.325	0.192	-0.666
0	-9.323	0.189	-0.661
0	-9.322	0.187	-0.657
0	-9.320	0.184	-0.653
0	-9.318	0.180	-0.649
0	-9.315	0.174	-0.646
0	-9.312	0.168	-0.644
0	-9.309	0.162	-0.644
0	-9.307	0.156	-0.644
0	-9.304	0.150	-0.645
0	-9.302	0.144	-0.647
0	-9.300	0.139	-0.650
0	-9.298	0.132	-0.655
0	-9.297	0.129	-0.658
0	-9.296	0.125	-0.661
0	-9.295	0.122	-0.665
0	-9.294	0.118	-0.669
0	-9.294	0.115	-0.673
0	-9.294	0.112	-0.678
0	-9.294	0.109	-0.683
0	-9.295	0.107	-0.689
0	-9.296	0.105	-0.696
0	-9.299	0.103	-0.703
0	-9.303	0.101	-0.709
0	-9.305	0.101	-0.713
0	-9.307	0.100	-0.715
0	-9.308	0.100	-0.716
0	-9.308	0.100	-0.717
0	-9.309	0.100	-0.717
0	-9.309	0.100	-0.718
0	-9.310	0.099	-0.720
0	-9.312	0.099	-0.722
0	-9.315	0.098	-0.726
0	-9.318	0.096	-0.731
0	-9.321	0.093	-0.736
0	-9.323	0.090	-0.741
0	-9.326	0.086	-0.746
0	-9.329	0.080	-0.750
0	-9.332	0.074	-0.753
0	-9.333	0.070	-0.755
0	-9.334	0.064	-0.757
0	-9.334	0.058	-0.759
0	-9.334	0.052	-0.761
0	-9.334	0.046	-0.763
0	-9.334	0.040	-0.765
0	-9.332	0.034	-0.767
0	-9.331	0.029	-0.769
0	-9.329	0.023	-0.771
0	-9.327	0.018	-0.774
0	-9.324	0.013	-0.776
0	-9.322	0.009	-0.778
0	-9.319	0.005	-0.781
0	-9.315	0.001	-0.784
0	-9.310	-0.002	-0.788
0	-9.307	-0.005	-0.791
0	-9.303	-0.007	-0.794
0	-9.298	-0.010	-0.798
0	-9.293	-0.012	-0.801
0	-9.287	-0.015	-0.803
0	-9.282	-0.018	-0.804
0	-9.277	-0.020	-0.805
0	-9.272	-0.021	-0.806
0	-9.269	-0.023	-0.805
0	-9.265	-0.024	-0.805
0	-9.257	-0.026	-0.804
0	-9.250	-0.028	-0.803
0	-9.244	-0.029	-0.803
0	-9.238	-0.031	-0.803
0	-9.233	-0.033	-0.803
0	-9.228	-0.036	-0.803
0	-9.225	-0.038	-0.804
0	-9.221	-0.041	-0.804
0	-9.217	-0.045	-0.806
0	-9.213	-0.049	-0.808
0	-9.209	-0.053	-0.810
0	-9.205	-0.058	-0.813
0	-9.201	-0.062	-0.816
0	-9.196	-0.067	-0.820
0	-9.192	-0.071	-0.824
0	-9.189	-0.076	-0.828
0	-9.186	-0.078	-0.831
0	-9.184	-0.081	-0.834
0	-9.179	-0.085	-0.840
0	-9.175	-0.088	-0.845
0	-9.171	-0.090	-0.850
0	-9.167	-0.092	-0.854
0	-9.162	-0.093	-0.858
0	-9.157	-0.095	-0.861
0	-9.149	-0.096	-0.865
0	-9.142	-0.095	-0.868
0	-9.137	-0.094	-0.869
0	-9.133	-0.093	-0.870
0	-9.129	-0.092	-0.870
0	-9.125	-0.091	-0.870
0	-9.121	-0.089	-0.870
0	-9.117	-0.087	-0.869
0	-9.113	-0.084	-0.868
0	-9.109	-0.081	-0.866
0	-9.105	-0.078	-0.865
0	-9.101	-0.075	-0.863
0	-9.097	-0.071	-0.860
0	-9.093	-0.068	-0.858
0	-9.090	-0.064	-0.855
0	-9.085	-0.059	-0.851
0	-9.081	-0.054	-0.848
0	-9.077	-0.049	-0.844
0	-9.073	-0.045	-0.841
0	-9.070	-0.040	-0.838
0	-9.066	-0.035	-0.835
0	-9.063	-0.030	-0.833
0	-9.060	-0.027	-0.830
0	-9.056	-0.022	-0.826
0	-9.053	-0.020	-0.822
0	-9.050	-0.017	-0.819
0	-9.047	-0.015	-0.815
0	-9.043	-0.013	-0.811
0	-9.040	-0.011	-0.807
0	-9.037	-0.011	-0.803
0	-9.034	-0.011	-0.798
0	-9.031	-0.011	-0.792
0	-9.029	-0.012	-0.787
0	-9.028	-0.013	-0.782
0	-9.027	-0.014	-0.777
0	-9.027	-0.016	-0.770
0	-9.028	-0.017	-0.763
0	-9.031	-0.018	-0.756
0	-9.033	-0.018	-0.750
0	-9.037	-0.017	-0.745
0	-9.041	-0.015	-0.739
0	-9.044	-0.012	-0.736
0	-9.047	-0.009	-0.732
0	-9.050	-0.006	-0.728
0	-9.052	-0.002	-0.724
0	-9.054	0.002	-0.721
0	-9.055	0.006	-0.718
0	-9.057	0.011	-0.714
0	-9.057	0.016	-0.712
0	-9.057	0.020	-0.709
0	-9.056	0.024	-0.707
0	-9.054	0.029	-0.704
0	-9.052	0.034	-0.700
0	-9.052	0.034	-0.700
0	-9.051	0.036	-0.699
0	-9.050	0.037	-0.698
0	-9.049	0.040	-0.696
0	-9.047	0.044	-0.693
0	-9.043	0.049	-0.690
0	-9.040	0.054	-0.688
0	-9.036	0.059	-0.686
0	-9.032	0.063	-0.685
0	-9.029	0.067	-0.683
0	-9.025	0.071	-0.683
0	-9.021	0.075	-0.682
0	-9.018	0.078	-0.681
0	-9.015	0.082	-0.680
0	-9.011	0.086	-0.679
0	-9.008	0.091	-0.678
0	-9.004	0.097	-0.677
0	-9.002	0.100	-0.677
0	-9.001	0.102	-0.676
0	-9.000	0.103	-0.676
0	-8.999	0.104	-0.676
0	-8.998	0.106	-0.675
0	-8.996	0.109	-0.675
0	-8.993	0.113	-0.673
0	-8.990	0.117	-0.671
0	-8.987	0.122	-0.669
0	-8.982	0.126	-0.666
0	-8.977	0.130	-0.664
0	-8.971	0.134	-0.663
0	-8.964	0.138	-0.663
0	-8.957	0.142	-0.664
0	-8.950	0.145	-0.666
0	-8.945	0.149	-0.669
0	-8.941	0.153	-0.671
0	-8.937	0.157	-0.674
0	-8.934	0.161	-0.676
0	-8.931	0.165	-0.679
0	-8.928	0.169	-0.681
0	-8.925	0.174	-0.682
0	-8.922	0.178	-0.683
0	-8.919	0.183	-0.683
0	-8.916	0.187	-0.682
0	-8.914	0.191	-0.681
0	-8.912	0.196	-0.679
0	-8.911	0.199	-0.678
0	-8.910	0.203	-0.676
0	-8.910	0.206	-0.674
0	-8.910	0.210	-0.672
0	-8.910	0.216	-0.668
0	-8.911	0.222	-0.664
0	-8.912	0.228	-0.660
0	-8.913	0.234	-0.656
0	-8.913	0.239	-0.653
0	-8.912	0.245	-0.651
0	-8.911	0.250	-0.649
0	-8.910	0.256	-0.648
0	-8.909	0.262	-0.647
0	-8.907	0.266	-0.646
0	-8.905	0.272	-0.646
0	-8.902	0.279	-0.645
0	-8.900	0.281	-0.645
0	-8.900	0.282	-0.645
0	-8.899	0.285	-0.645
0	-8.897	0.288	-0.645
0	-8.895	0.291	-0.646
0	-8.893	0.295	-0.646
0	-8.891	0.300	-0.646
0	-8.890	0.302	-0.646
0	-8.889	0.305	-0.646
0	-8.885	0.312	-0.646
0	-8.882	0.317	-0.645
0	-8.879	0.320	-0.643
0	-8.876	0.324	-0.642
0	-8.873	0.327	-0.640
0	-8.869	0.330	-0.638
0	-8.865	0.333	-0.635
0	-8.861	0.336	-0.632
0	-8.857	0.338	-0.629
0	-8.853	0.339	-0.626
0	-8.850	0.341	-0.622
0	-8.847	0.343	-0.618
0	-8.844	0.346	-0.614
0	-8.841	0.349	-0.608
0	-8.839	0.353	-0.603
0	-8.838	0.357	-0.597
0	-8.838	0.361	-0.590
0	-8.839	0.364	-0.585
0	-8.841	0.366	-0.579
0	-8.843	0.368	-0.573
0	-8.846	0.370	-0.567
0	-8.849	0.372	-0.562
0	-8.851	0.374	-0.558
0	-8.853	0.376	-0.554
0	-8.856	0.380	-0.549
0	-8.859	0.383	-0.544
0	-8.861	0.386	-0.541
0	-8.864	0.389	-0.537
0	-8.867	0.392	-0.533
0	-8.870	0.396	-0.529
0	-8.873	0.400	-0.526
0	-8.876	0.404	-0.523
0	-8.879	0.409	-0.519
0	-8.881	0.413	-0.516
0	-8.883	0.418	-0.513
0	-8.885	0.421	-0.510
0	-8.886	0.426	-0.507
0	-8.886	0.430	-0.505
0	-8.885	0.435	-0.503
0	-8.884	0.440	-0.501
0	-8.884	0.442	-0.500
0	-8.881	0.448	-0.498
0	-8.878	0.454	-0.496
0	-8.874	0.459	-0.496
0	-8.870	0.464	-0.496
0	-8.865	0.469	-0.498
0	-8.861	0.473	-0.499
0	-8.858	0.476	-0.500
0	-8.857	0.477	-0.500
0	-8.856	0.478	-0.500
0	-8.855	0.479	-0.501
0	-8.853	0.481	-0.501
0	-8.850	0.483	-0.502
0	-8.846	0.486	-0.504
0	-8.842	0.489	-0.505
0	-8.837	0.493	-0.507
0	-8.831	0.496	-0.508
0	-8.826	0.498	-0.508
0	-8.820	0.499	-0.507
0	-8.817	0.500	-0.507
0	-8.812	0.500	-0.505
0	-8.806	0.500	-0.504
0	-8.800	0.500	-0.503
0	-8.795	0.500	-0.502
0	-8.793	0.500	-0.502
0	-8.792	0.500	-0.502
0	-8.791	0.500	-0.502
0	-8.790	0.500	-0.501
0	-8.785	0.500	-0.501
0	-8.780	0.499	-0.500
0	-8.775	0.499	-0.498
0	-8.770	0.500	-0.497
0	-8.768	0.500	-0.497
0	-8.768	0.500	-0.497
0	-8.767	0.500	-0.496
0	-8.766	0.500	-0.496
0	-8.764	0.500	-0.496
0	-8.758	0.501	-0.496
0	-8.753	0.502	-0.496
0	-8.747	0.503	-0.498
0	-8.742	0.505	-0.501
0	-8.737	0.509	-0.505
0	-8.733	0.512	-0.508
0	-8.731	0.516	-0.512
0	-8.730	0.521	-0.517
0	-8.729	0.526	-0.520
0	-8.729	0.531	-0.524
0	-8.729	0.538	-0.529
0	-8.731	0.546	-0.535
0	-8.733	0.550	-0.538
0	-8.735	0.555	-0.541
0	-8.738	0.559	-0.543
0	-8.742	0.563	-0.544
0	-8.746	0.567	-0.546
0	-8.750	0.570	-0.546
0	-8.755	0.572	-0.546
0	-8.760	0.574	-0.545
0	-8.765	0.575	-0.544
0	-8.770	0.576	-0.542
0	-8.776	0.577	-0.539
0	-8.781	0.576	-0.537
0	-8.786	0.576	-0.533
0	-8.790	0.575	-0.529
0	-8.793	0.574	-0.525
0	-8.796	0.573	-0.521
0	-8.798	0.571	-0.517
0	-8.800	0.570	-0.513
0	-8.800	0.568	-0.508
0	-8.801	0.566	-0.503
0	-8.801	0.565	-0.501
0	-8.801	0.565	-0.500
0	-8.801	0.565	-0.499
0	-8.800	0.564	-0.498
0	-8.800	0.563	-0.494
0	-8.800	0.563	-0.493
0	-8.800	0.563	-0.492
0	-8.800	0.563	-0.491
0	-8.799	0.563	-0.487
0	-8.797	0.562	-0.481
0	-8.794	0.563	-0.477
0	-8.791	0.563	-0.473
0	-8.786	0.564	-0.469
0	-8.781	0.565	-0.467
0	-8.777	0.566	-0.466
0	-8.773	0.567	-0.466
0	-8.769	0.569	-0.467
0	-8.765	0.571	-0.469
0	-8.762	0.573	-0.471
0	-8.758	0.575	-0.474
0	-8.756	0.577	-0.478
0	-8.753	0.580	-0.483
0	-8.752	0.583	-0.488
0	-8.751	0.586	-0.493
0	-8.751	0.590	-0.498
0	-8.751	0.592	-0.503
0	-8.751	0.595	-0.507
0	-8.752	0.597	-0.512
0	-8.753	0.599	-0.516
0	-8.753	0.600	-0.519
0	-8.753	0.600	-0.520
0	-8.754	0.601	-0.521
0	-8.754	0.602	-0.525
0	-8.754	0.604	-0.530
0	-8.755	0.606	-0.535
0	-8.755	0.609	-0.541
0	-8.754	0.611	-0.546
0	-8.754	0.613	-0.551
0	-8.753	0.615	-0.557
0	-8.752	0.618	-0.563
0	-8.751	0.621	-0.568
0	-8.750	0.625	-0.573
0	-8.748	0.628	-0.577
0	-8.747	0.632	-0.582
0	-8.745	0.636	-0.587
0	-8.744	0.640	-0.591
0	-8.743	0.644	-0.594
0	-8.742	0.649	-0.598
0	-8.741	0.651	-0.600
0	-8.741	0.651	-0.600
0	-8.741	0.652	-0.601
0	-8.741	0.653	-0.602
0	-8.740	0.657	-0.606
0	-8.740	0.661	-0.610
0	-8.740	0.665	-0.614
0	-8.740	0.670	-0.618
0	-8.742	0.676	-0.622
0	-8.744	0.682	-0.626
0	-8.747	0.688	-0.630
0	-8.749	0.691	-0.632
0	-8.752	0.695	-0.634
0	-8.758	0.699	-0.636
0	-8.759	0.699	-0.637
0	-8.760	0.700	-0.637
0	-8.761	0.700	-0.637
0	-8.762	0.701	-0.638
0	-8.765	0.702	-0.638
0	-8.770	0.703	-0.640
0	-8.776	0.705	-0.641
0	-8.781	0.706	-0.642
0	-8.787	0.706	-0.643
0	-8.793	0.707	-0.642
0	-8.797	0.707	-0.642
0	-8.799	0.707	-0.642
0	-8.800	0.708	-0.642
0	-8.801	0.708	-0.642
0	-8.802	0.708	-0.641
0	-8.807	0.708	-0.640
0	-8.812	0.708	-0.639
0	-8.817	0.709	-0.636
0	-8.823	0.710	-0.632
0	-8.827	0.710	-0.629
0	-8.833	0.711	-0.623
0	-8.836	0.712	-0.619
0	-8.839	0.713	-0.616
0	-8.842	0.714	-0.612
0	-8.845	0.716	-0.607
0	-8.848	0.719	-0.602
0	-8.848	0.719	-0.601
0	-8.849	0.720	-0.600
0	-8.849	0.720	-0.599
0	-8.850	0.721	-0.598
0	-8.852	0.723	-0.594
0	-8.854	0.727	-0.590
0	-8.857	0.731	-0.587
0	-8.860	0.735	-0.585
0	-8.862	0.739	-0.583
0	-8.865	0.743	-0.582
0	-8.867	0.747	-0.582
0	-8.870	0.751	-0.582
0	-8.874	0.756	-0.582
0	-8.878	0.760	-0.583
0	-8.882	0.764	-0.585
0	-8.887	0.768	-0.586
0	-8.891	0.771	-0.587
0	-8.895	0.774	-0.589
0	-8.899	0.777	-0.591
0	-8.900	0.777	-0.591
0	-8.901	0.778	-0.591
0	-8.901	0.779	-0.592
0	-8.904	0.781	-0.593
0	-8.908	0.783	-0.594
0	-8.913	0.787	-0.595
0	-8.918	0.790	-0.595
0	-8.922	0.794	-0.594
0	-8.927	0.798	-0.592
0	-8.928	0.799	-0.592
0	-8.929	0.800	-0.591
0	-8.929	0.801	-0.591
0	-8.930	0.802	-0.590
0	-8.932	0.804	-0.589
0	-8.935	0.809	-0.587
0	-8.938	0.814	-0.586
0	-8.941	0.820	-0.584
0	-8.943	0.826	-0.583
0	-8.945	0.832	-0.582
0	-8.947	0.839	-0.581
0	-8.948	0.846	-0.580
0	-8.950	0.854	-0.579
0	-8.952	0.861	-0.578
0	-8.954	0.869	-0.576
0	-8.956	0.876	-0.575
0	-8.958	0.883	-0.574
0	-8.959	0.890	-0.572
0	-8.960	0.898	-0.571
0	-8.960	0.905	-0.570
0	-8.960	0.911	-0.568
0	-8.960	0.918	-0.566
0	-8.961	0.924	-0.564
0	-8.961	0.929	-0.563
0	-8.961	0.934	-0.561
0	-8.961	0.940	-0.559
0	-8.961	0.946	-0.558
0	-8.961	0.953	-0.556
0	-8.959	0.960	-0.554
0	-8.957	0.966	-0.554
0	-8.955	0.971	-0.554
0	-8.953	0.976	-0.554
0	-8.951	0.979	-0.555
0	-8.949	0.983	-0.556
0	-8.947	0.987	-0.557
0	-8.945	0.992	-0.559
0	-8.942	0.997	-0.560
0	-8.940	1.000	-0.561
0	-8.939	1.002	-0.561
0	-8.938	1.003	-0.562
0	-8.935	1.006	-0.563
0	-8.933	1.009	-0.563
0	-8.930	1.013	-0.564
0	-8.926	1.018	-0.564
0	-8.921	1.023	-0.563
0	-8.917	1.028	-0.562
0	-8.914	1.031	-0.560
0	-8.911	1.034	-0.558
0	-8.908	1.038	-0.556
0	-8.905	1.042	-0.552
0	-8.901	1.047	-0.548
0	-8.898	1.051	-0.544
0	-8.896	1.054	-0.541
0	-8.894	1.057	-0.538
0	-8.892	1.061	-0.534
0	-8.889	1.065	-0.531
0	-8.887	1.070	-0.528
0	-8.884	1.074	-0.524
0	-8.881	1.078	-0.521
0	-8.879	1.082	-0.517
0	-8.878	1.086	-0.514
0	-8.878	1.091	-0.510
0	-8.878	1.096	-0.506
0	-8.879	1.099	-0.504
0	-8.879	1.100	-0.503
0	-8.879	1.101	-0.502
0	-8.879	1.103	-0.501
0	-8.879	1.104	-0.500
0	-8.880	1.105	-0.499
0	-8.880	1.106	-0.498
0	-8.882	1.111	-0.494
0	-8.885	1.117	-0.490
0	-8.888	1.123	-0.486
0	-8.890	1.126	-0.485
0	-8.894	1.130	-0.482
0	-8.898	1.134	-0.480
0	-8.899	1.136	-0.480
0	-8.900	1.136	-0.479
0	-8.901	1.137	-0.479
0	-8.901	1.137	-0.479
0	-8.905	1.140	-0.477
0	-8.909	1.143	-0.475
0	-8.914	1.147	-0.473
0	-8.919	1.151	-0.469
0	-8.925	1.155	-0.464
0	-8.929	1.158	-0.458
0	-8.932	1.161	-0.454
0	-8.935	1.164	-0.448
0	-8.937	1.167	-0.443
0	-8.938	1.171	-0.438
0	-8.940	1.175	-0.432
0	-8.940	1.179	-0.427
0	-8.940	1.183	-0.422
0	-8.938	1.186	-0.417
0	-8.936	1.189	-0.412
0	-8.934	1.191	-0.407
0	-8.932	1.193	-0.402
0	-8.931	1.194	-0.401
0	-8.931	1.194	-0.400
0	-8.930	1.194	-0.399
0	-8.930	1.195	-0.398
0	-8.929	1.196	-0.395
0	-8.927	1.198	-0.389
0	-8.927	1.200	-0.385
0	-8.927	1.200	-0.384
0	-8.927	1.200	-0.383
0	-8.927	1.201	-0.383
0	-8.926	1.203	-0.378
0	-8.924	1.205	-0.373
0	-8.921	1.208	-0.366
0	-8.917	1.209	-0.361
0	-8.913	1.210	-0.357
0	-8.908	1.211	-0.354
0	-8.902	1.212	-0.351
0	-8.901	1.212	-0.350
0	-8.900	1.212	-0.350
0	-8.899	1.212	-0.350
0	-8.898	1.212	-0.349
0	-8.893	1.211	-0.348
0	-8.888	1.210	-0.346
0	-8.882	1.208	-0.345
0	-8.877	1.207	-0.344
0	-8.871	1.204	-0.343
0	-8.866	1.202	-0.342
0	-8.862	1.199	-0.341
0	-8.857	1.196	-0.340
0	-8.853	1.193	-0.339
0	-8.848	1.189	-0.338
0	-8.843	1.185	-0.337
0	-8.839	1.181	-0.336
0	-8.835	1.178	-0.334
0	-8.832	1.174	-0.333
0	-8.827	1.171	-0.330
0	-8.823	1.167	-0.327
0	-8.819	1.163	-0.324
0	-8.815	1.160	-0.321
0	-8.812	1.158	-0.318
0	-8.809	1.156	-0.314
0	-8.805	1.154	-0.310
0	-8.801	1.153	-0.306
0	-8.800	1.153	-0.305
0	-8.800	1.153	-0.305
0	-8.799	1.153	-0.304
0	-8.799	1.153	-0.304
0	-8.795	1.152	-0.301
0	-8.794	1.153	-0.300
0	-8.793	1.153	-0.300
0	-8.792	1.153	-0.300
0	-8.791	1.153	-0.299
0	-8.786	1.153	-0.297
0	-8.782	1.154	-0.296
0	-8.778	1.155	-0.295
0	-8.772	1.156	-0.293
0	-8.766	1.158	-0.292
0	-8.759	1.160	-0.291
0	-8.754	1.162	-0.290
0	-8.749	1.164	-0.290
0	-8.745	1.166	-0.289
0	-8.740	1.169	-0.288
0	-8.735	1.172	-0.286
0	-8.731	1.176	-0.284
0	-8.726	1.180	-0.281
0	-8.722	1.183	-0.277
0	-8.718	1.187	-0.273
0	-8.715	1.190	-0.268
0	-8.712	1.193	-0.263
0	-8.708	1.197	-0.259
0	-8.705	1.201	-0.254
0	-8.702	1.205	-0.250
0	-8.700	1.208	-0.245
0	-8.698	1.211	-0.240
0	-8.696	1.214	-0.235
0	-8.694	1.217	-0.230
0	-8.691	1.221	-0.225
0	-8.688	1.224	-0.219
0	-8.685	1.227	-0.215
0	-8.682	1.229	-0.211
0	-8.679	1.232	-0.207
0	-8.675	1.235	-0.203
0	-8.671	1.238	-0.200
0	-8.666	1.241	-0.198
0	-8.661	1.243	-0.196
0	-8.657	1.245	-0.195
0	-8.651	1.248	-0.195
0	-8.644	1.251	-0.195
0	-8.638	1.253	-0.196
0	-8.634	1.254	-0.197
0	-8.630	1.255	-0.198
0	-8.625	1.256	-0.200
0	-8.618	1.257	-0.202
0	-8.613	1.258	-0.204
0	-8.605	1.260	-0.206
0	-8.601	1.260	-0.207
0	-8.600	1.261	-0.207
0	-8.599	1.261	-0.207
0	-8.598	1.261	-0.208
0	-8.594	1.263	-0.209
0	-8.589	1.264	-0.212
0	-8.585	1.266	-0.215
0	-8.581	1.268	-0.219
0	-8.579	1.270	-0.225
0	-8.578	1.272	-0.231
0	-8.578	1.273	-0.235
0	-8.579	1.274	-0.239
0	-8.581	1.275	-0.243
0	-8.583	1.276	-0.248
0	-8.587	1.277	-0.252
0	-8.590	1.278	-0.255
0	-8.593	1.280	-0.258
0	-8.599	1.282	-0.261
0	-8.600	1.283	-0.261
0	-8.601	1.283	-0.262
0	-8.601	1.283	-0.262
0	-8.605	1.285	-0.263
0	-8.610	1.288	-0.265
0	-8.615	1.291	-0.267
0	-8.619	1.294	-0.269
0	-8.623	1.298	-0.270
0	-8.627	1.301	-0.271
0	-8.630	1.304	-0.272
0	-8.634	1.307	-0.273
0	-8.638	1.310	-0.273
0	-8.641	1.314	-0.274
0	-8.647	1.319	-0.276
0	-8.650	1.323	-0.277
0	-8.653	1.328	-0.279
0	-8.656	1.332	-0.282
0	-8.659	1.337	-0.284
0	-8.661	1.341	-0.287
0	-8.663	1.345	-0.289
0	-8.666	1.351	-0.292
0	-8.668	1.355	-0.294
0	-8.669	1.359	-0.296
0	-8.670	1.363	-0.298
0	-8.671	1.365	-0.300
0	-8.671	1.366	-0.300
0	-8.671	1.367	-0.301
0	-8.671	1.368	-0.301
0	-8.672	1.373	-0.303
0	-8.673	1.380	-0.305
0	-8.673	1.386	-0.306
0	-8.673	1.391	-0.307
0	-8.674	1.397	-0.307
0	-8.673	1.403	-0.307
0	-8.673	1.407	-0.306
0	-8.672	1.411	-0.306
0	-8.672	1.415	-0.305
0	-8.670	1.419	-0.303
0	-8.669	1.424	-0.302
0	-8.667	1.429	-0.300
0	-8.664	1.434	-0.299
0	-8.661	1.439	-0.298
0	-8.657	1.444	-0.296
0	-8.653	1.449	-0.296
0	-8.648	1.453	-0.296
0	-8.644	1.457	-0.296
0	-8.639	1.460	-0.296
0	-8.634	1.464	-0.296
0	-8.628	1.469	-0.297
0	-8.623	1.473	-0.299
0	-8.619	1.479	-0.302
0	-8.616	1.483	-0.305
0	-8.614	1.487	-0.307
0	-8.612	1.491	-0.309
0	-8.611	1.495	-0.311
0	-8.610	1.499	-0.313
0	-8.610	1.503	-0.314
0	-8.610	1.507	-0.315
0	-8.609	1.511	-0.316
0	-8.609	1.515	-0.316
0	-8.609	1.519	-0.316
0	-8.608	1.523	-0.315
0	-8.606	1.527	-0.314
0	-8.604	1.533	-0.313
0	-8.601	1.538	-0.312
0	-8.597	1.543	-0.311
0	-8.594	1.549	-0.311
0	-8.590	1.556	-0.312
0	-8.588	1.561	-0.313
0	-8.586	1.567	-0.316
0	-8.586	1.571	-0.318
0	-8.585	1.576	-0.321
0	-8.586	1.580	-0.325
0	-8.587	1.585	-0.328
0	-8.589	1.590	-0.332
0	-8.591	1.594	-0.334
0	-8.593	1.599	-0.336
0	-8.596	1.603	-0.337
0	-8.599	1.606	-0.337
0	-8.602	1.610	-0.337
0	-8.607	1.615	-0.335
0	-8.611	1.618	-0.333
0	-8.615	1.620	-0.331
0	-8.618	1.623	-0.327
0	-8.622	1.625	-0.321
0	-8.623	1.627	-0.316
0	-8.624	1.628	-0.312
0	-8.624	1.629	-0.307
0	-8.623	1.630	-0.301
0	-8.623	1.630	-0.300
0	-8.622	1.630	-0.299
0	-8.622	1.630	-0.298
0	-8.622	1.630	-0.295
0	-8.621	1.631	-0.291
0	-8.620	1.632	-0.286
0	-8.618	1.633	-0.281
0	-8.616	1.635	-0.276
0	-8.613	1.636	-0.270
0	-8.610	1.636	-0.264
0	-8.606	1.637	-0.259
0	-8.603	1.637	-0.253
0	-8.599	1.637	-0.247
0	-8.595	1.637	-0.242
0	-8.590	1.637	-0.238
0	-8.585	1.637	-0.234
0	-8.579	1.636	-0.232
0	-8.572	1.635	-0.230
0	-8.566	1.632	-0.229
0	-8.561	1.629	-0.228
0	-8.557	1.627	-0.228
0	-8.551	1.622	-0.227
0	-8.545	1.618	-0.227
0	-8.539	1.614	-0.227
0	-8.534	1.611	-0.226
0	-8.530	1.607	-0.226
0	-8.525	1.604	-0.226
0	-8.521	1.600	-0.227
0	-8.517	1.597	-0.227
0	-8.512	1.595	-0.228
0	-8.507	1.593	-0.228
0	-8.500	1.591	-0.229
0	-8.493	1.590	-0.230
0	-8.486	1.591	-0.230
0	-8.480	1.593	-0.229
0	-8.475	1.596	-0.229
0	-8.471	1.599	-0.228
0	-8.470	1.600	-0.228
0	-8.468	1.602	-0.228
0	-8.467	1.605	-0.228
0	-8.465	1.610	-0.228
0	-8.464	1.615	-0.228
0	-8.463	1.620	-0.228
0	-8.463	1.626	-0.228
0	-8.463	1.632	-0.227
0	-8.464	1.638	-0.225
0	-8.465	1.643	-0.223
0	-8.466	1.650	-0.220
0	-8.466	1.654	-0.218
0	-8.467	1.660	-0.216
0	-8.468	1.666	-0.213
0	-8.469	1.672	-0.212
0	-8.469	1.678	-0.210
0	-8.469	1.684	-0.209
0	-8.470	1.690	-0.207
0	-8.470	1.695	-0.206
0	-8.471	1.699	-0.205
0	-8.471	1.700	-0.205
0	-8.471	1.701	-0.205
0	-8.471	1.703	-0.204
0	-8.471	1.706	-0.203
0	-8.472	1.710	-0.203
0	-8.472	1.715	-0.202
0	-8.471	1.719	-0.201
0	-8.471	1.725	-0.199
0	-8.470	1.731	-0.198
0	-8.470	1.735	-0.198
0	-8.469	1.740	-0.197
0	-8.469	1.746	-0.196
0	-8.468	1.751	-0.195
0	-8.466	1.758	-0.194
0	-8.465	1.763	-0.194
0	-8.464	1.770	-0.193
0	-8.463	1.776	-0.193
0	-8.462	1.781	-0.194
0	-8.462	1.787	-0.194
0	-8.461	1.795	-0.194
0	-8.460	1.798	-0.194
0	-8.460	1.800	-0.194
0	-8.460	1.802	-0.194
0	-8.460	1.804	-0.194
0	-8.459	1.808	-0.193
0	-8.459	1.813	-0.192
0	-8.458	1.819	-0.189
0	-8.457	1.825	-0.187
0	-8.456	1.831	-0.185
0	-8.454	1.837	-0.182
0	-8.453	1.843	-0.179
0	-8.450	1.850	-0.175
0	-8.448	1.855	-0.172
0	-8.446	1.860	-0.170
0	-8.443	1.866	-0.167
0	-8.439	1.871	-0.165
0	-8.435	1.876	-0.163
0	-8.430	1.881	-0.160
0	-8.427	1.883	-0.157
0	-8.424	1.885	-0.155
0	-8.420	1.887	-0.151
0	-8.414	1.889	-0.147
0	-8.409	1.890	-0.143
0	-8.405	1.890	-0.140
0	-8.401	1.889	-0.138
0	-8.396	1.888	-0.135
0	-8.390	1.886	-0.131
0	-8.383	1.882	-0.129
0	-8.376	1.878	-0.128
0	-8.369	1.873	-0.129
0	-8.365	1.871	-0.130
0	-8.361	1.868	-0.133
0	-8.357	1.866	-0.137
0	-8.354	1.864	-0.142
0	-8.351	1.863	-0.149
0	-8.349	1.862	-0.156
0	-8.349	1.862	-0.163
0	-8.350	1.861	-0.168
0	-8.351	1.861	-0.173
0	-8.353	1.861	-0.178
0	-8.355	1.861	-0.184
0	-8.358	1.861	-0.190
0	-8.360	1.861	-0.194
0	-8.361	1.861	-0.199
0	-8.362	1.861	-0.200
0	-8.362	1.861	-0.201
0	-8.362	1.862	-0.202
0	-8.363	1.862	-0.205
0	-8.363	1.863	-0.209
0	-8.364	1.864	-0.214
0	-8.364	1.866	-0.220
0	-8.364	1.868	-0.226
0	-8.364	1.869	-0.230
0	-8.363	1.872	-0.236
0	-8.363	1.874	-0.242
0	-8.363	1.875	-0.248
0	-8.364	1.876	-0.253
0	-8.365	1.877	-0.259
0	-8.366	1.877	-0.263
0	-8.367	1.877	-0.268
0	-8.369	1.877	-0.271
0	-8.371	1.877	-0.275
0	-8.373	1.876	-0.279
0	-8.377	1.875	-0.285
0	-8.380	1.875	-0.289
0	-8.383	1.875	-0.293
0	-8.387	1.876	-0.298
0	-8.388	1.876	-0.299
0	-8.388	1.876	-0.300
0	-8.389	1.876	-0.301
0	-8.390	1.876	-0.301
0	-8.392	1.878	-0.304
0	-8.395	1.879	-0.307
0	-8.398	1.881	-0.309
0	-8.401	1.884	-0.311
0	-8.405	1.887	-0.313
0	-8.409	1.891	-0.315
0	-8.412	1.895	-0.316
0	-8.415	1.899	-0.316
0	-8.418	1.903	-0.316
0	-8.419	1.907	-0.315
0	-8.421	1.911	-0.314
0	-8.422	1.915	-0.313
0	-8.422	1.920	-0.311
0	-8.422	1.924	-0.309
0	-8.422	1.928	-0.306
0	-8.421	1.931	-0.303
0	-8.420	1.934	-0.300
0	-8.419	1.937	-0.297
0	-8.417	1.940	-0.293
0	-8.415	1.943	-0.289
0	-8.413	1.945	-0.285
0	-8.411	1.946	-0.281
0	-8.409	1.948	-0.277
0	-8.406	1.949	-0.272
0	-8.402	1.950	-0.268
0	-8.398	1.951	-0.264
0	-8.393	1.953	-0.261
0	-8.388	1.954	-0.259
0	-8.384	1.957	-0.258
0	-8.379	1.960	-0.257
0	-8.374	1.963	-0.259
0	-8.370	1.967	-0.261
0	-8.367	1.971	-0.264
0	-8.364	1.975	-0.267
0	-8.362	1.979	-0.270
0	-8.361	1.983	-0.273
0	-8.360	1.987	-0.275
0	-8.360	1.991	-0.277
0	-8.360	1.995	-0.278
0	-8.360	1.999	-0.279
0	-8.360	2.000	-0.279
0	-8.360	2.001	-0.279
0	-8.360	2.003	-0.279
0	-8.360	2.005	-0.280
0	-8.361	2.010	-0.280
0	-8.361	2.015	-0.281
0	-8.361	2.022	-0.282
0	-8.360	2.030	-0.283
0	-8.359	2.036	-0.284
0	-8.356	2.043	-0.285
0	-8.353	2.050	-0.286
0	-8.350	2.055	-0.287
0	-8.346	2.063	-0.289
0	-8.343	2.068	-0.290
0	-8.339	2.073	-0.291
0	-8.334	2.078	-0.291
0	-8.330	2.084	-0.290
0	-8.325	2.089	-0.289
0	-8.322	2.094	-0.288
0	-8.319	2.098	-0.287
0	-8.317	2.099	-0.287
0	-8.315	2.102	-0.287
0	-8.312	2.104	-0.287
0	-8.309	2.107	-0.287
0	-8.306	2.111	-0.287
0	-8.303	2.114	-0.288
0	-8.299	2.120	-0.290
0	-8.296	2.124	-0.291
0	-8.293	2.129	-0.292
0	-8.290	2.136	-0.295
0	-8.288	2.142	-0.298
0	-8.287	2.145	-0.299
0	-8.287	2.146	-0.300
0	-8.287	2.148	-0.301
0	-8.286	2.149	-0.301
0	-8.285	2.153	-0.304
0	-8.285	2.156	-0.306
0	-8.284	2.160	-0.310
0	-8.283	2.164	-0.315
0	-8.282	2.169	-0.323
0	-8.281	2.170	-0.327
0	-8.280	2.172	-0.332
0	-8.278	2.173	-0.337
0	-8.277	2.173	-0.344
0	-8.276	2.174	-0.352
0	-8.275	2.175	-0.359
0	-8.275	2.176	-0.365
0	-8.275	2.178	-0.372
0	-8.275	2.181	-0.378
0	-8.276	2.183	-0.382
0	-8.276	2.186	-0.387
0	-8.277	2.189	-0.391
0	-8.278	2.192	-0.396
0	-8.278	2.196	-0.400
0	-8.279	2.200	-0.404
0	-8.279	2.204	-0.408
0	-8.280	2.208	-0.411
0	-8.280	2.214	-0.415
0	-8.281	2.221	-0.419
0	-8.281	2.226	-0.423
0	-8.282	2.231	-0.426
0	-8.284	2.236	-0.431
0	-8.286	2.240	-0.435
0	-8.287	2.243	-0.439
0	-8.289	2.247	-0.443
0	-8.291	2.249	-0.447
0	-8.293	2.252	-0.451
0	-8.296	2.254	-0.455
0	-8.298	2.256	-0.459
0	-8.302	2.259	-0.464
0	-8.306	2.261	-0.469
0	-8.310	2.262	-0.474
0	-8.315	2.265	-0.479
0	-8.318	2.267	-0.483
0	-8.322	2.270	-0.488
0	-8.325	2.274	-0.492
0	-8.328	2.279	-0.497
0	-8.330	2.284	-0.502
0	-8.331	2.289	-0.506
0	-8.333	2.294	-0.510
0	-8.334	2.299	-0.514
0	-8.336	2.305	-0.517
0	-8.337	2.311	-0.520
0	-8.338	2.315	-0.523
0	-8.339	2.320	-0.526
0	-8.340	2.325	-0.528
0	-8.341	2.329	-0.531
0	-8.342	2.333	-0.534
0	-8.344	2.338	-0.537
0	-8.345	2.342	-0.540
0	-8.346	2.346	-0.543
0	-8.348	2.351	-0.546
0	-8.350	2.355	-0.549
0	-8.351	2.359	-0.551
0	-8.353	2.364	-0.554
0	-8.355	2.368	-0.557
0	-8.358	2.373	-0.559
0	-8.360	2.378	-0.562
0	-8.361	2.383	-0.564
0	-8.362	2.387	-0.565
0	-8.362	2.392	-0.566
0	-8.362	2.396	-0.567
0	-8.362	2.402	-0.568
0	-8.360	2.410	-0.568
0	-8.358	2.416	-0.567
0	-8.356	2.422	-0.567
0	-8.354	2.427	-0.566
0	-8.351	2.432	-0.565
0	-8.348	2.437	-0.564
0	-8.345	2.441	-0.562
0	-8.341	2.444	-0.560
0	-8.337	2.448	-0.557
0	-8.333	2.450	-0.555
0	-8.329	2.452	-0.552
0	-8.325	2.454	-0.549
0	-8.321	2.456	-0.546
0	-8.317	2.458	-0.542
0	-8.313	2.459	-0.539
0	-8.309	2.461	-0.536
0	-8.305	2.462	-0.533
0	-8.300	2.463	-0.530
0	-8.296	2.464	-0.526
0	-8.292	2.464	-0.522
0	-8.286	2.463	-0.517
0	-8.283	2.463	-0.513
0	-8.279	2.463	-0.508
0	-8.276	2.464	-0.505
0	-8.273	2.465	-0.501
0	-8.271	2.466	-0.496
0	-8.268	2.468	-0.492
0	-8.266	2.470	-0.488
0	-8.264	2.472	-0.483
0	-8.263	2.475	-0.477
0	-8.264	2.478	-0.471
0	-8.267	2.481	-0.465
0	-8.270	2.484	-0.461
0	-8.275	2.487	-0.458
0	-8.280	2.490	-0.456
0	-8.285	2.492	-0.454
0	-8.291	2.494	-0.453
0	-8.298	2.496	-0.453
0	-8.300	2.496	-0.454
0	-8.300	2.496	-0.454
0	-8.301	2.496	-0.454
0	-8.302	2.496	-0.454
0	-8.307	2.496	-0.454
0	-8.312	2.496	-0.453
0	-8.317	2.495	-0.452
0	-8.321	2.494	-0.451
0	-8.325	2.492	-0.450
0	-8.330	2.489	-0.449
0	-8.334	2.486	-0.447
0	-8.338	2.480	-0.443
0	-8.342	2.474	-0.439
0	-8.344	2.469	-0.437
0	-8.345	2.463	-0.435
0	-8.346	2.456	-0.434
0	-8.345	2.451	-0.434
0	-8.344	2.444	-0.435
0	-8.343	2.438	-0.437
0	-8.341	2.433	-0.440
0	-8.340	2.429	-0.443
0	-8.338	2.426	-0.447
0	-8.337	2.424	-0.453
0	-8.336	2.423	-0.458
0	-8.336	2.422	-0.464
0	-8.337	2.423	-0.469
0	-8.339	2.424	-0.475
0	-8.342	2.425	-0.481
0	-8.346	2.427	-0.486
0	-8.350	2.430	-0.490
0	-8.356	2.434	-0.493
0	-8.363	2.438	-0.495
0	-8.367	2.440	-0.496
0	-8.371	2.441	-0.496
0	-8.376	2.442	-0.495
0	-8.381	2.443	-0.494
0	-8.388	2.443	-0.491
0	-8.394	2.442	-0.488
0	-8.400	2.440	-0.485
0	-8.401	2.440	-0.484
0	-8.402	2.439	-0.484
0	-8.406	2.436	-0.481
0	-8.410	2.434	-0.479
0	-8.414	2.430	-0.477
0	-8.419	2.426	-0.476
0	-8.425	2.422	-0.474
0	-8.431	2.419	-0.471
0	-8.437	2.416	-0.469
0	-8.443	2.414	-0.466
0	-8.451	2.412	-0.463
0	-8.457	2.410	-0.460
0	-8.463	2.408	-0.458
0	-8.470	2.406	-0.456
0	-8.476	2.405	-0.454
0	-8.482	2.403	-0.453
0	-8.487	2.400	-0.453
0	-8.494	2.398	-0.452
0	-8.499	2.396	-0.453
0	-8.504	2.394	-0.453
0	-8.509	2.391	-0.454
0	-8.514	2.389	-0.455
0	-8.519	2.387	-0.456
0	-8.524	2.384	-0.458
0	-8.529	2.381	-0.461
0	-8.534	2.378	-0.466
0	-8.538	2.375	-0.471
0	-8.541	2.372	-0.476
0	-8.543	2.369	-0.482
0	-8.544	2.365	-0.488
0	-8.544	2.361	-0.494
0	-8.543	2.357	-0.499
0	-8.543	2.356	-0.500
0	-8.543	2.355	-0.501
0	-8.543	2.355	-0.502
0	-8.541	2.352	-0.506
0	-8.540	2.349	-0.511
0	-8.538	2.346	-0.515
0	-8.536	2.344	-0.521
0	-8.533	2.341	-0.526
0	-8.531	2.340	-0.531
0	-8.530	2.338	-0.535
0	-8.528	2.337	-0.541
0	-8.527	2.337	-0.548
0	-8.527	2.337	-0.554
0	-8.526	2.337	-0.559
0	-8.526	2.339	-0.566
0	-8.526	2.340	-0.571
0	-8.527	2.342	-0.578
0	-8.529	2.345	-0.586
0	-8.532	2.348	-0.591
0	-8.534	2.351	-0.596
0	-8.537	2.355	-0.601
0	-8.540	2.359	-0.604
0	-8.542	2.363	-0.607
0	-8.544	2.367	-0.608
0	-8.545	2.371	-0.609
0	-8.547	2.376	-0.610
0	-8.549	2.382	-0.610
0	-8.551	2.387	-0.609
0	-8.553	2.394	-0.608
0	-8.556	2.401	-0.604
0	-8.556	2.404	-0.602
0	-8.556	2.406	-0.600
0	-8.557	2.406	-0.600
0	-8.557	2.407	-0.599
0	-8.557	2.408	-0.598
0	-8.557	2.414	-0.594
0	-8.557	2.419	-0.590
0	-8.557	2.423	-0.587
0	-8.556	2.429	-0.584
0	-8.555	2.434	-0.580
0	-8.554	2.440	-0.576
0	-8.553	2.446	-0.571
0	-8.552	2.451	-0.567
0	-8.552	2.456	-0.563
0	-8.552	2.459	-0.560
0	-8.553	2.462	-0.556
0	-8.554	2.466	-0.552
0	-8.556	2.469	-0.547
0	-8.558	2.473	-0.542
0	-8.560	2.476	-0.536
0	-8.564	2.478	-0.531
0	-8.567	2.480	-0.526
0	-8.570	2.482	-0.523
0	-8.574	2.484	-0.520
0	-8.579	2.485	-0.517
0	-8.583	2.487	-0.515
0	-8.587	2.489	-0.513
0	-8.592	2.491	-0.511
0	-8.598	2.494	-0.509
0	-8.604	2.496	-0.507
0	-8.610	2.497	-0.505
0	-8.615	2.499	-0.503
0	-8.622	2.499	-0.500
0	-8.623	2.500	-0.500
0	-8.624	2.500	-0.499
0	-8.627	2.500	-0.498
0	-8.631	2.500	-0.495
0	-8.635	2.500	-0.493
0	-8.639	2.499	-0.490
0	-8.643	2.498	-0.486
0	-8.647	2.497	-0.482
0	-8.649	2.495	-0.478
0	-8.652	2.493	-0.473
0	-8.655	2.490	-0.469
0	-8.657	2.487	-0.465
0	-8.659	2.483	-0.461
0	-8.661	2.478	-0.457
0	-8.662	2.473	-0.455
0	-8.663	2.469	-0.453
0	-8.663	2.465	-0.452
0	-8.663	2.460	-0.452
0	-8.664	2.457	-0.452
0	-8.664	2.453	-0.452
0	-8.665	2.448	-0.452
0	-8.667	2.444	-0.453
0	-8.669	2.439	-0.454
0	-8.673	2.433	-0.455
0	-8.677	2.429	-0.457
0	-8.683	2.425	-0.459
0	-8.688	2.421	-0.461
0	-8.694	2.418	-0.461
0	-8.699	2.416	-0.461
0	-8.700	2.415	-0.461
0	-8.701	2.414	-0.461
0	-8.703	2.413	-0.460
0	-8.705	2.412	-0.460
0	-8.711	2.407	-0.458
0	-8.718	2.402	-0.454
0	-8.724	2.396	-0.450
0	-8.730	2.390	-0.446
0	-8.735	2.384	-0.442
0	-8.740	2.378	-0.439
0	-8.743	2.374	-0.438
0	-8.746	2.370	-0.437
0	-8.749	2.365	-0.435
0	-8.752	2.360	-0.433
0	-8.755	2.356	-0.431
0	-8.757	2.352	-0.429
0	-8.759	2.347	-0.425
0	-8.760	2.342	-0.422
0	-8.761	2.337	-0.418
0	-8.761	2.331	-0.415
0	-8.760	2.326	-0.412
0	-8.758	2.320	-0.409
0	-8.755	2.314	-0.406
0	-8.751	2.308	-0.403
0	-8.749	2.306	-0.401
0	-8.748	2.305	-0.400
0	-8.748	2.304	-0.399
0	-8.747	2.303	-0.399
0	-8.744	2.300	-0.397
0	-8.744	2.300	-0.397
0	-8.743	2.299	-0.396
0	-8.743	2.299	-0.396
0	-8.740	2.296	-0.394
0	-8.736	2.293	-0.392
0	-8.732	2.289	-0.390
0	-8.729	2.286	-0.389
0	-8.725	2.282	-0.388
0	-8.720	2.279	-0.387
0	-8.715	2.275	-0.386
0	-8.709	2.271	-0.386
0	-8.705	2.267	-0.385
0	-8.702	2.266	-0.385
0	-8.701	2.265	-0.385
0	-8.700	2.264	-0.385
0	-8.700	2.264	-0.385
0	-8.699	2.263	-0.385
0	-8.698	2.263	-0.385
0	-8.695	2.260	-0.385
0	-8.690	2.257	-0.386
0	-8.685	2.254	-0.387
0	-8.679	2.251	-0.389
0	-8.673	2.248	-0.391
0	-8.667	2.246	-0.394
0	-8.661	2.246	-0.398
0	-8.656	2.246	-0.401
0	-8.652	2.248	-0.405
0	-8.647	2.250	-0.408
0	-8.642	2.253	-0.411
0	-8.638	2.257	-0.413
0	-8.633	2.262	-0.415
0	-8.630	2.266	-0.416
0	-8.626	2.270	-0.418
0	-8.621	2.275	-0.419
0	-8.618	2.279	-0.420
0	-8.614	2.285	-0.420
0	-8.610	2.291	-0.421
0	-8.607	2.298	-0.422
0	-8.605	2.303	-0.423
0	-8.604	2.310	-0.424
0	-8.604	2.316	-0.425
0	-8.604	2.321	-0.425
0	-8.605	2.327	-0.424
0	-8.605	2.333	-0.423
0	-8.606	2.339	-0.422
0	-8.606	2.345	-0.421
0	-8.607	2.350	-0.419
0	-8.607	2.356	-0.417
0	-8.607	2.362	-0.414
0	-8.607	2.368	-0.411
0	-8.606	2.371	-0.408
0	-8.606	2.374	-0.406
0	-8.606	2.378	-0.403
0	-8.604	2.382	-0.398
0	-8.602	2.386	-0.394
0	-8.601	2.388	-0.391
0	-8.600	2.389	-0.390
0	-8.599	2.390	-0.389
0	-8.598	2.391	-0.388
0	-8.597	2.393	-0.386
0	-8.595	2.395	-0.383
0	-8.592	2.398	-0.380
0	-8.591	2.400	-0.378
0	-8.591	2.400	-0.378
0	-8.590	2.401	-0.376
0	-8.589	2.402	-0.375
0	-8.587	2.404	-0.374
0	-8.584	2.408	-0.371
0	-8.581	2.411	-0.368
0	-8.577	2.415	-0.366
0	-8.573	2.418	-0.365
0	-8.569	2.421	-0.363
0	-8.565	2.425	-0.362
0	-8.561	2.429	-0.361
0	-8.556	2.433	-0.359
0	-8.551	2.439	-0.358
0	-8.545	2.445	-0.357
0	-8.541	2.452	-0.356
0	-8.537	2.458	-0.357
0	-8.534	2.463	-0.359
0	-8.532	2.470	-0.362
0	-8.531	2.478	-0.365
0	-8.531	2.484	-0.368
0	-8.533	2.489	-0.372
0	-8.536	2.494	-0.375
0	-8.540	2.499	-0.377
0	-8.543	2.503	-0.379
0	-8.547	2.507	-0.380
0	-8.551	2.510	-0.380
0	-8.555	2.513	-0.379
0	-8.559	2.516	-0.376
0	-8.562	2.519	-0.373
0	-8.565	2.521	-0.368
0	-8.566	2.521	-0.363
0	-8.566	2.522	-0.357
0	-8.565	2.522	-0.353
0	-8.562	2.522	-0.348
0	-8.558	2.521	-0.344
0	-8.554	2.521	-0.340
0	-8.548	2.522	-0.338
0	-8.542	2.523	-0.337
0	-8.537	2.525	-0.338
0	-8.533	2.527	-0.339
0	-8.529	2.530	-0.341
0	-8.525	2.532	-0.344
0	-8.522	2.535	-0.347
0	-8.519	2.538	-0.350
0	-8.517	2.542	-0.352
0	-8.515	2.546	-0.356
0	-8.513	2.550	-0.359
0	-8.511	2.555	-0.362
0	-8.509	2.560	-0.364
0	-8.507	2.565	-0.366
0	-8.504	2.570	-0.367
0	-8.501	2.574	-0.368
0	-8.500	2.576	-0.368
0	-8.497	2.580	-0.368
0	-8.495	2.584	-0.367
0	-8.492	2.588	-0.366
0	-8.488	2.593	-0.364
0	-8.485	2.598	-0.361
0	-8.482	2.603	-0.357
0	-8.480	2.607	-0.354
0	-8.478	2.611	-0.351
0	-8.476	2.614	-0.347
0	-8.474	2.618	-0.343
0	-8.471	2.621	-0.340
0	-8.468	2.625	-0.336
0	-8.466	2.630	-0.332
0	-8.462	2.636	-0.328
0	-8.459	2.642	-0.324
0	-8.456	2.646	-0.322
0	-8.454	2.650	-0.321
0	-8.452	2.654	-0.319
0	-8.448	2.659	-0.319
0	-8.446	2.663	-0.319
0	-8.442	2.669	-0.320
0	-8.440	2.674	-0.322
0	-8.437	2.679	-0.325
0	-8.435	2.683	-0.327
0	-8.433	2.687	-0.331
0	-8.431	2.692	-0.334
0	-8.430	2.698	-0.338
0	-8.430	2.699	-0.340
0	-8.430	2.700	-0.340
0	-8.430	2.701	-0.341
0	-8.430	2.702	-0.342
0	-8.430	2.706	-0.345
0	-8.432	2.711	-0.348
0	-8.434	2.714	-0.350
0	-8.437	2.718	-0.352
0	-8.441	2.722	-0.352
0	-8.446	2.726	-0.351
0	-8.452	2.729	-0.349
0	-8.457	2.731	-0.345
0	-8.461	2.732	-0.340
0	-8.465	2.732	-0.335
0	-8.468	2.733	-0.330
0	-8.470	2.734	-0.325
0	-8.471	2.736	-0.318
0	-8.470	2.739	-0.313
0	-8.468	2.742	-0.306
0	-8.466	2.744	-0.302
0	-8.465	2.745	-0.301
0	-8.465	2.745	-0.300
0	-8.464	2.746	-0.299
0	-8.463	2.747	-0.298
0	-8.460	2.751	-0.293
0	-8.458	2.755	-0.289
0	-8.456	2.760	-0.285
0	-8.454	2.765	-0.282
0	-8.452	2.770	-0.279
0	-8.450	2.774	-0.275
0	-8.447	2.778	-0.271
0	-8.445	2.783	-0.267
0	-8.442	2.786	-0.264
0	-8.440	2.790	-0.261
0	-8.438	2.795	-0.258
0	-8.436	2.800	-0.254
0	-8.435	2.801	-0.253
0	-8.435	2.802	-0.252
0	-8.432	2.806	-0.246
0	-8.429	2.808	-0.241
0	-8.426	2.810	-0.235
0	-8.422	2.812	-0.230
0	-8.418	2.813	-0.226
0	-8.414	2.815	-0.222
0	-8.410	2.818	-0.218
0	-8.404	2.820	-0.215
0	-8.396	2.824	-0.211
0	-8.390	2.827	-0.210
0	-8.384	2.829	-0.209
0	-8.378	2.831	-0.209
0	-8.373	2.832	-0.209
0	-8.366	2.833	-0.210
0	-8.362	2.834	-0.211
0	-8.358	2.835	-0.213
0	-8.353	2.837	-0.215
0	-8.347	2.839	-0.220
0	-8.343	2.841	-0.224
0	-8.340	2.842	-0.228
0	-8.337	2.844	-0.233
0	-8.335	2.846	-0.239
0	-8.334	2.848	-0.246
0	-8.335	2.851	-0.252
0	-8.337	2.854	-0.258
0	-8.340	2.858	-0.263
0	-8.344	2.862	-0.267
0	-8.347	2.867	-0.270
0	-8.351	2.871	-0.272
0	-8.355	2.875	-0.273
0	-8.359	2.878	-0.272
0	-8.363	2.882	-0.271
0	-8.368	2.887	-0.266
0	-8.370	2.890	-0.262
0	-8.372	2.893	-0.257
0	-8.372	2.898	-0.250
0	-8.372	2.899	-0.249
0	-8.372	2.900	-0.248
0	-8.371	2.901	-0.247
0	-8.371	2.901	-0.246
0	-8.371	2.903	-0.244
0	-8.370	2.906	-0.241
0	-8.367	2.910	-0.237
0	-8.363	2.915	-0.233
0	-8.359	2.918	-0.230
0	-8.353	2.921	-0.228
0	-8.349	2.922	-0.227
0	-8.343	2.924	-0.227
0	-8.336	2.925	-0.228
0	-8.331	2.926	-0.230
0	-8.326	2.927	-0.233
0	-8.321	2.928	-0.236
0	-8.317	2.930	-0.240
0	-8.313	2.931	-0.245
0	-8.309	2.933	-0.251
0	-8.306	2.934	-0.258
0	-8.304	2.935	-0.266
0	-8.303	2.934	-0.272
0	-8.302	2.934	-0.278
0	-8.301	2.933	-0.283
0	-8.300	2.932	-0.286
0	-8.300	2.931	-0.287
0	-8.300	2.931	-0.288
0	-8.300	2.930	-0.289
0	-8.299	2.929	-0.293
0	-8.298	2.926	-0.298
0	-8.298	2.923	-0.303
0	-8.298	2.920	-0.309
0	-8.298	2.916	-0.315
0	-8.298	2.913	-0.319
0	-8.297	2.911	-0.323
0	-8.297	2.908	-0.328
0	-8.296	2.906	-0.333
0	-8.295	2.903	-0.338
0	-8.295	2.901	-0.343
0	-8.294	2.899	-0.347
0	-8.293	2.898	-0.352
0	-8.292	2.897	-0.356
0	-8.292	2.896	-0.361
0	-8.291	2.895	-0.366
0	-8.291	2.894	-0.372
0	-8.291	2.894	-0.378
0	-8.293	2.894	-0.384
0	-8.294	2.896	-0.389
0	-8.296	2.899	-0.394
0	-8.299	2.902	-0.399
0	-8.301	2.905	-0.402
0	-8.305	2.909	-0.405
0	-8.309	2.913	-0.406
0	-8.316	2.919	-0.405
0	-8.320	2.923	-0.402
0	-8.322	2.924	-0.400
0	-8.323	2.925	-0.400
0	-8.323	2.925	-0.399
0	-8.324	2.926	-0.399
0	-8.327	2.928	-0.396
0	-8.330	2.931	-0.393
0	-8.333	2.935	-0.389
0	-8.336	2.940	-0.385
0	-8.339	2.945	-0.381
0	-8.341	2.949	-0.377
0	-8.343	2.953	-0.373
0	-8.345	2.956	-0.368
0	-8.347	2.959	-0.365
0	-8.349	2.961	-0.361
0	-8.352	2.964	-0.357
0	-8.355	2.966	-0.352
0	-8.358	2.968	-0.347
0	-8.361	2.969	-0.342
0	-8.365	2.970	-0.336
0	-8.368	2.970	-0.331
0	-8.372	2.970	-0.325
0	-8.375	2.970	-0.319
0	-8.377	2.971	-0.314
0	-8.378	2.973	-0.308
0	-8.380	2.975	-0.302
0	-8.380	2.978	-0.298
0	-8.380	2.982	-0.292
0	-8.379	2.987	-0.286
0	-8.377	2.993	-0.281
0	-8.376	2.997	-0.277
0	-8.375	2.999	-0.275
0	-8.375	3.000	-0.274
0	-8.375	3.001	-0.273
0	-8.375	3.002	-0.272
0	-8.374	3.006	-0.267
0	-8.372	3.008	-0.262
0	-8.370	3.010	-0.257
0	-8.368	3.011	-0.252
0	-8.366	3.012	-0.249
0	-8.363	3.012	-0.245
0	-8.360	3.013	-0.240
0	-8.357	3.013	-0.237
0	-8.354	3.014	-0.234
0	-8.350	3.014	-0.231
0	-8.346	3.015	-0.228
0	-8.340	3.015	-0.225
0	-8.334	3.015	-0.223
0	-8.328	3.015	-0.222
0	-8.322	3.015	-0.222
0	-8.317	3.016	-0.222
0	-8.310	3.017	-0.224
0	-8.305	3.018	-0.226
0	-8.302	3.020	-0.227
0	-8.300	3.020	-0.228
0	-8.300	3.021	-0.228
0	-8.299	3.021	-0.228
0	-8.298	3.022	-0.229
0	-8.295	3.023	-0.230
0	-8.290	3.026	-0.231
0	-8.284	3.028	-0.232
0	-8.278	3.030	-0.232
0	-8.272	3.031	-0.231
0	-8.266	3.032	-0.229
0	-8.261	3.032	-0.226
0	-8.256	3.032	-0.222
0	-8.251	3.031	-0.217
0	-8.248	3.030	-0.213
0	-8.245	3.028	-0.208
0	-8.243	3.024	-0.202
0	-8.242	3.023	-0.201
0	-8.242	3.022	-0.200
0	-8.242	3.022	-0.199
0	-8.242	3.021	-0.199
0	-8.241	3.018	-0.195
0	-8.240	3.014	-0.192
0	-8.239	3.010	-0.189
0	-8.238	3.005	-0.185
0	-8.237	3.001	-0.183
0	-8.237	3.000	-0.183
0	-8.237	2.999	-0.183
0	-8.236	2.998	-0.182
0	-8.235	2.994	-0.181
0	-8.234	2.989	-0.179
0	-8.231	2.984	-0.177
0	-8.228	2.979	-0.176
0	-8.225	2.975	-0.174
0	-8.220	2.971	-0.173
0	-8.217	2.969	-0.173
0	-8.213	2.966	-0.172
0	-8.208	2.963	-0.172
0	-8.202	2.961	-0.171
0	-8.198	2.959	-0.171
0	-8.193	2.957	-0.172
0	-8.189	2.956	-0.172
0	-8.185	2.955	-0.172
0	-8.181	2.953	-0.172
0	-8.176	2.952	-0.173
0	-8.173	2.951	-0.173
0	-8.169	2.950	-0.173
0	-8.165	2.949	-0.173
0	-8.160	2.948	-0.173
0	-8.157	2.947	-0.173
0	-8.153	2.947	-0.172
0	-8.146	2.946	-0.171
0	-8.140	2.946	-0.168
0	-8.134	2.945	-0.166
0	-8.129	2.945	-0.162
0	-8.125	2.945	-0.158
0	-8.121	2.944	-0.152
0	-8.117	2.943	-0.147
0	-8.114	2.942	-0.141
0	-8.111	2.942	-0.137
0	-8.107	2.941	-0.130
0	-8.103	2.939	-0.122
0	-8.100	2.939	-0.119
0	-8.100	2.938	-0.118
0	-8.100	2.938	-0.118
0	-8.099	2.938	-0.117
0	-8.098	2.937	-0.115
0	-8.095	2.936	-0.113
0	-8.090	2.933	-0.110
0	-8.086	2.931	-0.107
0	-8.081	2.929	-0.106
0	-8.075	2.928	-0.105
0	-8.069	2.926	-0.106
0	-8.065	2.925	-0.106
0	-8.061	2.924	-0.108
0	-8.057	2.924	-0.109
0	-8.053	2.924	-0.112
0	-8.049	2.924	-0.116
0	-8.046	2.924	-0.120
0	-8.044	2.924	-0.125
0	-8.043	2.925	-0.132
0	-8.043	2.927	-0.137
0	-8.045	2.930	-0.144
0	-8.048	2.933	-0.149
0	-8.051	2.938	-0.155
0	-8.054	2.942	-0.158
0	-8.058	2.947	-0.161
0	-8.062	2.953	-0.163
0	-8.064	2.958	-0.164
0	-8.067	2.962	-0.164
0	-8.069	2.967	-0.164
0	-8.071	2.971	-0.163
0	-8.073	2.977	-0.159
0	-8.074	2.982	-0.155
0	-8.074	2.986	-0.151
0	-8.073	2.990	-0.146
0	-8.071	2.992	-0.141
0	-8.068	2.994	-0.137
0	-8.064	2.996	-0.132
0	-8.059	2.998	-0.127
0	-8.056	2.999	-0.124
0	-8.053	2.999	-0.122
0	-8.049	3.000	-0.119
0	-8.043	3.001	-0.116
0	-8.037	3.001	-0.113
0	-8.031	3.002	-0.111
0	-8.025	3.003	-0.109
0	-8.018	3.003	-0.109
0	-8.012	3.004	-0.109
0	-8.006	3.004	-0.111
0	-8.002	3.004	-0.113
0	-8.000	3.003	-0.114
0	-8.000	3.003	-0.114
0	-7.999	3.003	-0.114
0	-7.999	3.003	-0.115
0	-7.995	3.002	-0.117
0	-7.992	3.001	-0.119
0	-7.991	3.000	-0.120
0	-7.990	3.000	-0.120
0	-7.990	3.000	-0.120
0	-7.989	2.999	-0.121
0	-7.986	2.997	-0.123
0	-7.983	2.995	-0.125
0	-7.979	2.990	-0.131
0	-7.978	2.987	-0.135
0	-7.977	2.986	-0.138
0	-7.977	2.984	-0.141
0	-7.977	2.981	-0.147
0	-7.979	2.979	-0.153
0	-7.981	2.979	-0.160
0	-7.983	2.980	-0.166
0	-7.986	2.981	-0.171
0	-7.988	2.983	-0.176
0	-7.990	2.985	-0.179
0	-7.993	2.987	-0.183
0	-7.995	2.990	-0.187
0	-7.998	2.994	-0.191
0	-8.001	2.998	-0.194
0	-8.003	3.003	-0.196
0	-8.004	3.007	-0.198
0	-8.006	3.011	-0.198
0	-8.007	3.016	-0.199
0	-8.007	3.021	-0.199
0	-8.007	3.027	-0.198
0	-8.007	3.034	-0.197
0	-8.007	3.040	-0.196
0	-8.007	3.046	-0.195
0	-8.008	3.051	-0.193
0	-8.008	3.056	-0.191
0	-8.008	3.061	-0.189
0	-8.009	3.066	-0.187
0	-8.009	3.071	-0.184
0	-8.010	3.077	-0.181
0	-8.011	3.081	-0.178
0	-8.012	3.086	-0.174
0	-8.014	3.089	-0.169
0	-8.014	3.092	-0.165
0	-8.015	3.094	-0.160
0	-8.015	3.095	-0.155
0	-8.014	3.095	-0.148
0	-8.012	3.095	-0.142
0	-8.010	3.095	-0.136
0	-8.006	3.093	-0.131
0	-8.002	3.091	-0.126
0	-8.000	3.090	-0.125
0	-8.000	3.090	-0.125
0	-7.999	3.089	-0.125
0	-7.999	3.089	-0.124
0	-7.996	3.087	-0.122
0	-7.991	3.083	-0.120
0	-7.986	3.079	-0.117
0	-7.982	3.074	-0.116
0	-7.978	3.071	-0.115
0	-7.974	3.067	-0.113
0	-7.969	3.062	-0.112
0	-7.965	3.058	-0.110
0	-7.962	3.054	-0.108
0	-7.959	3.049	-0.107
0	-7.955	3.044	-0.106
0	-7.952	3.040	-0.105
0	-7.948	3.034	-0.105
0	-7.944	3.027	-0.106
0	-7.941	3.021	-0.107
0	-7.938	3.014	-0.108
0	-7.936	3.008	-0.109
0	-7.935	3.002	-0.110
0	-7.935	3.000	-0.111
0	-7.934	2.999	-0.111
0	-7.934	2.998	-0.111
0	-7.934	2.996	-0.111
0	-7.933	2.990	-0.113
0	-7.933	2.984	-0.115
0	-7.932	2.979	-0.117
0	-7.933	2.974	-0.120
0	-7.933	2.969	-0.123
0	-7.935	2.965	-0.127
0	-7.937	2.961	-0.130
0	-7.941	2.957	-0.134
0	-7.946	2.954	-0.138
0	-7.952	2.951	-0.141
0	-7.957	2.949	-0.143
0	-7.964	2.947	-0.146
0	-7.971	2.945	-0.147
0	-7.976	2.945	-0.147
0	-7.981	2.943	-0.147
0	-7.986	2.942	-0.146
0	-7.990	2.941	-0.145
0	-7.994	2.939	-0.143
0	-7.998	2.936	-0.142
0	-8.002	2.932	-0.140
0	-8.005	2.926	-0.137
0	-8.007	2.922	-0.135
0	-8.008	2.916	-0.133
0	-8.007	2.910	-0.130
0	-8.007	2.906	-0.128
0	-8.006	2.903	-0.127
0	-8.005	2.901	-0.126
0	-8.005	2.900	-0.126
0	-8.005	2.899	-0.125
0	-8.004	2.899	-0.125
0	-8.003	2.895	-0.123
0	-8.001	2.890	-0.120
0	-7.998	2.886	-0.117
0	-7.996	2.882	-0.113
0	-7.992	2.877	-0.109
0	-7.989	2.874	-0.105
0	-7.986	2.871	-0.101
0	-7.985	2.870	-0.100
0	-7.985	2.870	-0.100
0	-7.985	2.869	-0.099
0	-7.982	2.867	-0.096
0	-7.979	2.864	-0.093
0	-7.975	2.862	-0.090
0	-7.970	2.859	-0.088
0	-7.964	2.857	-0.086
0	-7.957	2.855	-0.086
0	-7.953	2.854	-0.087
0	-7.949	2.853	-0.089
0	-7.945	2.852	-0.091
0	-7.942	2.852	-0.094
0	-7.939	2.851	-0.098
0	-7.938	2.851	-0.099
0	-7.937	2.851	-0.100
0	-7.937	2.851	-0.101
0	-7.937	2.850	-0.101
0	-7.934	2.850	-0.105
0	-7.932	2.848	-0.108
0	-7.929	2.846	-0.113
0	-7.927	2.844	-0.118
0	-7.925	2.842	-0.122
0	-7.922	2.840	-0.127
0	-7.920	2.839	-0.131
0	-7.917	2.836	-0.137
0	-7.913	2.834	-0.142
0	-7.907	2.832	-0.147
0	-7.901	2.832	-0.151
0	-7.896	2.832	-0.154
0	-7.891	2.833	-0.157
0	-7.887	2.835	-0.159
0	-7.883	2.837	-0.162
0	-7.878	2.841	-0.165
0	-7.873	2.844	-0.168
0	-7.867	2.848	-0.171
0	-7.863	2.852	-0.174
0	-7.859	2.856	-0.178
0	-7.855	2.860	-0.182
0	-7.851	2.864	-0.188
0	-7.848	2.867	-0.194
0	-7.847	2.868	-0.197
0	-7.846	2.869	-0.199
0	-7.845	2.869	-0.200
0	-7.845	2.870	-0.201
0	-7.845	2.870	-0.201
0	-7.844	2.871	-0.203
0	-7.844	2.873	-0.207
0	-7.844	2.876	-0.211
0	-7.845	2.878	-0.216
0	-7.848	2.882	-0.221
0	-7.852	2.887	-0.226
0	-7.855	2.890	-0.228
0	-7.858	2.895	-0.231
0	-7.859	2.897	-0.231
0	-7.860	2.900	-0.232
0	-7.861	2.901	-0.232
0	-7.861	2.902	-0.233
0	-7.862	2.906	-0.233
0	-7.863	2.911	-0.235
0	-7.864	2.918	-0.236
0	-7.864	2.923	-0.238
0	-7.863	2.929	-0.240
0	-7.863	2.934	-0.243
0	-7.862	2.939	-0.245
0	-7.861	2.943	-0.248
0	-7.861	2.947	-0.251
0	-7.860	2.952	-0.254
0	-7.860	2.956	-0.257
0	-7.859	2.962	-0.261
0	-7.859	2.968	-0.264
0	-7.860	2.974	-0.266
0	-7.861	2.980	-0.267
0	-7.862	2.985	-0.266
0	-7.863	2.991	-0.265
0	-7.865	2.998	-0.263
0	-7.866	3.000	-0.263
0	-7.866	3.000	-0.263
0	-7.866	3.001	-0.262
0	-7.866	3.002	-0.262
0	-7.868	3.006	-0.260
0	-7.870	3.011	-0.255
0	-7.872	3.016	-0.249
0	-7.873	3.019	-0.245
0	-7.874	3.021	-0.241
0	-7.876	3.022	-0.236
0	-7.876	3.023	-0.233
0	-7.877	3.024	-0.229
0	-7.877	3.024	-0.224
0	-7.877	3.025	-0.218
0	-7.876	3.025	-0.212
0	-7.875	3.025	-0.207
0	-7.873	3.026	-0.201
0	-7.871	3.026	-0.196
0	-7.868	3.027	-0.191
0	-7.865	3.027	-0.185
0	-7.861	3.028	-0.178
0	-7.858	3.029	-0.174
0	-7.855	3.029	-0.169
0	-7.850	3.029	-0.166
0	-7.845	3.029	-0.163
0	-7.840	3.029	-0.161
0	-7.835	3.029	-0.160
0	-7.829	3.030	-0.160
0	-7.823	3.030	-0.161
0	-7.816	3.031	-0.163
0	-7.810	3.032	-0.165
0	-7.805	3.034	-0.169
0	-7.801	3.036	-0.174
0	-7.799	3.039	-0.180
0	-7.798	3.042	-0.185
0	-7.798	3.046	-0.190
0	-7.799	3.049	-0.195
0	-7.802	3.053	-0.199
0	-7.804	3.056	-0.203
0	-7.807	3.059	-0.206
0	-7.810	3.062	-0.208
0	-7.813	3.066	-0.210
0	-7.816	3.070	-0.211
0	-7.821	3.074	-0.212
0	-7.825	3.079	-0.212
0	-7.829	3.084	-0.212
0	-7.833	3.089	-0.210
0	-7.837	3.093	-0.207
0	-7.840	3.097	-0.204
0	-7.842	3.099	-0.202
0	-7.842	3.100	-0.202
0	-7.843	3.100	-0.201
0	-7.843	3.101	-0.201
0	-7.844	3.102	-0.200
0	-7.844	3.102	-0.200
0	-7.844	3.103	-0.199
0	-7.846	3.105	-0.196
0	-7.848	3.109	-0.192
0	-7.849	3.111	-0.189
0	-7.850	3.114	-0.185
0	-7.850	3.116	-0.182
0	-7.850	3.118	-0.178
0	-7.850	3.121	-0.174
0	-7.849	3.124	-0.169
0	-7.847	3.126	-0.165
0	-7.846	3.129	-0.161
0	-7.843	3.131	-0.158
0	-7.840	3.134	-0.154
0	-7.837	3.135	-0.150
0	-7.833	3.136	-0.148
0	-7.828	3.137	-0.146
0	-7.823	3.138	-0.146
0	-7.818	3.138	-0.146
0	-7.813	3.138	-0.147
0	-7.809	3.138	-0.149
0	-7.804	3.136	-0.152
0	-7.801	3.135	-0.155
0	-7.800	3.135	-0.156
0	-7.800	3.135	-0.156
0	-7.799	3.134	-0.157
0	-7.799	3.134	-0.157
0	-7.797	3.133	-0.161
0	-7.794	3.132	-0.164
0	-7.791	3.131	-0.169
0	-7.785	3.128	-0.176
0	-7.782	3.125	-0.182
0	-7.779	3.123	-0.187
0	-7.775	3.120	-0.193
0	-7.773	3.118	-0.198
0	-7.770	3.117	-0.203
0	-7.767	3.115	-0.208
0	-7.764	3.114	-0.212
0	-7.762	3.112	-0.217
0	-7.759	3.110	-0.222
0	-7.756	3.108	-0.225
0	-7.754	3.106	-0.229
0	-7.751	3.103	-0.233
0	-7.748	3.101	-0.237
0	-7.745	3.098	-0.240
0	-7.742	3.094	-0.243
0	-7.739	3.092	-0.246
0	-7.735	3.088	-0.250
0	-7.731	3.084	-0.255
0	-7.727	3.082	-0.259
0	-7.723	3.080	-0.264
0	-7.719	3.078	-0.268
0	-7.715	3.078	-0.272
0	-7.710	3.079	-0.275
0	-7.705	3.081	-0.279
0	-7.701	3.083	-0.282
0	-7.700	3.083	-0.283
0	-7.699	3.084	-0.284
0	-7.699	3.084	-0.284
0	-7.696	3.087	-0.287
0	-7.694	3.090	-0.290
0	-7.693	3.094	-0.294
0	-7.692	3.099	-0.298
0	-7.692	3.106	-0.302
0	-7.694	3.112	-0.305
0	-7.695	3.117	-0.306
0	-7.697	3.122	-0.307
0	-7.699	3.127	-0.306
0	-7.700	3.129	-0.306
0	-7.700	3.130	-0.306
0	-7.700	3.131	-0.306
0	-7.701	3.131	-0.306
0	-7.702	3.135	-0.305
0	-7.703	3.139	-0.303
0	-7.705	3.143	-0.302
0	-7.706	3.147	-0.301
0	-7.707	3.151	-0.300
0	-7.709	3.156	-0.299
0	-7.710	3.159	-0.298
0	-7.711	3.163	-0.297
0	-7.712	3.166	-0.296
0	-7.715	3.171	-0.296
0	-7.718	3.176	-0.296
0	-7.722	3.181	-0.297
0	-7.725	3.186	-0.300
0	-7.728	3.189	-0.303
0	-7.731	3.192	-0.306
0	-7.734	3.194	-0.310
0	-7.737	3.196	-0.313
0	-7.741	3.198	-0.318
0	-7.745	3.200	-0.322
0	-7.748	3.201	-0.326
0	-7.751	3.201	-0.330
0	-7.754	3.201	-0.334
0	-7.759	3.201	-0.339
0	-7.762	3.201	-0.343
0	-7.767	3.201	-0.348
0	-7.771	3.201	-0.352
0	-7.775	3.201	-0.356
0	-7.779	3.200	-0.360
0	-7.783	3.200	-0.364
0	-7.787	3.199	-0.367
0	-7.791	3.199	-0.370
0	-7.796	3.198	-0.373
0	-7.799	3.198	-0.374
0	-7.800	3.198	-0.375
0	-7.801	3.198	-0.375
0	-7.802	3.198	-0.376
0	-7.807	3.197	-0.378
0	-7.816	3.197	-0.379
0	-7.822	3.197	-0.378
0	-7.827	3.196	-0.377
0	-7.831	3.196	-0.374
0	-7.836	3.195	-0.370
0	-7.838	3.193	-0.365
0	-7.840	3.190	-0.359
0	-7.840	3.187	-0.354
0	-7.838	3.184	-0.349
0	-7.836	3.181	-0.346
0	-7.832	3.178	-0.343
0	-7.827	3.175	-0.342
0	-7.821	3.173	-0.342
0	-7.817	3.172	-0.342
0	-7.813	3.171	-0.343
0	-7.809	3.171	-0.345
0	-7.805	3.172	-0.347
0	-7.801	3.173	-0.351
0	-7.800	3.173	-0.352
0	-7.799	3.174	-0.353
0	-7.799	3.174	-0.354
0	-7.797	3.175	-0.357
0	-7.794	3.177	-0.362
0	-7.792	3.179	-0.368
0	-7.790	3.180	-0.373
0	-7.788	3.182	-0.379
0	-7.787	3.183	-0.387
0	-7.786	3.185	-0.394
0	-7.786	3.187	-0.399
0	-7.786	3.188	-0.403
0	-7.786	3.191	-0.408
0	-7.787	3.195	-0.413
0	-7.787	3.197	-0.416
0	-7.788	3.200	-0.418
0	-7.788	3.201	-0.419
0	-7.788	3.201	-0.419
0	-7.789	3.205	-0.422
0	-7.791	3.212	-0.424
0	-7.794	3.218	-0.425
0	-7.796	3.222	-0.425
0	-7.798	3.224	-0.424
0	-7.800	3.226	-0.424
0	-7.800	3.227	-0.424
0	-7.800	3.227	-0.423
0	-7.801	3.228	-0.423
0	-7.803	3.231	-0.422
0	-7.805	3.234	-0.421
0	-7.808	3.238	-0.420
0	-7.811	3.243	-0.418
0	-7.814	3.250	-0.415
0	-7.817	3.254	-0.411
0	-7.819	3.258	-0.407
0	-7.822	3.261	-0.403
0	-7.825	3.266	-0.397
0	-7.828	3.270	-0.391
0	-7.833	3.275	-0.385
0	-7.838	3.281	-0.381
0	-7.844	3.287	-0.377
0	-7.850	3.293	-0.374
0	-7.855	3.298	-0.373
0	-7.859	3.303	-0.372
0	-7.863	3.307	-0.372
0	-7.867	3.312	-0.371
0	-7.870	3.316	-0.371
0	-7.873	3.321	-0.371
0	-7.875	3.326	-0.372
0	-7.877	3.332	-0.372
0	-7.878	3.338	-0.372
0	-7.877	3.344	-0.371
0	-7.876	3.349	-0.371
0	-7.875	3.355	-0.371
0	-7.872	3.361	-0.371
0	-7.870	3.366	-0.370
0	-7.866	3.371	-0.370
0	-7.863	3.376	-0.371
0	-7.860	3.380	-0.371
0	-7.856	3.385	-0.372
0	-7.852	3.389	-0.373
0	-7.849	3.392	-0.375
0	-7.845	3.397	-0.377
0	-7.841	3.401	-0.381
0	-7.837	3.405	-0.384
0	-7.833	3.408	-0.389
0	-7.830	3.412	-0.396
0	-7.829	3.413	-0.400
0	-7.829	3.413	-0.400
0	-7.829	3.413	-0.401
0	-7.829	3.414	-0.402
0	-7.828	3.415	-0.406
0	-7.830	3.416	-0.412
0	-7.833	3.418	-0.417
0	-7.838	3.421	-0.423
0	-7.844	3.422	-0.425
0	-7.850	3.424	-0.426
0	-7.855	3.424	-0.426
0	-7.862	3.425	-0.424
0	-7.867	3.426	-0.421
0	-7.870	3.427	-0.417
0	-7.873	3.427	-0.412
0	-7.874	3.428	-0.407
0	-7.875	3.430	-0.401
0	-7.874	3.430	-0.400
0	-7.874	3.430	-0.399
0	-7.874	3.430	-0.398
0	-7.873	3.432	-0.394
0	-7.870	3.435	-0.389
0	-7.867	3.439	-0.385
0	-7.864	3.443	-0.383
0	-7.861	3.446	-0.381
0	-7.858	3.450	-0.380
0	-7.854	3.456	-0.379
0	-7.850	3.462	-0.379
0	-7.846	3.468	-0.379
0	-7.842	3.473	-0.378
0	-7.838	3.478	-0.377
0	-7.834	3.483	-0.375
0	-7.829	3.489	-0.373
0	-7.825	3.493	-0.371
0	-7.821	3.497	-0.370
0	-7.818	3.499	-0.370
0	-7.817	3.500	-0.370
0	-7.814	3.502	-0.370
0	-7.812	3.504	-0.371
0	-7.808	3.506	-0.371
0	-7.803	3.510	-0.372
0	-7.799	3.514	-0.375
0	-7.795	3.519	-0.377
0	-7.793	3.524	-0.379
0	-7.791	3.529	-0.381
0	-7.790	3.535	-0.382
0	-7.789	3.542	-0.383
0	-7.789	3.547	-0.382
0	-7.789	3.551	-0.382
0	-7.788	3.555	-0.381
0	-7.788	3.560	-0.380
0	-7.787	3.566	-0.378
0	-7.787	3.571	-0.376
0	-7.786	3.578	-0.374
0	-7.786	3.583	-0.371
0	-7.785	3.591	-0.367
0	-7.784	3.598	-0.363
0	-7.784	3.599	-0.362
0	-7.783	3.604	-0.360
0	-7.782	3.607	-0.359
0	-7.780	3.610	-0.358
0	-7.778	3.615	-0.357
0	-7.776	3.619	-0.357
0	-7.773	3.623	-0.357
0	-7.770	3.628	-0.357
0	-7.768	3.631	-0.357
0	-7.765	3.635	-0.356
0	-7.762	3.639	-0.356
0	-7.759	3.643	-0.356
0	-7.756	3.648	-0.356
0	-7.753	3.654	-0.355
0	-7.750	3.660	-0.355
0	-7.748	3.665	-0.355
0	-7.746	3.671	-0.355
0	-7.745	3.679	-0.355
0	-7.744	3.686	-0.355
0	-7.744	3.691	-0.356
0	-7.744	3.698	-0.356
0	-7.744	3.704	-0.356
0	-7.745	3.709	-0.356
0	-7.746	3.715	-0.356
0	-7.747	3.722	-0.356
0	-7.749	3.730	-0.355
0	-7.750	3.738	-0.353
0	-7.752	3.746	-0.350
0	-7.754	3.753	-0.346
0	-7.757	3.758	-0.342
0	-7.760	3.764	-0.338
0	-7.763	3.767	-0.335
0	-7.765	3.771	-0.331
0	-7.768	3.775	-0.328
0	-7.770	3.779	-0.325
0	-7.773	3.782	-0.322
0	-7.775	3.786	-0.318
0	-7.778	3.790	-0.314
0	-7.782	3.793	-0.310
0	-7.785	3.796	-0.306
0	-7.789	3.800	-0.303
0	-7.791	3.803	-0.300
0	-7.792	3.806	-0.298
0	-7.794	3.810	-0.295
0	-7.798	3.815	-0.290
0	-7.799	3.817	-0.289
0	-7.800	3.818	-0.289
0	-7.800	3.818	-0.288
0	-7.801	3.819	-0.288
0	-7.803	3.821	-0.285
0	-7.806	3.823	-0.281
0	-7.809	3.825	-0.278
0	-7.811	3.827	-0.274
0	-7.813	3.828	-0.269
0	-7.814	3.830	-0.264
0	-7.815	3.831	-0.260
0	-7.815	3.833	-0.255
0	-7.815	3.834	-0.249
0	-7.813	3.836	-0.242
0	-7.811	3.838	-0.236
0	-7.808	3.841	-0.230
0	-7.805	3.843	-0.227
0	-7.802	3.844	-0.223
0	-7.801	3.845	-0.221
0	-7.800	3.846	-0.220
0	-7.799	3.846	-0.219
0	-7.798	3.847	-0.219
0	-7.794	3.850	-0.214
0	-7.791	3.853	-0.210
0	-7.788	3.857	-0.207
0	-7.785	3.861	-0.205
0	-7.783	3.865	-0.204
0	-7.781	3.870	-0.202
0	-7.778	3.876	-0.201
0	-7.774	3.882	-0.200
0	-7.772	3.887	-0.199
0	-7.770	3.891	-0.197
0	-7.768	3.896	-0.196
0	-7.766	3.904	-0.194
0	-7.765	3.910	-0.192
0	-7.764	3.916	-0.190
0	-7.764	3.922	-0.188
0	-7.765	3.931	-0.186
0	-7.766	3.935	-0.185
0	-7.768	3.939	-0.185
0	-7.770	3.943	-0.185
0	-7.773	3.947	-0.185
0	-7.775	3.951	-0.186
0	-7.777	3.954	-0.186
0	-7.781	3.958	-0.187
0	-7.785	3.962	-0.188
0	-7.791	3.965	-0.189
0	-7.797	3.968	-0.189
0	-7.800	3.969	-0.189
0	-7.801	3.969	-0.189
0	-7.802	3.969	-0.188
0	-7.806	3.971	-0.188
0	-7.811	3.972	-0.186
0	-7.815	3.972	-0.184
0	-7.819	3.973	-0.180
0	-7.823	3.973	-0.176
0	-7.825	3.972	-0.171
0	-7.826	3.970	-0.167
0	-7.826	3.968	-0.162
0	-7.826	3.965	-0.158
0	-7.825	3.961	-0.154
0	-7.822	3.955	-0.151
0	-7.820	3.950	-0.150
0	-7.816	3.945	-0.150
0	-7.813	3.941	-0.150
0	-7.810	3.937	-0.152
0	-7.806	3.934	-0.153
0	-7.802	3.932	-0.155
0	-7.801	3.931	-0.156
0	-7.800	3.931	-0.156
0	-7.799	3.930	-0.157
0	-7.799	3.930	-0.157
0	-7.795	3.929	-0.159
0	-7.790	3.927	-0.161
0	-7.785	3.926	-0.162
0	-7.780	3.925	-0.163
0	-7.777	3.924	-0.164
0	-7.773	3.924	-0.165
0	-7.768	3.923	-0.166
0	-7.764	3.922	-0.167
0	-7.758	3.922	-0.168
0	-7.752	3.921	-0.169
0	-7.745	3.920	-0.170
0	-7.738	3.920	-0.171
0	-7.733	3.920	-0.171
0	-7.729	3.920	-0.170
0	-7.722	3.921	-0.169
0	-7.716	3.921	-0.167
0	-7.710	3.923	-0.164
0	-7.705	3.923	-0.161
0	-7.702	3.924	-0.159
0	-7.700	3.924	-0.158
0	-7.700	3.924	-0.158
0	-7.699	3.924	-0.157
0	-7.698	3.924	-0.157
0	-7.695	3.924	-0.156
0	-7.688	3.925	-0.154
0	-7.683	3.925	-0.154
0	-7.678	3.926	-0.155
0	-7.673	3.926	-0.157
0	-7.669	3.927	-0.160
0	-7.665	3.928	-0.164
0	-7.663	3.930	-0.169
0	-7.661	3.933	-0.174
0	-7.659	3.935	-0.179
0	-7.657	3.937	-0.186
0	-7.655	3.939	-0.191
0	-7.654	3.940	-0.198
0	-7.654	3.941	-0.200
0	-7.654	3.941	-0.200
0	-7.654	3.941	-0.201
0	-7.653	3.941	-0.202
0	-7.653	3.942	-0.206
0	-7.653	3.943	-0.211
0	-7.653	3.943	-0.218
0	-7.654	3.942	-0.223
0	-7.655	3.941	-0.229
0	-7.656	3.940	-0.234
0	-7.657	3.938	-0.238
0	-7.659	3.937	-0.243
0	-7.660	3.935	-0.247
0	-7.661	3.933	-0.251
0	-7.662	3.932	-0.255
0	-7.664	3.931	-0.259
0	-7.666	3.930	-0.263
0	-7.667	3.929	-0.267
0	-7.670	3.929	-0.272
0	-7.673	3.928	-0.275
0	-7.676	3.928	-0.279
0	-7.682	3.928	-0.286
0	-7.687	3.928	-0.291
0	-7.690	3.927	-0.295
0	-7.693	3.927	-0.300
0	-7.694	3.927	-0.301
0	-7.695	3.927	-0.302
0	-7.697	3.927	-0.305
0	-7.700	3.927	-0.309
0	-7.704	3.927	-0.313
0	-7.707	3.928	-0.317
0	-7.711	3.930	-0.320
0	-7.715	3.933	-0.325
0	-7.719	3.936	-0.328
0	-7.723	3.939	-0.332
0	-7.727	3.942	-0.334
0	-7.731	3.946	-0.336
0	-7.735	3.950	-0.337
0	-7.738	3.954	-0.338
0	-7.741	3.957	-0.338
0	-7.745	3.961	-0.338
0	-7.748	3.964	-0.338
0	-7.751	3.968	-0.336
0	-7.754	3.972	-0.334
0	-7.757	3.976	-0.330
0	-7.760	3.979	-0.326
0	-7.762	3.981	-0.322
0	-7.764	3.983	-0.317
0	-7.766	3.983	-0.311
0	-7.769	3.983	-0.305
0	-7.771	3.982	-0.300
0	-7.773	3.981	-0.295
0	-7.776	3.978	-0.289
0	-7.778	3.977	-0.285
0	-7.780	3.975	-0.281
0	-7.783	3.972	-0.276
0	-7.786	3.968	-0.271
0	-7.790	3.963	-0.266
0	-7.791	3.958	-0.262
0	-7.792	3.952	-0.258
0	-7.792	3.946	-0.255
0	-7.790	3.941	-0.253
0	-7.788	3.934	-0.251
0	-7.786	3.929	-0.251
0	-7.784	3.925	-0.251
0	-7.782	3.920	-0.251
0	-7.780	3.917	-0.252
0	-7.778	3.913	-0.252
0	-7.776	3.910	-0.253
0	-7.773	3.905	-0.256
0	-7.771	3.901	-0.259
0	-7.771	3.900	-0.260
0	-7.770	3.899	-0.260
0	-7.770	3.899	-0.261
0	-7.769	3.897	-0.263
0	-7.767	3.894	-0.266
0	-7.766	3.890	-0.270
0	-7.764	3.887	-0.274
0	-7.763	3.883	-0.279
0	-7.762	3.879	-0.283
0	-7.761	3.876	-0.287
0	-7.760	3.873	-0.291
0	-7.760	3.869	-0.295
0	-7.759	3.866	-0.298
0	-7.759	3.860	-0.303
0	-7.758	3.854	-0.307
0	-7.757	3.849	-0.310
0	-7.756	3.842	-0.313
0	-7.754	3.836	-0.316
0	-7.752	3.831	-0.319
0	-7.750	3.826	-0.322
0	-7.747	3.822	-0.325
0	-7.744	3.817	-0.328
0	-7.740	3.813	-0.329
0	-7.737	3.810	-0.331
0	-7.733	3.807	-0.332
0	-7.729	3.805	-0.333
0	-7.725	3.804	-0.334
0	-7.721	3.804	-0.335
0	-7.717	3.804	-0.336
0	-7.713	3.804	-0.338
0	-7.708	3.805	-0.339
0	-7.704	3.807	-0.341
0	-7.701	3.808	-0.343
0	-7.700	3.808	-0.343
0	-7.699	3.809	-0.344
0	-7.698	3.810	-0.344
0	-7.695	3.812	-0.346
0	-7.692	3.817	-0.349
0	-7.690	3.822	-0.353
0	-7.689	3.827	-0.355
0	-7.689	3.831	-0.358
0	-7.690	3.837	-0.360
0	-7.691	3.843	-0.362
0	-7.692	3.849	-0.363
0	-7.694	3.856	-0.364
0	-7.696	3.862	-0.364
0	-7.697	3.866	-0.363
0	-7.698	3.871	-0.363
0	-7.699	3.877	-0.361
0	-7.699	3.883	-0.360
0	-7.698	3.890	-0.358
0	-7.698	3.895	-0.358
0	-7.697	3.902	-0.357
0	-7.697	3.906	-0.357
0	-7.697	3.911	-0.356
0	-7.697	3.916	-0.356
0	-7.698	3.921	-0.356
0	-7.698	3.927	-0.356
0	-7.699	3.934	-0.356
0	-7.700	3.939	-0.356
0	-7.701	3.946	-0.356
0	-7.702	3.952	-0.354
0	-7.704	3.958	-0.351
0	-7.705	3.963	-0.347
0	-7.706	3.967	-0.343
0	-7.707	3.970	-0.335
0	-7.707	3.973	-0.328
0	-7.707	3.974	-0.323
0	-7.707	3.976	-0.318
0	-7.706	3.977	-0.313
0	-7.706	3.978	-0.309
0	-7.705	3.979	-0.305
0	-7.703	3.979	-0.301
0	-7.702	3.979	-0.297
0	-7.701	3.978	-0.293
0	-7.700	3.978	-0.292
0	-7.700	3.978	-0.292
0	-7.700	3.977	-0.291
0	-7.699	3.977	-0.290
0	-7.697	3.976	-0.286
0	-7.695	3.974	-0.281
0	-7.692	3.972	-0.275
0	-7.690	3.970	-0.269
0	-7.687	3.968	-0.263
0	-7.684	3.966	-0.256
0	-7.681	3.964	-0.250
0	-7.679	3.962	-0.244
0	-7.676	3.961	-0.238
0	-7.674	3.959	-0.231
0	-7.673	3.958	-0.227
0	-7.671	3.957	-0.221
0	-7.670	3.956	-0.215
0	-7.670	3.956	-0.210
0	-7.669	3.956	-0.205
0	-7.669	3.957	-0.201
0	-7.669	3.957	-0.200
0	-7.669	3.958	-0.199
0	-7.668	3.958	-0.198
0	-7.668	3.959	-0.194
0	-7.667	3.961	-0.189
0	-7.665	3.962	-0.182
0	-7.662	3.963	-0.174
0	-7.660	3.963	-0.168
0	-7.656	3.963	-0.163
0	-7.653	3.962	-0.158
0	-7.650	3.960	-0.154
0	-7.646	3.958	-0.150
0	-7.641	3.955	-0.147
0	-7.635	3.951	-0.145
0	-7.630	3.948	-0.144
0	-7.626	3.945	-0.145
0	-7.622	3.942	-0.147
0	-7.617	3.938	-0.150
0	-7.611	3.935	-0.154
0	-7.606	3.933	-0.159
0	-7.604	3.931	-0.163
0	-7.601	3.930	-0.168
0	-7.600	3.930	-0.169
0	-7.600	3.930	-0.169
0	-7.600	3.930	-0.170
0	-7.599	3.930	-0.171
0	-7.597	3.929	-0.175
0	-7.595	3.928	-0.179
0	-7.593	3.928	-0.183
0	-7.590	3.928	-0.189
0	-7.587	3.928	-0.195
0	-7.586	3.928	-0.198
0	-7.585	3.928	-0.200
0	-7.585	3.928	-0.200
0	-7.585	3.928	-0.201
0	-7.585	3.928	-0.202
0	-7.584	3.929	-0.206
0	-7.584	3.931	-0.210
0	-7.585	3.934	-0.214
0	-7.586	3.938	-0.218
0	-7.589	3.943	-0.220
0	-7.591	3.947	-0.221
0	-7.594	3.951	-0.221
0	-7.597	3.955	-0.221
0	-7.599	3.957	-0.220
0	-7.600	3.958	-0.220
0	-7.600	3.958	-0.220
0	-7.601	3.959	-0.219
0	-7.601	3.960	-0.219
0	-7.604	3.962	-0.218
0	-7.607	3.966	-0.216
0	-7.611	3.970	-0.214
0	-7.615	3.976	-0.211
0	-7.619	3.981	-0.208
0	-7.621	3.986	-0.205
0	-7.624	3.992	-0.202
0	-7.626	3.994	-0.200
0	-7.627	3.995	-0.200
0	-7.627	3.995	-0.200
0	-7.627	3.996	-0.200
0	-7.628	3.997	-0.199
0	-7.630	4.000	-0.197
0	-7.633	4.005	-0.194
0	-7.636	4.010	-0.191
0	-7.639	4.016	-0.187
0	-7.641	4.021	-0.184
0	-7.642	4.026	-0.180
0	-7.644	4.031	-0.176
0	-7.645	4.035	-0.172
0	-7.646	4.040	-0.167
0	-7.647	4.045	-0.163
0	-7.647	4.049	-0.158
0	-7.647	4.053	-0.154
0	-7.646	4.057	-0.149
0	-7.646	4.060	-0.145
0	-7.645	4.062	-0.140
0	-7.645	4.065	-0.135
0	-7.644	4.068	-0.128
0	-7.643	4.069	-0.123
0	-7.641	4.070	-0.117
0	-7.639	4.071	-0.111
0	-7.636	4.071	-0.105
0	-7.634	4.071	-0.102
0	-7.633	4.071	-0.100
0	-7.633	4.071	-0.100
0	-7.632	4.071	-0.099
0	-7.632	4.071	-0.098
0	-7.630	4.071	-0.094
0	-7.627	4.073	-0.089
0	-7.626	4.075	-0.085
0	-7.624	4.077	-0.080
0	-7.623	4.080	-0.077
0	-7.623	4.083	-0.074
0	-7.622	4.086	-0.071
0	-7.623	4.090	-0.069
0	-7.624	4.095	-0.066
0	-7.627	4.099	-0.064
0	-7.630	4.104	-0.063
0	-7.633	4.107	-0.062
0	-7.636	4.110	-0.061
0	-7.641	4.113	-0.059
0	-7.648	4.115	-0.058
0	-7.654	4.116	-0.056
0	-7.660	4.118	-0.054
0	-7.665	4.118	-0.052
0	-7.671	4.119	-0.049
0	-7.675	4.119	-0.047
0	-7.682	4.118	-0.045
0	-7.687	4.118	-0.042
0	-7.693	4.117	-0.038
0	-7.698	4.116	-0.034
0	-7.702	4.114	-0.030
0	-7.705	4.112	-0.025
0	-7.706	4.110	-0.021
0	-7.707	4.108	-0.017
0	-7.707	4.106	-0.012
0	-7.706	4.104	-0.008
0	-7.703	4.102	-0.003
0	-7.702	4.101	-0.001
0	-7.701	4.101	-0.000
0	-7.701	4.101	0.001
0	-7.700	4.100	0.001
0	-7.700	4.100	0.002
0	-7.699	4.100	0.003
0	-7.698	4.099	0.003
0	-7.695	4.098	0.006
0	-7.690	4.097	0.010
0	-7.684	4.095	0.013
0	-7.678	4.093	0.016
0	-7.670	4.092	0.019
0	-7.659	4.090	0.021
0	-7.653	4.089	0.022
0	-7.646	4.088	0.022
0	-7.641	4.087	0.022
0	-7.634	4.087	0.022
0	-7.628	4.088	0.023
0	-7.622	4.090	0.025
0	-7.618	4.092	0.026
0	-7.614	4.095	0.028
0	-7.610	4.098	0.031
0	-7.609	4.100	0.033
0	-7.607	4.102	0.034
0	-7.606	4.103	0.036
0	-7.605	4.106	0.038
0	-7.603	4.108	0.041
0	-7.601	4.112	0.045
0	-7.600	4.115	0.048
0	-7.600	4.115	0.048
0	-7.599	4.116	0.050
0	-7.599	4.118	0.051
0	-7.597	4.120	0.053
0	-7.596	4.124	0.057
0	-7.594	4.129	0.061
0	-7.593	4.134	0.066
0	-7.592	4.139	0.070
0	-7.592	4.144	0.074
0	-7.592	4.149	0.078
0	-7.593	4.154	0.082
0	-7.595	4.159	0.088
0	-7.597	4.162	0.092
0	-7.599	4.164	0.095
0	-7.600	4.165	0.096
0	-7.601	4.165	0.096
0	-7.601	4.165	0.097
0	-7.605	4.167	0.101
0	-7.610	4.169	0.105
0	-7.614	4.170	0.108
0	-7.619	4.171	0.112
0	-7.622	4.171	0.114
0	-7.625	4.171	0.117
0	-7.632	4.170	0.121
0	-7.638	4.169	0.125
0	-7.643	4.167	0.128
0	-7.650	4.165	0.132
0	-7.656	4.162	0.136
0	-7.661	4.159	0.139
0	-7.666	4.156	0.141
0	-7.670	4.152	0.142
0	-7.675	4.148	0.143
0	-7.681	4.142	0.145
0	-7.688	4.138	0.146
0	-7.696	4.135	0.148
0	-7.704	4.135	0.148
0	-7.710	4.135	0.149
0	-7.716	4.135	0.149
0	-7.725	4.137	0.149
0	-7.730	4.137	0.150
0	-7.735	4.138	0.151
0	-7.742	4.139	0.154
0	-7.747	4.139	0.156
0	-7.753	4.139	0.159
0	-7.760	4.139	0.162
0	-7.765	4.137	0.165
0	-7.770	4.135	0.168
0	-7.775	4.133	0.171
0	-7.779	4.129	0.174
0	-7.783	4.124	0.176
0	-7.786	4.119	0.178
0	-7.789	4.111	0.179
0	-7.791	4.106	0.180
0	-7.793	4.101	0.180
0	-7.794	4.097	0.180
0	-7.795	4.094	0.180
0	-7.797	4.090	0.180
0	-7.799	4.084	0.180
0	-7.801	4.079	0.181
0	-7.804	4.072	0.181
0	-7.807	4.066	0.182
0	-7.811	4.060	0.183
0	-7.814	4.055	0.185
0	-7.817	4.050	0.186
0	-7.820	4.045	0.188
0	-7.822	4.040	0.191
0	-7.824	4.036	0.194
0	-7.825	4.031	0.197
0	-7.825	4.026	0.200
0	-7.825	4.022	0.203
0	-7.825	4.017	0.207
0	-7.825	4.013	0.209
0	-7.825	4.008	0.211
0	-7.824	4.005	0.213
0	-7.823	4.001	0.215
0	-7.823	4.000	0.215
0	-7.823	3.998	0.216
0	-7.822	3.997	0.217
0	-7.822	3.993	0.217
0	-7.820	3.990	0.218
0	-7.818	3.986	0.218
0	-7.816	3.982	0.218
0	-7.813	3.977	0.217
0	-7.810	3.974	0.216
0	-7.806	3.971	0.214
0	-7.802	3.968	0.212
0	-7.797	3.964	0.210
0	-7.793	3.961	0.208
0	-7.789	3.959	0.205
0	-7.785	3.956	0.201
0	-7.784	3.955	0.200
0	-7.784	3.954	0.199
0	-7.783	3.953	0.198
0	-7.781	3.952	0.196
0	-7.779	3.949	0.192
0	-7.778	3.946	0.189
0	-7.777	3.943	0.184
0	-7.776	3.940	0.180
0	-7.775	3.937	0.175
0	-7.774	3.934	0.170
0	-7.773	3.931	0.165
0	-7.773	3.928	0.159
0	-7.773	3.925	0.155
0	-7.773	3.922	0.150
0	-7.773	3.919	0.144
0	-7.773	3.914	0.138
0	-7.773	3.910	0.133
0	-7.774	3.906	0.129
0	-7.775	3.901	0.125
0	-7.775	3.900	0.125
0	-7.775	3.898	0.123
0	-7.776	3.896	0.122
0	-7.777	3.890	0.118
0	-7.780	3.885	0.116
0	-7.782	3.881	0.114
0	-7.786	3.878	0.113
0	-7.790	3.875	0.113
0	-7.795	3.871	0.113
0	-7.799	3.870	0.113
0	-7.805	3.868	0.115
0	-7.810	3.866	0.118
0	-7.815	3.864	0.121
0	-7.819	3.863	0.125
0	-7.823	3.860	0.128
0	-7.827	3.858	0.132
0	-7.830	3.855	0.136
0	-7.834	3.852	0.141
0	-7.838	3.850	0.146
0	-7.841	3.848	0.151
0	-7.845	3.845	0.156
0	-7.849	3.842	0.160
0	-7.852	3.839	0.164
0	-7.855	3.836	0.169
0	-7.858	3.832	0.173
0	-7.860	3.827	0.179
0	-7.861	3.822	0.183
0	-7.862	3.818	0.186
0	-7.863	3.813	0.190
0	-7.863	3.809	0.192
0	-7.863	3.804	0.194
0	-7.863	3.801	0.196
0	-7.863	3.800	0.196
0	-7.862	3.798	0.197
0	-7.862	3.796	0.197
0	-7.862	3.792	0.198
0	-7.861	3.788	0.199
0	-7.861	3.785	0.199
0	-7.860	3.781	0.199
0	-7.860	3.776	0.199
0	-7.860	3.772	0.199
0	-7.860	3.767	0.198
0	-7.860	3.761	0.196
0	-7.861	3.755	0.193
0	-7.861	3.750	0.190
0	-7.861	3.744	0.185
0	-7.861	3.740	0.181
0	-7.860	3.736	0.177
0	-7.859	3.734	0.174
0	-7.857	3.730	0.168
0	-7.853	3.727	0.160
0	-7.850	3.726	0.155
0	-7.846	3.725	0.149
0	-7.842	3.726	0.144
0	-7.839	3.727	0.139
0	-7.836	3.729	0.134
0	-7.835	3.731	0.130
0	-7.833	3.734	0.125
0	-7.833	3.737	0.121
0	-7.833	3.740	0.117
0	-7.833	3.743	0.112
0	-7.834	3.746	0.109
0	-7.835	3.748	0.105
0	-7.837	3.751	0.101
0	-7.837	3.752	0.100
0	-7.837	3.752	0.099
0	-7.838	3.753	0.098
0	-7.841	3.756	0.095
0	-7.844	3.759	0.091
0	-7.849	3.762	0.088
0	-7.854	3.765	0.087
0	-7.860	3.768	0.086
0	-7.867	3.771	0.085
0	-7.872	3.773	0.086
0	-7.877	3.775	0.087
0	-7.882	3.776	0.089
0	-7.887	3.776	0.091
0	-7.891	3.776	0.093
0	-7.895	3.775	0.096
0	-7.899	3.772	0.100
0	-7.900	3.771	0.100
0	-7.901	3.770	0.101
0	-7.902	3.769	0.102
0	-7.904	3.766	0.104
0	-7.907	3.762	0.106
0	-7.909	3.757	0.109
0	-7.910	3.752	0.112
0	-7.911	3.749	0.114
0	-7.912	3.745	0.116
0	-7.912	3.741	0.118
0	-7.912	3.737	0.120
0	-7.912	3.732	0.122
0	-7.912	3.728	0.123
0	-7.912	3.725	0.124
0	-7.912	3.721	0.125
0	-7.911	3.717	0.126
0	-7.909	3.710	0.127
0	-7.908	3.705	0.127
0	-7.906	3.699	0.128
0	-7.902	3.692	0.129
0	-7.901	3.689	0.130
0	-7.900	3.689	0.130
0	-7.899	3.688	0.130
0	-7.898	3.687	0.130
0	-7.896	3.683	0.131
0	-7.892	3.679	0.131
0	-7.888	3.675	0.132
0	-7.883	3.670	0.132
0	-7.880	3.666	0.133
0	-7.877	3.661	0.134
0	-7.874	3.655	0.135
0	-7.871	3.650	0.136
0	-7.869	3.645	0.137
0	-7.867	3.639	0.138
0	-7.865	3.633	0.139
0	-7.863	3.628	0.140
0	-7.862	3.623	0.141
0	-7.861	3.618	0.142
0	-7.859	3.612	0.143
0	-7.857	3.607	0.144
0	-7.855	3.603	0.144
0	-7.853	3.598	0.144
0	-7.851	3.593	0.143
0	-7.849	3.589	0.143
0	-7.848	3.584	0.142
0	-7.846	3.580	0.141
0	-7.843	3.575	0.140
0	-7.841	3.569	0.139
0	-7.839	3.565	0.137
0	-7.838	3.560	0.135
0	-7.836	3.557	0.132
0	-7.835	3.554	0.129
0	-7.834	3.550	0.125
0	-7.834	3.547	0.121
0	-7.834	3.544	0.116
0	-7.835	3.543	0.110
0	-7.836	3.542	0.105
0	-7.837	3.542	0.098
0	-7.839	3.543	0.093
0	-7.841	3.546	0.087
0	-7.843	3.549	0.082
0	-7.845	3.553	0.078
0	-7.848	3.557	0.074
0	-7.850	3.562	0.071
0	-7.853	3.567	0.069
0	-7.855	3.573	0.068
0	-7.857	3.578	0.069
0	-7.858	3.582	0.070
0	-7.858	3.586	0.072
0	-7.858	3.591	0.075
0	-7.857	3.595	0.077
0	-7.856	3.598	0.081
0	-7.855	3.603	0.085
0	-7.854	3.606	0.089
0	-7.852	3.610	0.094
0	-7.851	3.614	0.099
0	-7.849	3.617	0.103
0	-7.848	3.620	0.106
0	-7.845	3.624	0.109
0	-7.843	3.628	0.111
0	-7.840	3.632	0.113
0	-7.837	3.637	0.114
0	-7.833	3.642	0.114
0	-7.827	3.647	0.115
0	-7.823	3.651	0.115
0	-7.818	3.655	0.115
0	-7.814	3.659	0.114
0	-7.810	3.663	0.114
0	-7.807	3.667	0.112
0	-7.803	3.671	0.110
0	-7.801	3.674	0.109
0	-7.800	3.675	0.108
0	-7.799	3.677	0.107
0	-7.798	3.678	0.107
0	-7.796	3.682	0.105
0	-7.793	3.686	0.103
0	-7.790	3.691	0.100
0	-7.788	3.698	0.099
0	-7.787	3.700	0.099
0	-7.787	3.702	0.098
0	-7.786	3.705	0.098
0	-7.787	3.712	0.099
0	-7.789	3.720	0.100
0	-7.792	3.725	0.102
0	-7.796	3.730	0.105
0	-7.798	3.733	0.106
0	-7.799	3.734	0.107
0	-7.800	3.735	0.108
0	-7.801	3.736	0.108
0	-7.802	3.736	0.109
0	-7.806	3.740	0.112
0	-7.810	3.742	0.115
0	-7.815	3.744	0.117
0	-7.821	3.744	0.120
0	-7.828	3.743	0.123
0	-7.833	3.740	0.127
0	-7.838	3.736	0.130
0	-7.841	3.731	0.133
0	-7.842	3.726	0.136
0	-7.842	3.722	0.138
0	-7.841	3.717	0.140
0	-7.840	3.713	0.143
0	-7.839	3.708	0.145
0	-7.836	3.704	0.148
0	-7.834	3.701	0.151
0	-7.834	3.700	0.151
0	-7.833	3.699	0.152
0	-7.832	3.698	0.153
0	-7.829	3.695	0.156
0	-7.825	3.692	0.159
0	-7.820	3.689	0.161
0	-7.814	3.686	0.163
0	-7.808	3.684	0.165
0	-7.802	3.682	0.167
0	-7.800	3.682	0.167
0	-7.799	3.681	0.168
0	-7.798	3.681	0.168
0	-7.795	3.681	0.168
0	-7.789	3.680	0.169
0	-7.785	3.680	0.170
0	-7.781	3.680	0.171
0	-7.777	3.680	0.171
0	-7.771	3.680	0.172
0	-7.764	3.681	0.173
0	-7.757	3.681	0.173
0	-7.752	3.681	0.174
0	-7.747	3.680	0.175
0	-7.741	3.679	0.177
0	-7.737	3.678	0.178
0	-7.734	3.677	0.180
0	-7.729	3.676	0.183
0	-7.724	3.674	0.186
0	-7.721	3.672	0.189
0	-7.718	3.671	0.193
0	-7.715	3.669	0.197
0	-7.714	3.668	0.200
0	-7.713	3.668	0.201
0	-7.712	3.667	0.202
0	-7.711	3.667	0.204
0	-7.708	3.665	0.211
0	-7.705	3.663	0.216
0	-7.702	3.661	0.222
0	-7.699	3.660	0.227
0	-7.697	3.659	0.231
0	-7.695	3.658	0.236
0	-7.692	3.658	0.242
0	-7.689	3.658	0.248
0	-7.686	3.659	0.254
0	-7.684	3.660	0.259
0	-7.682	3.663	0.267
0	-7.680	3.665	0.273
0	-7.678	3.668	0.280
0	-7.677	3.672	0.286
0	-7.675	3.675	0.291
0	-7.674	3.678	0.296
0	-7.673	3.682	0.300
0	-7.672	3.686	0.304
0	-7.671	3.690	0.307
0	-7.669	3.693	0.310
0	-7.667	3.698	0.313
0	-7.664	3.703	0.318
0	-7.662	3.710	0.321
0	-7.660	3.714	0.324
0	-7.658	3.720	0.327
0	-7.656	3.726	0.330
0	-7.654	3.730	0.333
0	-7.651	3.734	0.336
0	-7.649	3.738	0.339
0	-7.647	3.742	0.342
0	-7.643	3.746	0.344
0	-7.639	3.750	0.346
0	-7.633	3.756	0.348
0	-7.629	3.759	0.349
0	-7.625	3.762	0.349
0	-7.620	3.765	0.349
0	-7.617	3.767	0.348
0	-7.613	3.769	0.348
0	-7.609	3.771	0.347
0	-7.603	3.775	0.346
0	-7.600	3.776	0.345
0	-7.597	3.778	0.344
0	-7.594	3.780	0.342
0	-7.590	3.782	0.340
0	-7.585	3.785	0.337
0	-7.581	3.788	0.334
0	-7.576	3.791	0.331
0	-7.571	3.794	0.328
0	-7.566	3.797	0.326
0	-7.561	3.799	0.325
0	-7.560	3.800	0.324
0	-7.557	3.802	0.324
0	-7.554	3.803	0.323
0	-7.550	3.805	0.322
0	-7.544	3.808	0.322
0	-7.538	3.810	0.321
0	-7.533	3.812	0.320
0	-7.526	3.814	0.319
0	-7.521	3.816	0.318
0	-7.517	3.818	0.318
0	-7.513	3.820	0.317
0	-7.508	3.825	0.316
0	-7.502	3.830	0.315
0	-7.499	3.835	0.314
0	-7.496	3.842	0.312
0	-7.494	3.847	0.311
0	-7.493	3.852	0.310
0	-7.491	3.855	0.309
0	-7.490	3.859	0.308
0	-7.489	3.866	0.306
0	-7.487	3.870	0.305
0	-7.485	3.875	0.304
0	-7.483	3.882	0.301
0	-7.482	3.888	0.299
0	-7.480	3.892	0.297
0	-7.479	3.897	0.295
0	-7.479	3.899	0.295
0	-7.478	3.900	0.294
0	-7.478	3.903	0.293
0	-7.477	3.905	0.292
0	-7.477	3.912	0.289
0	-7.476	3.918	0.287
0	-7.476	3.923	0.286
0	-7.476	3.930	0.285
0	-7.476	3.936	0.284
0	-7.477	3.942	0.284
0	-7.477	3.950	0.284
0	-7.478	3.955	0.284
0	-7.478	3.962	0.285
0	-7.479	3.967	0.286
0	-7.480	3.974	0.288
0	-7.481	3.982	0.290
0	-7.482	3.987	0.291
0	-7.483	3.992	0.292
0	-7.484	3.996	0.293
0	-7.486	4.001	0.294
0	-7.488	4.007	0.294
0	-7.490	4.012	0.295
0	-7.493	4.017	0.296
0	-7.497	4.022	0.298
0	-7.501	4.027	0.300
0	-7.506	4.031	0.302
0	-7.510	4.033	0.304
0	-7.514	4.035	0.306
0	-7.519	4.036	0.308
0	-7.526	4.036	0.309
0	-7.532	4.035	0.310
0	-7.538	4.033	0.311
0	-7.544	4.030	0.312
0	-7.549	4.027	0.313
0	-7.555	4.022	0.314
0	-7.562	4.018	0.316
0	-7.568	4.016	0.317
0	-7.574	4.014	0.319
0	-7.579	4.013	0.320
0	-7.583	4.013	0.321
0	-7.587	4.013	0.322
0	-7.591	4.014	0.323
0	-7.595	4.015	0.324
0	-7.598	4.016	0.325
0	-7.600	4.017	0.325
0	-7.606	4.019	0.326
0	-7.612	4.022	0.329
0	-7.618	4.026	0.332
0	-7.622	4.030	0.337
0	-7.626	4.033	0.342
0	-7.628	4.037	0.348
0	-7.630	4.038	0.351
0	-7.631	4.040	0.356
0	-7.632	4.043	0.363
0	-7.634	4.045	0.371
0	-7.635	4.046	0.377
0	-7.636	4.048	0.383
0	-7.638	4.049	0.390
0	-7.639	4.050	0.394
0	-7.641	4.050	0.398
0	-7.642	4.052	0.404
0	-7.644	4.053	0.408
0	-7.646	4.056	0.413
0	-7.648	4.059	0.419
0	-7.649	4.063	0.423
0	-7.650	4.066	0.426
0	-7.651	4.069	0.430
0	-7.652	4.074	0.434
0	-7.653	4.080	0.439
0	-7.653	4.086	0.443
0	-7.653	4.090	0.446
0	-7.653	4.095	0.448
0	-7.653	4.099	0.449
0	-7.653	4.100	0.450
0	-7.653	4.103	0.451
0	-7.652	4.106	0.452
0	-7.652	4.111	0.454
0	-7.652	4.118	0.456
0	-7.652	4.125	0.457
0	-7.651	4.131	0.457
0	-7.651	4.137	0.456
0	-7.651	4.142	0.454
0	-7.651	4.147	0.451
0	-7.652	4.150	0.446
0	-7.652	4.153	0.442
0	-7.653	4.155	0.436
0	-7.654	4.156	0.430
0	-7.655	4.156	0.425
0	-7.657	4.155	0.418
0	-7.659	4.153	0.413
0	-7.661	4.151	0.407
0	-7.664	4.150	0.402
0	-7.666	4.148	0.397
0	-7.669	4.146	0.391
0	-7.672	4.146	0.386
0	-7.675	4.145	0.382
0	-7.678	4.145	0.377
0	-7.682	4.146	0.373
0	-7.686	4.147	0.369
0	-7.690	4.150	0.365
0	-7.695	4.153	0.361
0	-7.701	4.157	0.357
0	-7.706	4.160	0.355
0	-7.711	4.163	0.353
0	-7.716	4.167	0.351
0	-7.721	4.170	0.349
0	-7.726	4.173	0.348
0	-7.731	4.176	0.347
0	-7.739	4.181	0.347
0	-7.743	4.183	0.348
0	-7.748	4.186	0.350
0	-7.753	4.189	0.352
0	-7.758	4.191	0.354
0	-7.763	4.194	0.357
0	-7.767	4.196	0.360
0	-7.771	4.198	0.363
0	-7.773	4.200	0.365
0	-7.777	4.202	0.368
0	-7.781	4.205	0.371
0	-7.785	4.208	0.374
0	-7.789	4.213	0.377
0	-7.790	4.214	0.378
0	-7.791	4.216	0.378
0	-7.792	4.216	0.379
0	-7.792	4.217	0.379
0	-7.792	4.217	0.379
0	-7.794	4.219	0.380
0	-7.797	4.222	0.380
0	-7.799	4.223	0.379
0	-7.800	4.224	0.378
0	-7.802	4.224	0.377
0	-7.804	4.224	0.376
0	-7.807	4.222	0.375
0	-7.809	4.220	0.374
0	-7.811	4.217	0.375
0	-7.812	4.215	0.378
0	-7.813	4.214	0.384
0	-7.814	4.217	0.389
0	-7.814	4.218	0.391
0	-7.815	4.221	0.392
0	-7.818	4.225	0.394
0	-7.821	4.227	0.394
0	-7.825	4.229	0.394
0	-7.828	4.229	0.394
0	-7.831	4.228	0.394
0	-7.834	4.227	0.394
0	-7.838	4.224	0.394
0	-7.842	4.221	0.396
0	-7.845	4.218	0.398
0	-7.847	4.217	0.400
0	-7.848	4.216	0.401
0	-7.849	4.215	0.402
0	-7.851	4.214	0.404
0	-7.855	4.213	0.407
0	-7.860	4.212	0.410
0	-7.865	4.213	0.411
0	-7.868	4.214	0.411
0	-7.873	4.216	0.411
0	-7.876	4.217	0.410
0	-7.880	4.218	0.408
0	-7.883	4.218	0.407
0	-7.887	4.217	0.405
0	-7.891	4.216	0.403
0	-7.894	4.215	0.401
0	-7.897	4.213	0.400
0	-7.898	4.213	0.400
0	-7.899	4.212	0.400
0	-7.900	4.212	0.400
0	-7.902	4.210	0.400
0	-7.903	4.209	0.400
0	-7.905	4.207	0.401
0	-7.906	4.204	0.402
0	-7.907	4.201	0.403
0	-7.907	4.198	0.405
0	-7.907	4.194	0.407
0	-7.906	4.190	0.408
0	-7.906	4.186	0.408
0	-7.905	4.182	0.407
0	-7.904	4.179	0.404
0	-7.904	4.178	0.402
0	-7.903	4.177	0.400
0	-7.903	4.176	0.398
0	-7.903	4.176	0.396
0	-7.902	4.175	0.394
0	-7.902	4.175	0.390
0	-7.903	4.177	0.385
0	-7.903	4.179	0.382
0	-7.904	4.181	0.380
0	-7.906	4.186	0.378
0	-7.907	4.190	0.378
0	-7.908	4.194	0.380
0	-7.908	4.197	0.383
0	-7.907	4.199	0.387
0	-7.905	4.201	0.391
0	-7.902	4.203	0.394
0	-7.900	4.205	0.396
0	-7.897	4.209	0.398
0	-7.895	4.213	0.398
0	-7.894	4.216	0.398
0	-7.893	4.221	0.398
0	-7.893	4.226	0.397
0	-7.894	4.232	0.396
0	-7.896	4.236	0.395
0	-7.898	4.239	0.394
0	-7.900	4.242	0.394
0	-7.901	4.244	0.394
0	-7.902	4.245	0.394
0	-7.904	4.250	0.394
0	-7.904	4.254	0.395
0	-7.904	4.258	0.396
0	-7.903	4.262	0.398
0	-7.903	4.265	0.400
0	-7.901	4.268	0.401
0	-7.899	4.270	0.403
0	-7.897	4.272	0.404
0	-7.895	4.273	0.405
0	-7.888	4.275	0.408
0	-7.882	4.274	0.409
0	-7.878	4.273	0.408
0	-7.875	4.270	0.406
0	-7.873	4.266	0.403
0	-7.872	4.263	0.401
0	-7.871	4.262	0.400
0	-7.871	4.259	0.397
0	-7.871	4.257	0.394
0	-7.872	4.255	0.391
0	-7.873	4.253	0.387
0	-7.874	4.252	0.384
0	-7.876	4.251	0.381
0	-7.879	4.251	0.378
0	-7.882	4.252	0.376
0	-7.885	4.255	0.374
0	-7.887	4.259	0.373
0	-7.889	4.263	0.374
0	-7.889	4.266	0.377
0	-7.889	4.268	0.381
0	-7.887	4.268	0.385
0	-7.886	4.265	0.388
0	-7.885	4.262	0.390
0	-7.886	4.259	0.391
0	-7.887	4.256	0.391
0	-7.888	4.253	0.391
0	-7.890	4.250	0.392
0	-7.893	4.247	0.392
0	-7.897	4.243	0.392
0	-7.900	4.240	0.392
0	-7.902	4.238	0.392
0	-7.904	4.237	0.392
0	-7.907	4.235	0.392
0	-7.910	4.234	0.393
0	-7.914	4.232	0.393
0	-7.917	4.230	0.395
0	-7.920	4.227	0.397
0	-7.921	4.225	0.398
0	-7.922	4.224	0.400
0	-7.923	4.222	0.401
0	-7.924	4.220	0.402
0	-7.924	4.218	0.404
0	-7.925	4.215	0.405
0	-7.925	4.211	0.406
0	-7.924	4.208	0.408
0	-7.922	4.204	0.409
0	-7.919	4.201	0.410
0	-7.916	4.199	0.411
0	-7.913	4.198	0.412
0	-7.910	4.197	0.414
0	-7.906	4.195	0.416
0	-7.902	4.194	0.419
0	-7.899	4.193	0.421
0	-7.895	4.192	0.423
0	-7.892	4.192	0.424
0	-7.889	4.193	0.424
0	-7.887	4.194	0.425
0	-7.882	4.196	0.427
0	-7.878	4.198	0.429
0	-7.874	4.200	0.432
0	-7.872	4.201	0.435
0	-7.871	4.202	0.438
0	-7.870	4.203	0.444
0	-7.873	4.203	0.449
0	-7.874	4.203	0.450
0	-7.876	4.202	0.452
0	-7.879	4.200	0.453
0	-7.882	4.197	0.452
0	-7.884	4.194	0.450
0	-7.885	4.191	0.447
0	-7.884	4.189	0.444
0	-7.883	4.187	0.441
0	-7.880	4.186	0.437
0	-7.878	4.185	0.435
0	-7.875	4.185	0.433
0	-7.872	4.185	0.431
0	-7.867	4.186	0.428
0	-7.863	4.187	0.427
0	-7.858	4.188	0.427
0	-7.854	4.189	0.428
0	-7.850	4.190	0.429
0	-7.847	4.191	0.430
0	-7.844	4.192	0.430
0	-7.842	4.193	0.430
0	-7.839	4.195	0.431
0	-7.837	4.197	0.431
0	-7.836	4.199	0.432
0	-7.834	4.202	0.433
0	-7.833	4.205	0.435
0	-7.832	4.209	0.437
0	-7.832	4.212	0.439
0	-7.833	4.214	0.441
0	-7.836	4.217	0.443
0	-7.839	4.219	0.444
0	-7.842	4.220	0.444
0	-7.846	4.220	0.443
0	-7.849	4.219	0.441
0	-7.852	4.218	0.438
0	-7.853	4.216	0.434
0	-7.853	4.214	0.430
0	-7.852	4.211	0.426
0	-7.850	4.209	0.423
0	-7.847	4.206	0.421
0	-7.843	4.203	0.420
0	-7.840	4.201	0.421
0	-7.838	4.200	0.421
0	-7.836	4.199	0.422
0	-7.834	4.199	0.423
0	-7.830	4.199	0.425
0	-7.825	4.199	0.428
0	-7.821	4.200	0.429
0	-7.818	4.200	0.431
0	-7.815	4.201	0.433
0	-7.811	4.201	0.435
0	-7.808	4.202	0.436
0	-7.806	4.203	0.438
0	-7.803	4.204	0.440
0	-7.802	4.205	0.441
0	-7.801	4.205	0.442
0	-7.801	4.205	0.442
0	-7.801	4.205	0.443
0	-7.801	4.205	0.443
0	-7.800	4.205	0.444
0	-7.798	4.206	0.447
0	-7.797	4.206	0.450
0	-7.795	4.207	0.455
0	-7.794	4.207	0.463
0	-7.794	4.207	0.467
0	-7.794	4.207	0.473
0	-7.796	4.208	0.478
0	-7.796	4.209	0.481
0	-7.797	4.209	0.483
0	-7.797	4.209	0.483
0	-7.798	4.209	0.484
0	-7.798	4.209	0.484
0	-7.798	4.210	0.485
0	-7.799	4.210	0.486
0	-7.800	4.211	0.488
0	-7.801	4.212	0.488
0	-7.805	4.215	0.490
0	-7.808	4.218	0.490
0	-7.812	4.221	0.488
0	-7.816	4.223	0.485
0	-7.818	4.224	0.481
0	-7.819	4.223	0.477
0	-7.819	4.222	0.473
0	-7.818	4.221	0.470
0	-7.815	4.219	0.467
0	-7.811	4.217	0.464
0	-7.807	4.215	0.463
0	-7.804	4.213	0.463
0	-7.801	4.211	0.463
0	-7.800	4.211	0.463
0	-7.798	4.209	0.464
0	-7.798	4.209	0.464
0	-7.798	4.208	0.464
0	-7.797	4.208	0.464
0	-7.796	4.206	0.465
0	-7.793	4.202	0.467
0	-7.792	4.200	0.469
0	-7.790	4.198	0.470
0	-7.789	4.196	0.471
0	-7.786	4.193	0.474
0	-7.784	4.189	0.476
0	-7.781	4.186	0.479
0	-7.779	4.182	0.482
0	-7.776	4.178	0.484
0	-7.772	4.174	0.487
0	-7.769	4.170	0.490
0	-7.765	4.167	0.493
0	-7.761	4.164	0.496
0	-7.757	4.161	0.499
0	-7.756	4.160	0.500
0	-7.754	4.159	0.501
0	-7.753	4.158	0.502
0	-7.750	4.156	0.504
0	-7.746	4.153	0.507
0	-7.743	4.151	0.510
0	-7.739	4.148	0.514
0	-7.735	4.145	0.518
0	-7.732	4.143	0.525
0	-7.731	4.142	0.532
0	-7.731	4.141	0.540
0	-7.733	4.141	0.545
0	-7.736	4.142	0.553
0	-7.740	4.143	0.558
0	-7.744	4.144	0.563
0	-7.749	4.146	0.566
0	-7.755	4.148	0.569
0	-7.762	4.151	0.571
0	-7.767	4.152	0.571
0	-7.772	4.152	0.571
0	-7.777	4.152	0.571
0	-7.783	4.152	0.571
0	-7.788	4.151	0.571
0	-7.792	4.150	0.570
0	-7.795	4.148	0.570
0	-7.799	4.146	0.569
0	-7.800	4.146	0.569
0	-7.802	4.145	0.569
0	-7.804	4.144	0.569
0	-7.809	4.140	0.569
0	-7.814	4.135	0.568
0	-7.818	4.131	0.567
0	-7.821	4.126	0.566
0	-7.824	4.121	0.564
0	-7.826	4.117	0.563
0	-7.828	4.112	0.561
0	-7.830	4.108	0.560
0	-7.832	4.103	0.559
0	-7.833	4.098	0.558
0	-7.834	4.092	0.556
0	-7.834	4.086	0.554
0	-7.833	4.081	0.552
0	-7.831	4.077	0.551
0	-7.829	4.073	0.549
0	-7.827	4.069	0.548
0	-7.824	4.065	0.545
0	-7.821	4.061	0.542
0	-7.818	4.057	0.539
0	-7.814	4.053	0.535
0	-7.810	4.049	0.530
0	-7.806	4.044	0.524
0	-7.803	4.039	0.519
0	-7.800	4.034	0.514
0	-7.798	4.031	0.510
0	-7.796	4.027	0.505
0	-7.796	4.025	0.501
0	-7.796	4.025	0.500
0	-7.795	4.024	0.498
0	-7.795	4.023	0.497
0	-7.795	4.021	0.494
0	-7.794	4.020	0.489
0	-7.793	4.019	0.486
0	-7.792	4.018	0.482
0	-7.791	4.016	0.477
0	-7.790	4.014	0.471
0	-7.789	4.010	0.464
0	-7.790	4.006	0.459
0	-7.790	4.002	0.455
0	-7.792	3.997	0.451
0	-7.793	3.993	0.448
0	-7.794	3.988	0.446
0	-7.796	3.983	0.444
0	-7.798	3.978	0.442
0	-7.800	3.973	0.440
0	-7.802	3.967	0.438
0	-7.804	3.959	0.436
0	-7.805	3.952	0.434
0	-7.807	3.946	0.433
0	-7.807	3.940	0.432
0	-7.808	3.934	0.431
0	-7.808	3.929	0.429
0	-7.808	3.922	0.428
0	-7.808	3.918	0.427
0	-7.808	3.912	0.425
0	-7.808	3.907	0.423
0	-7.808	3.901	0.421
0	-7.807	3.894	0.419
0	-7.807	3.889	0.418
0	-7.807	3.884	0.416
0	-7.807	3.879	0.415
0	-7.806	3.873	0.414
0	-7.806	3.867	0.412
0	-7.805	3.860	0.410
0	-7.805	3.855	0.409
0	-7.804	3.848	0.408
0	-7.804	3.841	0.407
0	-7.804	3.834	0.407
0	-7.805	3.824	0.409
0	-7.806	3.818	0.411
0	-7.807	3.812	0.413
0	-7.808	3.807	0.417
0	-7.810	3.802	0.422
0	-7.812	3.798	0.427
0	-7.814	3.796	0.431
0	-7.817	3.795	0.437
0	-7.821	3.795	0.443
0	-7.826	3.797	0.448
0	-7.830	3.800	0.453
0	-7.835	3.803	0.456
0	-7.841	3.806	0.458
0	-7.846	3.809	0.459
0	-7.851	3.811	0.459
0	-7.860	3.814	0.459
0	-7.867	3.816	0.457
0	-7.874	3.818	0.455
0	-7.880	3.820	0.453
0	-7.886	3.822	0.449
0	-7.891	3.824	0.444
0	-7.895	3.825	0.439
0	-7.897	3.826	0.435
0	-7.899	3.827	0.431
0	-7.901	3.828	0.428
0	-7.903	3.828	0.423
0	-7.904	3.829	0.417
0	-7.905	3.830	0.412
0	-7.905	3.831	0.407
0	-7.904	3.831	0.402
0	-7.903	3.832	0.397
0	-7.900	3.833	0.390
0	-7.898	3.833	0.384
0	-7.896	3.833	0.379
0	-7.894	3.832	0.373
0	-7.892	3.831	0.367
0	-7.891	3.829	0.362
0	-7.890	3.826	0.355
0	-7.890	3.824	0.350
0	-7.891	3.821	0.345
0	-7.893	3.817	0.338
0	-7.895	3.814	0.332
0	-7.898	3.809	0.326
0	-7.902	3.805	0.321
0	-7.906	3.800	0.316
0	-7.911	3.794	0.313
0	-7.914	3.790	0.311
0	-7.918	3.785	0.309
0	-7.922	3.781	0.307
0	-7.926	3.777	0.305
0	-7.929	3.772	0.303
0	-7.933	3.766	0.300
0	-7.936	3.762	0.297
0	-7.938	3.758	0.295
0	-7.940	3.754	0.291
0	-7.943	3.750	0.288
0	-7.945	3.746	0.285
0	-7.948	3.743	0.281
0	-7.950	3.740	0.277
0	-7.953	3.737	0.273
0	-7.956	3.735	0.269
0	-7.959	3.733	0.265
0	-7.961	3.732	0.260
0	-7.963	3.732	0.256
0	-7.965	3.732	0.253
0	-7.966	3.732	0.249
0	-7.968	3.733	0.244
0	-7.970	3.733	0.239
0	-7.972	3.734	0.233
0	-7.973	3.735	0.226
0	-7.974	3.736	0.221
0	-7.975	3.737	0.216
0	-7.976	3.738	0.211
0	-7.977	3.740	0.204
0	-7.979	3.742	0.199
0	-7.980	3.744	0.193
0	-7.983	3.745	0.186
0	-7.986	3.746	0.180
0	-7.989	3.747	0.175
0	-7.992	3.747	0.169
0	-7.995	3.746	0.165
0	-7.998	3.746	0.161
0	-7.999	3.745	0.159
0	-8.000	3.745	0.159
0	-8.001	3.745	0.157
0	-8.002	3.744	0.156
0	-8.007	3.742	0.150
0	-8.013	3.739	0.145
0	-8.018	3.738	0.141
0	-8.023	3.736	0.137
0	-8.029	3.736	0.134
0	-8.035	3.736	0.132
0	-8.041	3.736	0.130
0	-8.048	3.736	0.130
0	-8.055	3.736	0.131
0	-8.061	3.737	0.134
0	-8.067	3.737	0.138
0	-8.071	3.737	0.142
0	-8.075	3.738	0.147
0	-8.079	3.739	0.153
0	-8.081	3.740	0.157
0	-8.084	3.741	0.163
0	-8.087	3.742	0.167
0	-8.090	3.743	0.171
0	-8.092	3.743	0.176
0	-8.095	3.743	0.180
0	-8.098	3.743	0.184
0	-8.100	3.743	0.188
0	-8.104	3.742	0.195
0	-8.106	3.740	0.198
0	-8.107	3.740	0.199
0	-8.107	3.740	0.200
0	-8.108	3.739	0.201
0	-8.108	3.739	0.203
0	-8.110	3.738	0.204
0	-8.112	3.736	0.208
0	-8.114	3.734	0.212
0	-8.117	3.731	0.216
0	-8.120	3.727	0.221
0	-8.123	3.722	0.225
0	-8.126	3.717	0.229
0	-8.129	3.712	0.232
0	-8.131	3.708	0.236
0	-8.133	3.705	0.240
0	-8.135	3.702	0.243
0	-8.138	3.698	0.249
0	-8.140	3.694	0.254
0	-8.142	3.691	0.258
0	-8.143	3.688	0.263
0	-8.145	3.685	0.269
0	-8.146	3.683	0.275
0	-8.147	3.681	0.282
0	-8.148	3.680	0.287
0	-8.150	3.680	0.293
0	-8.152	3.679	0.299
0	-8.152	3.679	0.300
0	-8.153	3.680	0.303
0	-8.154	3.680	0.305
0	-8.155	3.680	0.312
0	-8.156	3.681	0.317
0	-8.156	3.683	0.324
0	-8.156	3.684	0.331
0	-8.156	3.685	0.338
0	-8.155	3.685	0.344
0	-8.154	3.685	0.349
0	-8.152	3.684	0.354
0	-8.150	3.682	0.359
0	-8.147	3.680	0.363
0	-8.144	3.676	0.368
0	-8.142	3.674	0.371
0	-8.140	3.670	0.374
0	-8.138	3.665	0.378
0	-8.136	3.659	0.382
0	-8.135	3.654	0.385
0	-8.134	3.647	0.389
0	-8.133	3.641	0.392
0	-8.132	3.636	0.394
0	-8.132	3.633	0.396
0	-8.132	3.629	0.397
0	-8.131	3.625	0.399
0	-8.131	3.623	0.400
0	-8.132	3.616	0.403
0	-8.133	3.611	0.405
0	-8.135	3.604	0.408
0	-8.138	3.599	0.410
0	-8.141	3.596	0.412
0	-8.144	3.592	0.414
0	-8.150	3.588	0.415
0	-8.155	3.585	0.416
0	-8.159	3.582	0.416
0	-8.163	3.580	0.415
0	-8.167	3.578	0.415
0	-8.172	3.576	0.414
0	-8.175	3.575	0.413
0	-8.179	3.574	0.413
0	-8.184	3.574	0.412
0	-8.188	3.573	0.412
0	-8.192	3.574	0.412
0	-8.197	3.574	0.412
0	-8.202	3.576	0.413
0	-8.207	3.578	0.414
0	-8.213	3.580	0.416
0	-8.219	3.583	0.418
0	-8.225	3.586	0.421
0	-8.230	3.588	0.425
0	-8.234	3.590	0.429
0	-8.238	3.591	0.434
0	-8.242	3.591	0.438
0	-8.246	3.591	0.442
0	-8.250	3.591	0.446
0	-8.254	3.590	0.451
0	-8.258	3.590	0.454
0	-8.263	3.589	0.458
0	-8.268	3.589	0.461
0	-8.271	3.589	0.463
0	-8.273	3.589	0.464
0	-8.274	3.590	0.464
0	-8.277	3.590	0.466
0	-8.282	3.591	0.469
0	-8.285	3.591	0.470
0	-8.288	3.593	0.472
0	-8.293	3.594	0.472
0	-8.297	3.594	0.473
0	-8.300	3.594	0.473
0	-8.303	3.594	0.474
0	-8.306	3.594	0.474
0	-8.309	3.592	0.475
0	-8.313	3.590	0.476
0	-8.315	3.587	0.477
0	-8.317	3.583	0.478
0	-8.318	3.580	0.479
0	-8.318	3.575	0.479
0	-8.318	3.572	0.480
0	-8.317	3.567	0.481
0	-8.316	3.564	0.482
0	-8.316	3.560	0.484
0	-8.315	3.556	0.485
0	-8.313	3.552	0.487
0	-8.313	3.549	0.488
0	-8.312	3.546	0.489
0	-8.311	3.542	0.490
0	-8.310	3.538	0.492
0	-8.309	3.535	0.494
0	-8.309	3.531	0.496
0	-8.308	3.527	0.498
0	-8.307	3.523	0.500
0	-8.306	3.519	0.503
0	-8.306	3.514	0.506
0	-8.305	3.509	0.509
0	-8.304	3.503	0.512
0	-8.304	3.500	0.514
0	-8.303	3.497	0.516
0	-8.303	3.494	0.517
0	-8.303	3.489	0.520
0	-8.302	3.482	0.524
0	-8.302	3.478	0.526
0	-8.301	3.473	0.528
0	-8.299	3.467	0.531
0	-8.297	3.460	0.535
0	-8.294	3.455	0.538
0	-8.291	3.451	0.541
0	-8.289	3.447	0.545
0	-8.288	3.443	0.548
0	-8.286	3.438	0.553
0	-8.285	3.435	0.558
0	-8.284	3.431	0.564
0	-8.283	3.426	0.570
0	-8.284	3.422	0.576
0	-8.284	3.418	0.581
0	-8.285	3.414	0.586
0	-8.287	3.410	0.592
0	-8.289	3.405	0.598
0	-8.292	3.401	0.603
0	-8.293	3.398	0.607
0	-8.295	3.395	0.611
0	-8.298	3.391	0.615
0	-8.300	3.387	0.619
0	-8.302	3.382	0.623
0	-8.304	3.377	0.627
0	-8.305	3.373	0.630
0	-8.306	3.369	0.634
0	-8.307	3.364	0.638
0	-8.308	3.359	0.642
0	-8.309	3.354	0.647
0	-8.311	3.349	0.651
0	-8.312	3.345	0.655
0	-8.314	3.340	0.659
0	-8.316	3.336	0.663
0	-8.317	3.331	0.666
0	-8.319	3.327	0.670
0	-8.320	3.323	0.674
0	-8.323	3.317	0.679
0	-8.326	3.312	0.682
0	-8.329	3.309	0.685
0	-8.332	3.306	0.688
0	-8.335	3.302	0.692
0	-8.339	3.300	0.694
0	-8.343	3.299	0.696
0	-8.348	3.298	0.698
0	-8.350	3.298	0.699
0	-8.352	3.298	0.700
0	-8.352	3.298	0.700
0	-8.353	3.298	0.700
0	-8.355	3.298	0.701
0	-8.357	3.299	0.701
0	-8.363	3.301	0.702
0	-8.370	3.304	0.700
0	-8.371	3.304	0.700
0	-8.371	3.305	0.700
0	-8.372	3.305	0.699
0	-8.377	3.308	0.697
0	-8.381	3.311	0.694
0	-8.386	3.314	0.690
0	-8.390	3.317	0.686
0	-8.394	3.320	0.681
0	-8.396	3.322	0.677
0	-8.398	3.324	0.672
0	-8.399	3.326	0.668
0	-8.401	3.328	0.663
0	-8.402	3.331	0.658
0	-8.404	3.333	0.652
0	-8.406	3.336	0.647
0	-8.407	3.339	0.641
0	-8.408	3.342	0.634
0	-8.408	3.344	0.628
0	-8.407	3.346	0.622
0	-8.406	3.347	0.616
0	-8.405	3.348	0.609
0	-8.405	3.349	0.602
0	-8.405	3.349	0.600
0	-8.405	3.349	0.599
0	-8.405	3.349	0.597
0	-8.405	3.348	0.594
0	-8.405	3.347	0.589
0	-8.404	3.343	0.582
0	-8.403	3.339	0.577
0	-8.402	3.333	0.572
0	-8.401	3.329	0.570
0	-8.400	3.325	0.568
0	-8.400	3.320	0.566
0	-8.399	3.315	0.564
0	-8.399	3.310	0.563
0	-8.400	3.304	0.562
0	-8.400	3.301	0.561
0	-8.400	3.298	0.561
0	-8.401	3.295	0.560
0	-8.401	3.289	0.559
0	-8.402	3.280	0.559
0	-8.402	3.272	0.558
0	-8.401	3.264	0.558
0	-8.401	3.258	0.557
0	-8.401	3.253	0.556
0	-8.402	3.248	0.556
0	-8.402	3.242	0.556
0	-8.403	3.236	0.555
0	-8.404	3.230	0.555
0	-8.405	3.222	0.554
0	-8.405	3.216	0.552
0	-8.406	3.210	0.550
0	-8.406	3.205	0.548
0	-8.406	3.202	0.546
0	-8.406	3.200	0.545
0	-8.406	3.198	0.544
0	-8.406	3.197	0.543
0	-8.405	3.195	0.541
0	-8.404	3.191	0.539
0	-8.402	3.186	0.535
0	-8.400	3.180	0.532
0	-8.397	3.175	0.528
0	-8.395	3.169	0.526
0	-8.394	3.162	0.523
0	-8.393	3.154	0.521
0	-8.394	3.147	0.520
0	-8.394	3.141	0.520
0	-8.395	3.134	0.520
0	-8.396	3.127	0.521
0	-8.398	3.120	0.523
0	-8.400	3.114	0.524
0	-8.404	3.105	0.526
0	-8.406	3.100	0.527
0	-8.409	3.096	0.528
0	-8.412	3.091	0.528
0	-8.415	3.086	0.528
0	-8.418	3.081	0.528
0	-8.421	3.074	0.527
0	-8.424	3.068	0.526
0	-8.426	3.063	0.525
0	-8.428	3.057	0.523
0	-8.430	3.050	0.521
0	-8.432	3.044	0.520
0	-8.433	3.038	0.518
0	-8.433	3.033	0.517
0	-8.433	3.027	0.516
0	-8.434	3.022	0.515
0	-8.434	3.017	0.514
0	-8.434	3.011	0.512
0	-8.433	3.006	0.512
0	-8.433	3.001	0.511
0	-8.432	3.000	0.511
0	-8.432	2.997	0.511
0	-8.431	2.995	0.510
0	-8.429	2.989	0.510
0	-8.428	2.983	0.510
0	-8.426	2.977	0.510
0	-8.423	2.971	0.510
0	-8.421	2.965	0.511
0	-8.418	2.960	0.511
0	-8.416	2.955	0.512
0	-8.413	2.951	0.513
0	-8.410	2.946	0.514
0	-8.407	2.942	0.515
0	-8.402	2.937	0.517
0	-8.400	2.935	0.518
0	-8.399	2.934	0.518
0	-8.398	2.932	0.519
0	-8.395	2.929	0.521
0	-8.391	2.925	0.525
0	-8.387	2.921	0.528
0	-8.383	2.917	0.533
0	-8.379	2.914	0.538
0	-8.375	2.911	0.542
0	-8.372	2.909	0.548
0	-8.369	2.906	0.554
0	-8.368	2.903	0.560
0	-8.366	2.900	0.566
0	-8.366	2.900	0.567
0	-8.366	2.900	0.568
0	-8.366	2.899	0.570
0	-8.365	2.898	0.575
0	-8.364	2.897	0.579
0	-8.364	2.896	0.584
0	-8.364	2.895	0.588
0	-8.364	2.894	0.593
0	-8.364	2.894	0.599
0	-8.365	2.893	0.606
0	-8.365	2.892	0.612
0	-8.365	2.891	0.618
0	-8.365	2.891	0.623
0	-8.365	2.891	0.630
0	-8.365	2.891	0.635
0	-8.364	2.892	0.642
0	-8.364	2.893	0.646
0	-8.363	2.894	0.651
0	-8.363	2.895	0.656
0	-8.362	2.895	0.660
0	-8.360	2.896	0.664
0	-8.358	2.896	0.670
0	-8.356	2.896	0.675
0	-8.354	2.896	0.679
0	-8.352	2.895	0.683
0	-8.350	2.895	0.687
0	-8.347	2.894	0.691
0	-8.344	2.893	0.695
0	-8.342	2.891	0.699
0	-8.338	2.888	0.703
0	-8.334	2.884	0.707
0	-8.330	2.880	0.711
0	-8.328	2.877	0.713
0	-8.326	2.874	0.716
0	-8.323	2.870	0.719
0	-8.320	2.866	0.723
0	-8.317	2.861	0.727
0	-8.314	2.857	0.730
0	-8.312	2.853	0.735
0	-8.309	2.848	0.739
0	-8.307	2.844	0.743
0	-8.305	2.841	0.747
0	-8.303	2.837	0.751
0	-8.300	2.834	0.755
0	-8.298	2.831	0.759
0	-8.295	2.828	0.763
0	-8.291	2.824	0.768
0	-8.286	2.821	0.772
0	-8.281	2.818	0.775
0	-8.277	2.817	0.777
0	-8.273	2.816	0.779
0	-8.267	2.815	0.782
0	-8.260	2.815	0.784
0	-8.254	2.814	0.787
0	-8.248	2.815	0.789
0	-8.242	2.815	0.791
0	-8.236	2.816	0.792
0	-8.230	2.816	0.794
0	-8.225	2.817	0.795
0	-8.221	2.818	0.796
0	-8.217	2.819	0.797
0	-8.212	2.820	0.798
0	-8.206	2.822	0.800
0	-8.203	2.823	0.801
0	-8.201	2.824	0.801
0	-8.200	2.824	0.802
0	-8.199	2.825	0.802
0	-8.198	2.825	0.802
0	-8.196	2.826	0.803
0	-8.190	2.828	0.805
0	-8.184	2.830	0.808
0	-8.179	2.832	0.811
0	-8.174	2.833	0.816
0	-8.170	2.835	0.821
0	-8.167	2.837	0.826
0	-8.165	2.840	0.831
0	-8.163	2.843	0.837
0	-8.162	2.846	0.842
0	-8.163	2.849	0.846
0	-8.165	2.854	0.852
0	-8.169	2.860	0.859
0	-8.173	2.865	0.862
0	-8.178	2.870	0.865
0	-8.183	2.874	0.865
0	-8.189	2.877	0.865
0	-8.195	2.881	0.863
0	-8.198	2.882	0.862
0	-8.199	2.883	0.862
0	-8.200	2.883	0.861
0	-8.201	2.884	0.861
0	-8.201	2.884	0.861
0	-8.205	2.886	0.859
0	-8.210	2.889	0.856
0	-8.214	2.891	0.853
0	-8.219	2.894	0.851
0	-8.223	2.898	0.847
0	-8.224	2.899	0.846
0	-8.225	2.900	0.846
0	-8.225	2.901	0.845
0	-8.226	2.901	0.845
0	-8.228	2.904	0.842
0	-8.231	2.909	0.838
0	-8.233	2.913	0.834
0	-8.235	2.917	0.829
0	-8.237	2.922	0.824
0	-8.237	2.925	0.821
0	-8.238	2.929	0.817
0	-8.239	2.932	0.813
0	-8.239	2.934	0.809
0	-8.239	2.937	0.805
0	-8.238	2.938	0.802
0	-8.238	2.939	0.801
0	-8.238	2.939	0.800
0	-8.238	2.939	0.799
0	-8.238	2.940	0.798
0	-8.237	2.943	0.793
0	-8.236	2.945	0.789
0	-8.235	2.947	0.784
0	-8.233	2.949	0.779
0	-8.231	2.952	0.774
0	-8.229	2.954	0.769
0	-8.226	2.957	0.764
0	-8.224	2.959	0.759
0	-8.222	2.961	0.754
0	-8.219	2.964	0.749
0	-8.215	2.968	0.741
0	-8.212	2.971	0.734
0	-8.208	2.972	0.728
0	-8.206	2.973	0.725
0	-8.203	2.973	0.721
0	-8.201	2.973	0.719
0	-8.200	2.973	0.718
0	-8.199	2.973	0.717
0	-8.199	2.973	0.717
0	-8.194	2.973	0.714
0	-8.188	2.973	0.712
0	-8.182	2.973	0.712
0	-8.176	2.973	0.714
0	-8.171	2.974	0.717
0	-8.166	2.976	0.720
0	-8.161	2.979	0.724
0	-8.158	2.982	0.727
0	-8.156	2.986	0.730
0	-8.154	2.992	0.733
0	-8.152	2.997	0.735
0	-8.152	3.000	0.736
0	-8.152	3.002	0.736
0	-8.151	3.004	0.736
0	-8.150	3.009	0.736
0	-8.149	3.016	0.735
0	-8.147	3.021	0.735
0	-8.146	3.025	0.734
0	-8.145	3.029	0.734
0	-8.144	3.034	0.734
0	-8.141	3.039	0.734
0	-8.137	3.046	0.735
0	-8.131	3.050	0.736
0	-8.125	3.052	0.737
0	-8.118	3.053	0.739
0	-8.110	3.053	0.741
0	-8.105	3.052	0.743
0	-8.098	3.050	0.743
0	-8.093	3.049	0.744
0	-8.087	3.047	0.744
0	-8.081	3.045	0.745
0	-8.076	3.044	0.745
0	-8.072	3.042	0.745
0	-8.068	3.040	0.745
0	-8.062	3.037	0.745
0	-8.057	3.034	0.745
0	-8.050	3.030	0.744
0	-8.043	3.025	0.743
0	-8.039	3.021	0.742
0	-8.035	3.017	0.741
0	-8.031	3.013	0.739
0	-8.027	3.009	0.738
0	-8.024	3.005	0.737
0	-8.021	3.001	0.735
0	-8.018	2.997	0.733
0	-8.016	2.993	0.731
0	-8.014	2.989	0.729
0	-8.012	2.985	0.726
0	-8.010	2.981	0.723
0	-8.008	2.977	0.719
0	-8.005	2.974	0.715
0	-8.003	2.971	0.710
0	-8.002	2.968	0.705
0	-8.001	2.967	0.702
0	-8.001	2.966	0.701
0	-8.001	2.966	0.700
0	-8.001	2.965	0.699
0	-8.000	2.965	0.698
0	-7.999	2.962	0.694
0	-7.998	2.960	0.690
0	-7.996	2.957	0.685
0	-7.993	2.954	0.681
0	-7.990	2.952	0.677
0	-7.985	2.948	0.673
0	-7.981	2.945	0.671
0	-7.977	2.943	0.669
0	-7.972	2.940	0.668
0	-7.967	2.938	0.667
0	-7.961	2.937	0.667
0	-7.954	2.935	0.668
0	-7.949	2.935	0.668
0	-7.942	2.935	0.670
0	-7.937	2.936	0.671
0	-7.933	2.938	0.673
0	-7.928	2.940	0.674
0	-7.925	2.943	0.675
0	-7.921	2.946	0.677
0	-7.917	2.951	0.679
0	-7.914	2.957	0.682
0	-7.912	2.963	0.684
0	-7.910	2.970	0.686
0	-7.909	2.977	0.688
0	-7.908	2.984	0.689
0	-7.908	2.990	0.689
0	-7.908	2.995	0.690
0	-7.908	2.999	0.690
0	-7.908	3.000	0.690
0	-7.908	3.002	0.690
0	-7.908	3.003	0.690
0	-7.908	3.007	0.690
0	-7.908	3.012	0.690
0	-7.908	3.017	0.691
0	-7.907	3.022	0.692
0	-7.906	3.027	0.692
0	-7.905	3.032	0.693
0	-7.903	3.036	0.693
0	-7.901	3.041	0.694
0	-7.900	3.043	0.695
0	-7.899	3.045	0.695
0	-7.898	3.047	0.696
0	-7.896	3.050	0.696
0	-7.892	3.056	0.698
0	-7.887	3.062	0.699
0	-7.883	3.068	0.701
0	-7.877	3.076	0.704
0	-7.874	3.081	0.706
0	-7.872	3.087	0.708
0	-7.870	3.091	0.710
0	-7.870	3.095	0.712
0	-7.870	3.099	0.714
0	-7.870	3.100	0.714
0	-7.870	3.101	0.715
0	-7.870	3.102	0.716
0	-7.870	3.105	0.717
0	-7.869	3.111	0.720
0	-7.868	3.117	0.723
0	-7.867	3.122	0.726
0	-7.866	3.128	0.729
0	-7.865	3.134	0.732
0	-7.864	3.140	0.735
0	-7.863	3.146	0.736
0	-7.862	3.150	0.738
0	-7.861	3.155	0.739
0	-7.858	3.161	0.740
0	-7.856	3.166	0.740
0	-7.854	3.170	0.740
0	-7.852	3.174	0.739
0	-7.849	3.179	0.737
0	-7.847	3.183	0.735
0	-7.844	3.189	0.731
0	-7.842	3.194	0.727
0	-7.841	3.198	0.723
0	-7.841	3.200	0.720
0	-7.840	3.201	0.719
0	-7.840	3.202	0.718
0	-7.840	3.203	0.715
0	-7.839	3.206	0.710
0	-7.839	3.208	0.704
0	-7.838	3.208	0.698
0	-7.838	3.208	0.693
0	-7.837	3.206	0.686
0	-7.835	3.203	0.681
0	-7.834	3.201	0.678
0	-7.833	3.200	0.676
0	-7.833	3.200	0.676
0	-7.833	3.199	0.675
0	-7.833	3.199	0.674
0	-7.831	3.196	0.670
0	-7.829	3.193	0.665
0	-7.828	3.190	0.659
0	-7.828	3.187	0.653
0	-7.828	3.185	0.649
0	-7.829	3.182	0.644
0	-7.831	3.179	0.638
0	-7.833	3.176	0.633
0	-7.836	3.173	0.629
0	-7.838	3.171	0.625
0	-7.841	3.168	0.621
0	-7.844	3.165	0.616
0	-7.846	3.162	0.612
0	-7.848	3.158	0.608
0	-7.850	3.154	0.604
0	-7.851	3.149	0.600
0	-7.852	3.145	0.598
0	-7.852	3.138	0.594
0	-7.851	3.132	0.590
0	-7.850	3.127	0.587
0	-7.848	3.122	0.581
0	-7.846	3.118	0.576
0	-7.843	3.115	0.569
0	-7.841	3.113	0.562
0	-7.838	3.113	0.556
0	-7.836	3.114	0.550
0	-7.834	3.116	0.545
0	-7.833	3.119	0.539
0	-7.832	3.122	0.535
0	-7.832	3.125	0.530
0	-7.832	3.130	0.524
0	-7.834	3.135	0.519
0	-7.835	3.139	0.514
0	-7.838	3.143	0.509
0	-7.840	3.148	0.505
0	-7.843	3.151	0.501
0	-7.843	3.152	0.500
0	-7.844	3.153	0.498
0	-7.845	3.154	0.497
0	-7.846	3.156	0.494
0	-7.848	3.158	0.490
0	-7.850	3.159	0.485
0	-7.851	3.159	0.479
0	-7.851	3.159	0.473
0	-7.851	3.158	0.466
0	-7.849	3.156	0.460
0	-7.846	3.155	0.455
0	-7.843	3.155	0.450
0	-7.838	3.155	0.445
0	-7.834	3.155	0.441
0	-7.829	3.157	0.437
0	-7.825	3.158	0.433
0	-7.821	3.159	0.431
0	-7.816	3.161	0.426
0	-7.811	3.164	0.422
0	-7.807	3.166	0.418
0	-7.802	3.169	0.413
0	-7.800	3.170	0.412
0	-7.798	3.171	0.410
0	-7.795	3.173	0.407
0	-7.790	3.175	0.402
0	-7.786	3.176	0.398
0	-7.782	3.177	0.394
0	-7.778	3.178	0.390
0	-7.774	3.178	0.387
0	-7.770	3.178	0.383
0	-7.765	3.178	0.380
0	-7.761	3.178	0.376
0	-7.755	3.177	0.372
0	-7.751	3.176	0.368
0	-7.747	3.175	0.365
0	-7.742	3.174	0.361
0	-7.738	3.171	0.356
0	-7.734	3.169	0.352
0	-7.731	3.167	0.348
0	-7.727	3.164	0.343
0	-7.725	3.161	0.339
0	-7.723	3.159	0.335
0	-7.721	3.157	0.329
0	-7.720	3.155	0.323
0	-7.719	3.155	0.316
0	-7.719	3.155	0.309
0	-7.719	3.155	0.304
0	-7.719	3.155	0.301
0	-7.719	3.155	0.300
0	-7.720	3.156	0.297
0	-7.720	3.157	0.293
0	-7.721	3.158	0.289
0	-7.722	3.159	0.285
0	-7.724	3.161	0.281
0	-7.728	3.163	0.275
0	-7.731	3.164	0.272
0	-7.734	3.165	0.269
0	-7.737	3.166	0.266
0	-7.741	3.167	0.264
0	-7.745	3.168	0.261
0	-7.750	3.168	0.258
0	-7.755	3.168	0.256
0	-7.759	3.168	0.254
0	-7.764	3.168	0.252
0	-7.769	3.167	0.249
0	-7.773	3.165	0.248
0	-7.778	3.163	0.246
0	-7.783	3.161	0.244
0	-7.789	3.158	0.243
0	-7.794	3.155	0.242
0	-7.799	3.152	0.241
0	-7.803	3.148	0.241
0	-7.807	3.142	0.241
0	-7.811	3.137	0.241
0	-7.814	3.130	0.243
0	-7.815	3.124	0.246
0	-7.816	3.118	0.249
0	-7.816	3.113	0.254
0	-7.815	3.109	0.258
0	-7.814	3.105	0.262
0	-7.812	3.101	0.266
0	-7.810	3.098	0.270
0	-7.808	3.095	0.275
0	-7.807	3.093	0.279
0	-7.804	3.092	0.284
0	-7.802	3.090	0.289
0	-7.800	3.088	0.294
0	-7.798	3.086	0.300
0	-7.796	3.084	0.305
0	-7.794	3.080	0.311
0	-7.793	3.076	0.318
0	-7.792	3.072	0.324
0	-7.792	3.069	0.329
0	-7.791	3.067	0.334
0	-7.791	3.064	0.339
0	-7.792	3.062	0.345
0	-7.793	3.060	0.351
0	-7.794	3.059	0.356
0	-7.796	3.058	0.361
0	-7.799	3.057	0.365
0	-7.800	3.056	0.367
0	-7.802	3.055	0.370
0	-7.804	3.054	0.372
0	-7.809	3.052	0.376
0	-7.813	3.049	0.380
0	-7.818	3.045	0.383
0	-7.824	3.039	0.386
0	-7.828	3.034	0.387
0	-7.832	3.028	0.387
0	-7.836	3.022	0.387
0	-7.839	3.016	0.387
0	-7.840	3.010	0.387
0	-7.841	3.005	0.386
0	-7.841	3.001	0.386
0	-7.841	2.997	0.385
0	-7.841	2.993	0.385
0	-7.839	2.986	0.383
0	-7.836	2.978	0.381
0	-7.834	2.973	0.380
0	-7.833	2.967	0.378
0	-7.831	2.962	0.377
0	-7.830	2.956	0.375
0	-7.828	2.950	0.373
0	-7.826	2.943	0.371
0	-7.824	2.937	0.370
0	-7.822	2.930	0.370
0	-7.820	2.926	0.370
0	-7.818	2.921	0.371
0	-7.814	2.914	0.372
0	-7.811	2.908	0.374
0	-7.808	2.903	0.375
0	-7.805	2.898	0.376
0	-7.802	2.894	0.377
0	-7.800	2.892	0.377
0	-7.797	2.889	0.377
0	-7.795	2.887	0.377
0	-7.788	2.882	0.375
0	-7.783	2.878	0.374
0	-7.779	2.874	0.372
0	-7.774	2.870	0.369
0	-7.770	2.865	0.366
0	-7.767	2.861	0.363
0	-7.763	2.857	0.359
0	-7.760	2.853	0.356
0	-7.756	2.849	0.352
0	-7.752	2.846	0.350
0	-7.748	2.843	0.347
0	-7.743	2.839	0.344
0	-7.738	2.836	0.342
0	-7.733	2.833	0.340
0	-7.729	2.831	0.340
0	-7.723	2.829	0.339
0	-7.718	2.827	0.340
0	-7.713	2.824	0.340
0	-7.708	2.822	0.340
0	-7.703	2.819	0.341
0	-7.698	2.817	0.341
0	-7.693	2.814	0.342
0	-7.689	2.811	0.343
0	-7.684	2.809	0.345
0	-7.681	2.806	0.347
0	-7.677	2.803	0.349
0	-7.673	2.801	0.351
0	-7.672	2.800	0.351
0	-7.669	2.798	0.353
0	-7.667	2.796	0.354
0	-7.662	2.793	0.356
0	-7.658	2.790	0.358
0	-7.654	2.786	0.361
0	-7.650	2.783	0.363
0	-7.646	2.779	0.365
0	-7.642	2.774	0.366
0	-7.638	2.770	0.367
0	-7.635	2.766	0.367
0	-7.630	2.760	0.368
0	-7.626	2.755	0.369
0	-7.622	2.750	0.370
0	-7.618	2.745	0.371
0	-7.615	2.739	0.371
0	-7.612	2.734	0.371
0	-7.610	2.729	0.369
0	-7.608	2.723	0.367
0	-7.606	2.718	0.365
0	-7.605	2.713	0.362
0	-7.605	2.706	0.360
0	-7.605	2.702	0.359
0	-7.606	2.697	0.359
0	-7.606	2.691	0.358
0	-7.607	2.684	0.357
0	-7.608	2.676	0.356
0	-7.609	2.668	0.354
0	-7.611	2.663	0.352
0	-7.612	2.658	0.350
0	-7.613	2.654	0.348
0	-7.615	2.650	0.345
0	-7.616	2.646	0.342
0	-7.617	2.642	0.338
0	-7.619	2.638	0.334
0	-7.620	2.634	0.330
0	-7.621	2.629	0.325
0	-7.621	2.625	0.322
0	-7.621	2.621	0.318
0	-7.620	2.616	0.314
0	-7.619	2.612	0.310
0	-7.618	2.608	0.306
0	-7.615	2.603	0.302
0	-7.614	2.600	0.300
0	-7.611	2.597	0.297
0	-7.608	2.594	0.294
0	-7.604	2.591	0.291
0	-7.600	2.588	0.288
0	-7.596	2.586	0.285
0	-7.592	2.583	0.282
0	-7.589	2.582	0.280
0	-7.586	2.580	0.277
0	-7.583	2.579	0.274
0	-7.579	2.577	0.270
0	-7.575	2.576	0.265
0	-7.571	2.575	0.258
0	-7.567	2.574	0.252
0	-7.564	2.574	0.247
0	-7.561	2.574	0.242
0	-7.559	2.574	0.236
0	-7.557	2.575	0.230
0	-7.556	2.576	0.226
0	-7.555	2.577	0.221
0	-7.554	2.580	0.214
0	-7.555	2.581	0.210
0	-7.555	2.583	0.205
0	-7.557	2.585	0.201
0	-7.559	2.586	0.196
0	-7.561	2.587	0.192
0	-7.565	2.588	0.188
0	-7.569	2.587	0.183
0	-7.575	2.585	0.180
0	-7.579	2.581	0.178
0	-7.583	2.578	0.177
0	-7.587	2.574	0.177
0	-7.591	2.570	0.177
0	-7.595	2.565	0.178
0	-7.598	2.560	0.179
0	-7.600	2.556	0.180
0	-7.602	2.551	0.182
0	-7.604	2.546	0.184
0	-7.604	2.542	0.186
0	-7.605	2.537	0.189
0	-7.604	2.531	0.192
0	-7.603	2.525	0.195
0	-7.600	2.519	0.198
0	-7.597	2.515	0.200
0	-7.593	2.511	0.201
0	-7.588	2.506	0.201
0	-7.582	2.503	0.200
0	-7.575	2.501	0.198
0	-7.567	2.500	0.195
0	-7.562	2.501	0.192
0	-7.557	2.502	0.190
0	-7.552	2.504	0.187
0	-7.549	2.507	0.184
0	-7.546	2.510	0.181
0	-7.544	2.516	0.176
0	-7.545	2.521	0.173
0	-7.546	2.526	0.169
0	-7.549	2.531	0.167
0	-7.554	2.536	0.165
0	-7.557	2.541	0.164
0	-7.561	2.545	0.163
0	-7.566	2.550	0.164
0	-7.571	2.555	0.165
0	-7.577	2.559	0.167
0	-7.581	2.562	0.169
0	-7.586	2.565	0.172
0	-7.590	2.568	0.174
0	-7.595	2.570	0.176
0	-7.600	2.572	0.179
0	-7.605	2.574	0.182
0	-7.610	2.574	0.185
0	-7.615	2.575	0.189
0	-7.619	2.574	0.193
0	-7.625	2.574	0.198
0	-7.630	2.572	0.202
0	-7.633	2.571	0.206
0	-7.637	2.570	0.210
0	-7.640	2.568	0.214
0	-7.644	2.565	0.218
0	-7.647	2.562	0.223
0	-7.648	2.559	0.227
0	-7.650	2.556	0.232
0	-7.651	2.552	0.237
0	-7.652	2.548	0.242
0	-7.652	2.544	0.246
0	-7.651	2.539	0.251
0	-7.651	2.535	0.254
0	-7.651	2.531	0.256
0	-7.651	2.526	0.259
0	-7.652	2.520	0.261
0	-7.653	2.515	0.263
0	-7.654	2.510	0.265
0	-7.655	2.505	0.267
0	-7.656	2.501	0.269
0	-7.658	2.496	0.272
0	-7.659	2.491	0.275
0	-7.661	2.486	0.279
0	-7.662	2.483	0.283
0	-7.663	2.479	0.288
0	-7.664	2.475	0.292
0	-7.664	2.472	0.297
0	-7.663	2.468	0.302
0	-7.661	2.465	0.306
0	-7.658	2.461	0.311
0	-7.655	2.457	0.316
0	-7.652	2.453	0.320
0	-7.650	2.449	0.323
0	-7.647	2.446	0.326
0	-7.644	2.440	0.330
0	-7.643	2.437	0.333
0	-7.641	2.433	0.335
0	-7.640	2.430	0.337
0	-7.640	2.426	0.339
0	-7.639	2.421	0.342
0	-7.638	2.416	0.344
0	-7.637	2.411	0.346
0	-7.635	2.405	0.348
0	-7.631	2.399	0.349
0	-7.627	2.394	0.348
0	-7.621	2.389	0.348
0	-7.616	2.386	0.347
0	-7.611	2.383	0.345
0	-7.606	2.381	0.343
0	-7.601	2.380	0.340
0	-7.595	2.380	0.338
0	-7.590	2.380	0.334
0	-7.584	2.381	0.331
0	-7.579	2.382	0.327
0	-7.574	2.383	0.324
0	-7.570	2.384	0.320
0	-7.566	2.386	0.317
0	-7.562	2.387	0.314
0	-7.557	2.389	0.310
0	-7.551	2.390	0.304
0	-7.548	2.391	0.301
0	-7.547	2.391	0.300
0	-7.546	2.391	0.299
0	-7.544	2.391	0.297
0	-7.541	2.391	0.294
0	-7.537	2.391	0.291
0	-7.534	2.390	0.287
0	-7.529	2.389	0.283
0	-7.525	2.387	0.279
0	-7.522	2.385	0.276
0	-7.518	2.382	0.272
0	-7.514	2.379	0.267
0	-7.510	2.375	0.263
0	-7.506	2.371	0.257
0	-7.503	2.366	0.253
0	-7.501	2.363	0.249
0	-7.500	2.360	0.245
0	-7.498	2.356	0.241
0	-7.497	2.353	0.237
0	-7.496	2.351	0.232
0	-7.494	2.349	0.227
0	-7.492	2.347	0.221
0	-7.490	2.346	0.217
0	-7.487	2.345	0.210
0	-7.485	2.345	0.206
0	-7.481	2.346	0.201
0	-7.478	2.347	0.197
0	-7.474	2.349	0.193
0	-7.470	2.350	0.191
0	-7.466	2.352	0.188
0	-7.461	2.355	0.186
0	-7.454	2.358	0.185
0	-7.448	2.360	0.184
0	-7.442	2.363	0.183
0	-7.437	2.365	0.181
0	-7.431	2.367	0.179
0	-7.427	2.369	0.177
0	-7.426	2.369	0.177
0	-7.424	2.370	0.176
0	-7.423	2.370	0.175
0	-7.419	2.371	0.174
0	-7.416	2.371	0.172
0	-7.412	2.371	0.169
0	-7.407	2.371	0.167
0	-7.404	2.371	0.164
0	-7.401	2.371	0.161
0	-7.400	2.371	0.161
0	-7.398	2.370	0.157
0	-7.396	2.369	0.154
0	-7.395	2.368	0.150
0	-7.395	2.366	0.146
0	-7.396	2.362	0.143
0	-7.397	2.359	0.141
0	-7.398	2.355	0.140
0	-7.399	2.351	0.140
0	-7.400	2.349	0.140
0	-7.401	2.346	0.141
0	-7.402	2.343	0.142
0	-7.404	2.340	0.143
0	-7.406	2.337	0.145
0	-7.408	2.334	0.147
0	-7.410	2.331	0.150
0	-7.412	2.329	0.152
0	-7.415	2.327	0.155
0	-7.417	2.325	0.157
0	-7.421	2.323	0.160
0	-7.424	2.322	0.164
0	-7.426	2.322	0.168
0	-7.428	2.323	0.172
0	-7.430	2.324	0.177
0	-7.433	2.326	0.181
0	-7.437	2.329	0.186
0	-7.440	2.333	0.189
0	-7.443	2.335	0.191
0	-7.444	2.336	0.192
0	-7.446	2.337	0.193
0	-7.447	2.338	0.194
0	-7.450	2.339	0.196
0	-7.453	2.341	0.198
0	-7.460	2.343	0.200
0	-7.466	2.344	0.201
0	-7.471	2.346	0.202
0	-7.475	2.346	0.202
0	-7.479	2.347	0.201
0	-7.483	2.347	0.200
0	-7.487	2.348	0.200
0	-7.491	2.348	0.199
0	-7.495	2.348	0.197
0	-7.499	2.348	0.196
0	-7.500	2.348	0.196
0	-7.501	2.348	0.195
0	-7.502	2.347	0.195
0	-7.504	2.347	0.194
0	-7.508	2.347	0.193
0	-7.512	2.346	0.191
0	-7.517	2.345	0.190
0	-7.523	2.344	0.189
0	-7.530	2.343	0.189
0	-7.534	2.342	0.189
0	-7.538	2.342	0.189
0	-7.543	2.342	0.190
0	-7.549	2.340	0.193
0	-7.554	2.339	0.196
0	-7.556	2.339	0.198
0	-7.557	2.338	0.199
0	-7.558	2.338	0.200
0	-7.559	2.338	0.201
0	-7.559	2.338	0.202
0	-7.562	2.337	0.205
0	-7.566	2.336	0.212
0	-7.569	2.335	0.218
0	-7.573	2.334	0.223
0	-7.577	2.332	0.230
0	-7.579	2.331	0.234
0	-7.581	2.328	0.239
0	-7.583	2.326	0.242
0	-7.584	2.324	0.246
0	-7.586	2.321	0.250
0	-7.586	2.319	0.254
0	-7.587	2.316	0.259
0	-7.588	2.314	0.264
0	-7.588	2.312	0.268
0	-7.589	2.309	0.272
0	-7.590	2.306	0.277
0	-7.591	2.303	0.283
0	-7.592	2.299	0.289
0	-7.593	2.295	0.296
0	-7.593	2.293	0.299
0	-7.593	2.293	0.300
0	-7.593	2.292	0.302
0	-7.593	2.291	0.304
0	-7.592	2.289	0.307
0	-7.591	2.287	0.310
0	-7.588	2.284	0.314
0	-7.585	2.282	0.318
0	-7.581	2.279	0.322
0	-7.577	2.277	0.325
0	-7.573	2.276	0.328
0	-7.569	2.275	0.331
0	-7.564	2.273	0.336
0	-7.560	2.272	0.339
0	-7.557	2.272	0.342
0	-7.553	2.271	0.346
0	-7.550	2.270	0.350
0	-7.546	2.270	0.355
0	-7.543	2.269	0.359
0	-7.539	2.268	0.364
0	-7.536	2.267	0.369
0	-7.533	2.265	0.374
0	-7.530	2.263	0.378
0	-7.528	2.261	0.382
0	-7.525	2.258	0.386
0	-7.523	2.255	0.390
0	-7.520	2.251	0.394
0	-7.519	2.246	0.399
0	-7.518	2.243	0.403
0	-7.518	2.240	0.407
0	-7.517	2.237	0.411
0	-7.517	2.234	0.416
0	-7.517	2.232	0.421
0	-7.516	2.229	0.426
0	-7.516	2.227	0.430
0	-7.515	2.225	0.435
0	-7.514	2.222	0.441
0	-7.513	2.221	0.447
0	-7.511	2.219	0.452
0	-7.509	2.218	0.456
0	-7.508	2.218	0.458
0	-7.507	2.217	0.461
0	-7.505	2.217	0.463
0	-7.503	2.217	0.466
0	-7.499	2.218	0.471
0	-7.496	2.219	0.475
0	-7.492	2.222	0.478
0	-7.488	2.224	0.480
0	-7.484	2.227	0.481
0	-7.479	2.230	0.482
0	-7.475	2.233	0.482
0	-7.471	2.236	0.482
0	-7.468	2.238	0.482
0	-7.465	2.240	0.481
0	-7.463	2.243	0.480
0	-7.461	2.246	0.479
0	-7.459	2.250	0.476
0	-7.457	2.254	0.473
0	-7.456	2.258	0.470
0	-7.456	2.262	0.466
0	-7.456	2.265	0.463
0	-7.455	2.269	0.458
0	-7.453	2.274	0.454
0	-7.452	2.278	0.452
0	-7.450	2.282	0.449
0	-7.447	2.288	0.446
0	-7.444	2.293	0.443
0	-7.442	2.297	0.440
0	-7.440	2.302	0.437
0	-7.439	2.307	0.434
0	-7.439	2.311	0.433
0	-7.438	2.315	0.431
0	-7.438	2.319	0.429
0	-7.438	2.322	0.428
0	-7.438	2.327	0.426
0	-7.438	2.331	0.424
0	-7.438	2.335	0.423
0	-7.440	2.339	0.421
0	-7.441	2.341	0.420
0	-7.442	2.343	0.418
0	-7.443	2.345	0.417
0	-7.446	2.349	0.416
0	-7.450	2.354	0.414
0	-7.456	2.358	0.414
0	-7.462	2.361	0.414
0	-7.467	2.362	0.414
0	-7.472	2.364	0.414
0	-7.478	2.365	0.414
0	-7.483	2.365	0.414
0	-7.487	2.366	0.414
0	-7.491	2.366	0.414
0	-7.495	2.366	0.413
0	-7.499	2.366	0.413
0	-7.504	2.367	0.413
0	-7.508	2.368	0.412
0	-7.512	2.369	0.412
0	-7.518	2.372	0.412
0	-7.523	2.375	0.412
0	-7.529	2.380	0.413
0	-7.535	2.384	0.414
0	-7.542	2.389	0.416
0	-7.547	2.393	0.417
0	-7.551	2.397	0.419
0	-7.555	2.400	0.420
0	-7.559	2.403	0.421
0	-7.566	2.409	0.422
0	-7.570	2.414	0.423
0	-7.574	2.419	0.424
0	-7.578	2.425	0.425
0	-7.582	2.430	0.426
0	-7.585	2.434	0.427
0	-7.588	2.439	0.427
0	-7.593	2.446	0.428
0	-7.597	2.451	0.429
0	-7.599	2.455	0.429
0	-7.602	2.458	0.430
0	-7.606	2.461	0.431
0	-7.610	2.464	0.432
0	-7.614	2.467	0.432
0	-7.619	2.470	0.432
0	-7.626	2.472	0.433
0	-7.631	2.474	0.434
0	-7.638	2.476	0.436
0	-7.644	2.478	0.437
0	-7.650	2.480	0.439
0	-7.654	2.481	0.440
0	-7.659	2.483	0.442
0	-7.663	2.485	0.443
0	-7.667	2.488	0.445
0	-7.671	2.490	0.447
0	-7.675	2.494	0.449
0	-7.679	2.498	0.451
0	-7.683	2.503	0.452
0	-7.685	2.507	0.454
0	-7.687	2.511	0.454
0	-7.688	2.516	0.455
0	-7.690	2.520	0.456
0	-7.691	2.526	0.456
0	-7.692	2.532	0.456
0	-7.693	2.538	0.456
0	-7.693	2.543	0.456
0	-7.693	2.549	0.456
0	-7.693	2.555	0.456
0	-7.692	2.561	0.456
0	-7.692	2.568	0.457
0	-7.691	2.575	0.457
0	-7.691	2.582	0.458
0	-7.691	2.588	0.459
0	-7.691	2.594	0.459
0	-7.691	2.598	0.459
0	-7.692	2.600	0.460
0	-7.692	2.604	0.460
0	-7.692	2.607	0.461
0	-7.693	2.611	0.462
0	-7.694	2.615	0.463
0	-7.694	2.619	0.464
0	-7.695	2.623	0.465
0	-7.696	2.627	0.467
0	-7.697	2.632	0.469
0	-7.698	2.635	0.470
0	-7.700	2.639	0.471
0	-7.702	2.642	0.473
0	-7.705	2.646	0.474
0	-7.708	2.650	0.476
0	-7.713	2.653	0.477
0	-7.718	2.655	0.478
0	-7.723	2.657	0.479
0	-7.730	2.658	0.479
0	-7.736	2.658	0.479
0	-7.742	2.658	0.479
0	-7.748	2.658	0.478
0	-7.754	2.658	0.477
0	-7.759	2.658	0.477
0	-7.766	2.659	0.475
0	-7.771	2.659	0.474
0	-7.777	2.660	0.473
0	-7.783	2.661	0.471
0	-7.790	2.662	0.470
0	-7.796	2.663	0.468
0	-7.799	2.663	0.467
0	-7.800	2.664	0.467
0	-7.803	2.664	0.466
0	-7.805	2.665	0.466
0	-7.810	2.667	0.464
0	-7.816	2.669	0.462
0	-7.822	2.672	0.461
0	-7.827	2.673	0.460
0	-7.832	2.675	0.460
0	-7.837	2.678	0.459
0	-7.842	2.680	0.458
0	-7.846	2.683	0.456
0	-7.850	2.686	0.454
0	-7.855	2.689	0.451
0	-7.858	2.692	0.449
0	-7.862	2.695	0.446
0	-7.865	2.698	0.443
0	-7.868	2.701	0.438
0	-7.871	2.704	0.433
0	-7.874	2.705	0.429
0	-7.876	2.707	0.423
0	-7.877	2.708	0.418
0	-7.878	2.709	0.412
0	-7.878	2.711	0.406
0	-7.878	2.714	0.401
0	-7.877	2.717	0.395
0	-7.876	2.721	0.391
0	-7.874	2.724	0.388
0	-7.872	2.728	0.384
0	-7.869	2.733	0.381
0	-7.866	2.737	0.378
0	-7.862	2.742	0.375
0	-7.859	2.746	0.372
0	-7.855	2.751	0.369
0	-7.850	2.754	0.367
0	-7.845	2.758	0.365
0	-7.839	2.762	0.364
0	-7.834	2.765	0.364
0	-7.829	2.768	0.364
0	-7.824	2.771	0.366
0	-7.819	2.774	0.368
0	-7.815	2.778	0.370
0	-7.811	2.782	0.373
0	-7.807	2.787	0.377
0	-7.803	2.791	0.381
0	-7.800	2.795	0.385
0	-7.797	2.799	0.389
0	-7.795	2.802	0.393
0	-7.793	2.806	0.397
0	-7.790	2.810	0.401
0	-7.787	2.813	0.406
0	-7.783	2.817	0.410
0	-7.779	2.821	0.413
0	-7.775	2.825	0.417
0	-7.772	2.828	0.420
0	-7.769	2.831	0.424
0	-7.766	2.834	0.428
0	-7.763	2.837	0.433
0	-7.760	2.841	0.438
0	-7.758	2.845	0.442
0	-7.756	2.849	0.446
0	-7.754	2.854	0.450
0	-7.752	2.860	0.453
0	-7.750	2.866	0.455
0	-7.748	2.871	0.456
0	-7.746	2.877	0.457
0	-7.744	2.883	0.457
0	-7.741	2.889	0.455
0	-7.739	2.894	0.454
0	-7.736	2.899	0.452
0	-7.734	2.904	0.451
0	-7.731	2.909	0.450
0	-7.729	2.913	0.449
0	-7.727	2.918	0.448
0	-7.725	2.923	0.446
0	-7.724	2.928	0.445
0	-7.723	2.932	0.444
0	-7.723	2.936	0.443
0	-7.723	2.941	0.441
0	-7.724	2.947	0.440
0	-7.725	2.951	0.439
0	-7.726	2.957	0.438
0	-7.727	2.962	0.438
0	-7.730	2.968	0.437
0	-7.733	2.973	0.436
0	-7.736	2.978	0.436
0	-7.740	2.983	0.435
0	-7.743	2.987	0.435
0	-7.746	2.991	0.435
0	-7.749	2.996	0.435
0	-7.753	3.001	0.436
0	-7.756	3.006	0.437
0	-7.759	3.010	0.438
0	-7.763	3.015	0.440
0	-7.767	3.019	0.442
0	-7.771	3.023	0.444
0	-7.775	3.026	0.447
0	-7.778	3.029	0.450
0	-7.783	3.033	0.456
0	-7.785	3.036	0.462
0	-7.787	3.038	0.467
0	-7.788	3.039	0.471
0	-7.789	3.040	0.476
0	-7.789	3.041	0.479
0	-7.789	3.042	0.483
0	-7.790	3.044	0.487
0	-7.790	3.045	0.491
0	-7.790	3.046	0.496
0	-7.789	3.047	0.498
0	-7.789	3.047	0.500
0	-7.789	3.048	0.502
0	-7.788	3.048	0.503
0	-7.787	3.049	0.506
0	-7.786	3.051	0.510
0	-7.785	3.052	0.513
0	-7.783	3.055	0.518
0	-7.782	3.059	0.523
0	-7.781	3.062	0.528
0	-7.780	3.066	0.534
0	-7.779	3.069	0.539
0	-7.778	3.074	0.546
0	-7.777	3.077	0.551
0	-7.777	3.081	0.557
0	-7.777	3.084	0.562
0	-7.777	3.087	0.566
0	-7.778	3.090	0.571
0	-7.780	3.093	0.575
0	-7.782	3.096	0.579
0	-7.785	3.099	0.583
0	-7.789	3.102	0.586
0	-7.793	3.105	0.588
0	-7.798	3.108	0.590
0	-7.800	3.109	0.590
0	-7.801	3.109	0.591
0	-7.802	3.110	0.591
0	-7.806	3.111	0.592
0	-7.811	3.112	0.593
0	-7.815	3.112	0.594
0	-7.820	3.111	0.596
0	-7.824	3.110	0.597
0	-7.829	3.108	0.600
0	-7.835	3.104	0.602
0	-7.838	3.101	0.604
0	-7.841	3.097	0.605
0	-7.843	3.093	0.607
0	-7.845	3.089	0.610
0	-7.847	3.084	0.613
0	-7.848	3.080	0.616
0	-7.849	3.075	0.621
0	-7.849	3.070	0.626
0	-7.850	3.066	0.632
0	-7.851	3.062	0.639
0	-7.851	3.059	0.646
0	-7.850	3.058	0.651
0	-7.849	3.058	0.658
0	-7.847	3.058	0.663
0	-7.846	3.059	0.670
0	-7.846	3.060	0.675
0	-7.845	3.061	0.682
0	-7.845	3.062	0.688
0	-7.845	3.064	0.693
0	-7.845	3.065	0.699
0	-7.847	3.067	0.706
0	-7.849	3.070	0.712
0	-7.853	3.072	0.717
0	-7.857	3.074	0.722
0	-7.862	3.076	0.724
0	-7.868	3.079	0.726
0	-7.874	3.080	0.726
0	-7.880	3.082	0.725
0	-7.886	3.084	0.723
0	-7.892	3.086	0.720
0	-7.897	3.088	0.717
0	-7.902	3.089	0.713
0	-7.906	3.089	0.708
0	-7.909	3.089	0.704
0	-7.911	3.089	0.701
0	-7.911	3.089	0.700
0	-7.912	3.089	0.699
0	-7.912	3.089	0.698
0	-7.915	3.089	0.694
0	-7.918	3.089	0.689
0	-7.921	3.090	0.684
0	-7.925	3.092	0.679
0	-7.928	3.094	0.674
0	-7.932	3.098	0.669
0	-7.935	3.102	0.665
0	-7.938	3.106	0.662
0	-7.941	3.110	0.659
0	-7.944	3.115	0.658
0	-7.947	3.119	0.656
0	-7.949	3.123	0.655
0	-7.952	3.127	0.653
0	-7.954	3.133	0.652
0	-7.956	3.138	0.651
0	-7.957	3.142	0.650
0	-7.958	3.148	0.649
0	-7.959	3.154	0.648
0	-7.959	3.160	0.647
0	-7.960	3.166	0.647
0	-7.960	3.172	0.647
0	-7.960	3.179	0.647
0	-7.960	3.186	0.648
0	-7.960	3.191	0.649
0	-7.959	3.195	0.650
0	-7.959	3.200	0.651
0	-7.958	3.204	0.652
0	-7.958	3.209	0.654
0	-7.957	3.214	0.655
0	-7.957	3.219	0.658
0	-7.958	3.227	0.662
0	-7.958	3.233	0.666
0	-7.958	3.238	0.669
0	-7.958	3.243	0.673
0	-7.958	3.248	0.678
0	-7.958	3.253	0.682
0	-7.957	3.258	0.686
0	-7.957	3.263	0.691
0	-7.956	3.269	0.695
0	-7.954	3.275	0.698
0	-7.954	3.279	0.700
0	-7.952	3.283	0.702
0	-7.951	3.288	0.703
0	-7.950	3.293	0.705
0	-7.948	3.299	0.705
0	-7.947	3.305	0.706
0	-7.945	3.311	0.706
0	-7.943	3.315	0.705
0	-7.941	3.319	0.705
0	-7.939	3.323	0.704
0	-7.937	3.327	0.704
0	-7.935	3.332	0.704
0	-7.932	3.337	0.705
0	-7.928	3.342	0.706
0	-7.925	3.346	0.707
0	-7.922	3.351	0.709
0	-7.918	3.355	0.711
0	-7.915	3.359	0.713
0	-7.911	3.363	0.715
0	-7.908	3.367	0.717
0	-7.904	3.371	0.718
0	-7.901	3.374	0.720
0	-7.897	3.378	0.722
0	-7.892	3.382	0.723
0	-7.887	3.385	0.725
0	-7.881	3.388	0.727
0	-7.874	3.389	0.729
0	-7.869	3.389	0.731
0	-7.862	3.389	0.733
0	-7.855	3.387	0.736
0	-7.850	3.386	0.739
0	-7.844	3.383	0.743
0	-7.841	3.381	0.746
0	-7.838	3.379	0.750
0	-7.835	3.377	0.755
0	-7.834	3.376	0.759
0	-7.833	3.374	0.763
0	-7.832	3.373	0.768
0	-7.831	3.373	0.774
0	-7.831	3.372	0.780
0	-7.832	3.373	0.786
0	-7.834	3.374	0.795
0	-7.836	3.376	0.802
0	-7.838	3.378	0.807
0	-7.840	3.380	0.813
0	-7.841	3.382	0.820
0	-7.843	3.383	0.825
0	-7.844	3.385	0.832
0	-7.844	3.386	0.838
0	-7.844	3.386	0.842
0	-7.845	3.386	0.850
0	-7.844	3.385	0.855
0	-7.843	3.384	0.860
0	-7.842	3.383	0.864
0	-7.841	3.383	0.869
0	-7.839	3.382	0.874
0	-7.837	3.382	0.879
0	-7.835	3.382	0.883
0	-7.833	3.382	0.888
0	-7.831	3.382	0.892
0	-7.829	3.382	0.897
0	-7.828	3.381	0.900
0	-7.828	3.381	0.900
0	-7.827	3.381	0.901
0	-7.827	3.381	0.902
0	-7.826	3.380	0.906
0	-7.825	3.379	0.912
0	-7.824	3.378	0.919
0	-7.824	3.376	0.926
0	-7.825	3.374	0.934
0	-7.826	3.372	0.940
0	-7.828	3.370	0.946
0	-7.830	3.368	0.950
0	-7.833	3.367	0.955
0	-7.836	3.366	0.959
0	-7.839	3.365	0.963
0	-7.843	3.365	0.966
0	-7.847	3.365	0.969
0	-7.855	3.365	0.972
0	-7.859	3.365	0.972
0	-7.865	3.365	0.973
0	-7.872	3.365	0.971
0	-7.878	3.364	0.969
0	-7.884	3.363	0.964
0	-7.888	3.362	0.961
0	-7.891	3.361	0.957
0	-7.893	3.359	0.953
0	-7.896	3.357	0.948
0	-7.899	3.355	0.942
0	-7.901	3.352	0.936
0	-7.902	3.349	0.931
0	-7.902	3.346	0.926
0	-7.901	3.343	0.921
0	-7.900	3.339	0.917
0	-7.899	3.335	0.914
0	-7.897	3.331	0.911
0	-7.894	3.327	0.909
0	-7.892	3.322	0.907
0	-7.889	3.317	0.905
0	-7.886	3.311	0.904
0	-7.883	3.306	0.904
0	-7.881	3.300	0.905
0	-7.878	3.294	0.907
0	-7.877	3.289	0.910
0	-7.877	3.282	0.914
0	-7.878	3.278	0.916
0	-7.880	3.274	0.920
0	-7.882	3.270	0.923
0	-7.886	3.267	0.927
0	-7.891	3.264	0.930
0	-7.895	3.262	0.933
0	-7.898	3.261	0.934
0	-7.900	3.261	0.935
0	-7.901	3.261	0.935
0	-7.902	3.261	0.935
0	-7.904	3.261	0.936
0	-7.911	3.261	0.938
0	-7.918	3.262	0.940
0	-7.923	3.264	0.941
0	-7.930	3.267	0.943
0	-7.935	3.270	0.946
0	-7.942	3.274	0.949
0	-7.948	3.278	0.952
0	-7.953	3.282	0.956
0	-7.957	3.286	0.960
0	-7.961	3.291	0.965
0	-7.963	3.295	0.968
0	-7.965	3.299	0.971
0	-7.965	3.300	0.972
0	-7.965	3.301	0.972
0	-7.966	3.301	0.973
0	-7.967	3.305	0.975
0	-7.969	3.310	0.977
0	-7.971	3.316	0.980
0	-7.974	3.322	0.981
0	-7.977	3.328	0.981
0	-7.980	3.334	0.981
0	-7.983	3.340	0.979
0	-7.984	3.346	0.977
0	-7.986	3.352	0.973
0	-7.986	3.357	0.969
0	-7.987	3.362	0.965
0	-7.986	3.366	0.961
0	-7.985	3.370	0.957
0	-7.983	3.374	0.952
0	-7.980	3.379	0.946
0	-7.976	3.382	0.942
0	-7.973	3.385	0.939
0	-7.969	3.388	0.937
0	-7.964	3.391	0.935
0	-7.960	3.395	0.934
0	-7.955	3.399	0.934
0	-7.950	3.403	0.934
0	-7.946	3.409	0.934
0	-7.943	3.414	0.934
0	-7.940	3.422	0.934
0	-7.939	3.426	0.933
0	-7.938	3.433	0.932
0	-7.938	3.440	0.931
0	-7.937	3.447	0.930
0	-7.937	3.451	0.928
0	-7.937	3.457	0.926
0	-7.937	3.462	0.923
0	-7.937	3.467	0.919
0	-7.936	3.472	0.914
0	-7.934	3.476	0.909
0	-7.932	3.481	0.904
0	-7.930	3.483	0.901
0	-7.930	3.483	0.900
0	-7.929	3.484	0.900
0	-7.929	3.485	0.899
0	-7.928	3.486	0.898
0	-7.927	3.487	0.896
0	-7.926	3.490	0.893
0	-7.924	3.493	0.890
0	-7.921	3.497	0.886
0	-7.920	3.499	0.883
0	-7.919	3.500	0.883
0	-7.919	3.501	0.882
0	-7.918	3.502	0.881
0	-7.917	3.504	0.878
0	-7.915	3.508	0.874
0	-7.912	3.511	0.869
0	-7.908	3.514	0.864
0	-7.905	3.517	0.861
0	-7.902	3.519	0.860
0	-7.900	3.521	0.859
0	-7.898	3.522	0.858
0	-7.896	3.523	0.857
0	-7.892	3.526	0.856
0	-7.889	3.529	0.856
0	-7.885	3.531	0.855
0	-7.881	3.534	0.855
0	-7.877	3.536	0.854
0	-7.873	3.539	0.855
0	-7.868	3.541	0.855
0	-7.863	3.544	0.857
0	-7.857	3.546	0.859
0	-7.850	3.549	0.861
0	-7.842	3.554	0.864
0	-7.837	3.557	0.866
0	-7.833	3.560	0.867
0	-7.828	3.563	0.869
0	-7.823	3.566	0.870
0	-7.816	3.570	0.872
0	-7.810	3.574	0.873
0	-7.805	3.578	0.874
0	-7.800	3.582	0.875
0	-7.796	3.586	0.875
0	-7.791	3.589	0.875
0	-7.786	3.593	0.875
0	-7.781	3.597	0.874
0	-7.777	3.599	0.873
0	-7.777	3.600	0.872
0	-7.775	3.601	0.872
0	-7.773	3.603	0.871
0	-7.770	3.605	0.870
0	-7.766	3.607	0.869
0	-7.761	3.611	0.868
0	-7.757	3.614	0.867
0	-7.753	3.617	0.867
0	-7.749	3.620	0.867
0	-7.745	3.624	0.867
0	-7.741	3.630	0.868
0	-7.737	3.636	0.869
0	-7.734	3.642	0.871
0	-7.731	3.648	0.873
0	-7.730	3.654	0.875
0	-7.729	3.661	0.876
0	-7.729	3.667	0.877
0	-7.729	3.674	0.878
0	-7.731	3.680	0.877
0	-7.732	3.686	0.876
0	-7.734	3.691	0.875
0	-7.736	3.697	0.872
0	-7.737	3.702	0.867
0	-7.738	3.706	0.862
0	-7.739	3.710	0.857
0	-7.739	3.713	0.851
0	-7.737	3.715	0.845
0	-7.734	3.716	0.838
0	-7.731	3.717	0.834
0	-7.726	3.718	0.830
0	-7.720	3.719	0.827
0	-7.714	3.719	0.826
0	-7.708	3.720	0.825
0	-7.702	3.720	0.826
0	-7.698	3.721	0.827
0	-7.693	3.722	0.828
0	-7.689	3.723	0.831
0	-7.685	3.724	0.834
0	-7.682	3.726	0.838
0	-7.679	3.728	0.844
0	-7.678	3.731	0.847
0	-7.677	3.733	0.851
0	-7.678	3.740	0.857
0	-7.681	3.747	0.861
0	-7.684	3.751	0.863
0	-7.687	3.756	0.864
0	-7.689	3.761	0.863
0	-7.691	3.765	0.862
0	-7.693	3.769	0.860
0	-7.694	3.773	0.856
0	-7.695	3.777	0.851
0	-7.694	3.781	0.844
0	-7.692	3.783	0.838
0	-7.689	3.784	0.832
0	-7.686	3.785	0.826
0	-7.681	3.786	0.819
0	-7.676	3.786	0.814
0	-7.670	3.787	0.809
0	-7.664	3.787	0.807
0	-7.658	3.788	0.805
0	-7.650	3.789	0.804
0	-7.644	3.790	0.804
0	-7.638	3.792	0.804
0	-7.632	3.793	0.805
0	-7.626	3.795	0.805
0	-7.621	3.797	0.807
0	-7.615	3.800	0.808
0	-7.610	3.802	0.810
0	-7.605	3.804	0.812
0	-7.602	3.806	0.814
0	-7.601	3.807	0.814
0	-7.600	3.808	0.815
0	-7.599	3.808	0.815
0	-7.598	3.809	0.816
0	-7.596	3.810	0.817
0	-7.592	3.812	0.819
0	-7.588	3.813	0.821
0	-7.583	3.814	0.822
0	-7.578	3.815	0.824
0	-7.573	3.815	0.825
0	-7.569	3.814	0.825
0	-7.562	3.812	0.825
0	-7.557	3.810	0.825
0	-7.550	3.807	0.824
0	-7.545	3.803	0.823
0	-7.541	3.801	0.822
0	-7.541	3.800	0.822
0	-7.541	3.800	0.822
0	-7.540	3.799	0.822
0	-7.539	3.799	0.822
0	-7.536	3.796	0.821
0	-7.533	3.791	0.822
0	-7.529	3.786	0.823
0	-7.527	3.781	0.825
0	-7.525	3.777	0.827
0	-7.524	3.772	0.829
0	-7.523	3.768	0.832
0	-7.522	3.763	0.836
0	-7.521	3.757	0.841
0	-7.521	3.753	0.846
0	-7.521	3.749	0.851
0	-7.522	3.746	0.857
0	-7.524	3.745	0.861
0	-7.525	3.743	0.865
0	-7.527	3.742	0.870
0	-7.530	3.741	0.875
0	-7.533	3.741	0.881
0	-7.537	3.741	0.887
0	-7.540	3.741	0.892
0	-7.544	3.742	0.898
0	-7.545	3.742	0.899
0	-7.545	3.743	0.900
0	-7.545	3.743	0.901
0	-7.546	3.743	0.901
0	-7.548	3.744	0.905
0	-7.552	3.745	0.911
0	-7.555	3.745	0.915
0	-7.557	3.746	0.920
0	-7.559	3.746	0.924
0	-7.562	3.747	0.930
0	-7.564	3.747	0.936
0	-7.565	3.748	0.942
0	-7.566	3.749	0.947
0	-7.567	3.750	0.953
0	-7.567	3.751	0.959
0	-7.568	3.752	0.963
0	-7.568	3.753	0.968
0	-7.568	3.754	0.974
0	-7.568	3.755	0.980
0	-7.568	3.756	0.986
0	-7.568	3.757	0.991
0	-7.569	3.758	0.995
0	-7.569	3.759	0.998
0	-7.570	3.760	0.999
0	-7.570	3.760	1.000
0	-7.570	3.760	1.001
0	-7.570	3.761	1.001
0	-7.571	3.763	1.005
0	-7.573	3.767	1.010
0	-7.576	3.776	1.014
0	-7.579	3.781	1.015
0	-7.581	3.786	1.014
0	-7.583	3.790	1.013
0	-7.586	3.795	1.010
0	-7.588	3.798	1.007
0	-7.589	3.802	1.002
0	-7.591	3.804	0.997
0	-7.591	3.805	0.992
0	-7.591	3.807	0.987
0	-7.591	3.807	0.982
0	-7.590	3.807	0.977
0	-7.588	3.807	0.972
0	-7.586	3.807	0.968
0	-7.583	3.806	0.965
0	-7.580	3.806	0.962
0	-7.575	3.804	0.958
0	-7.569	3.803	0.955
0	-7.562	3.803	0.954
0	-7.556	3.803	0.955
0	-7.550	3.804	0.956
0	-7.546	3.805	0.958
0	-7.541	3.807	0.962
0	-7.537	3.809	0.966
0	-7.534	3.812	0.970
0	-7.531	3.816	0.974
0	-7.530	3.820	0.977
0	-7.529	3.824	0.981
0	-7.529	3.828	0.983
0	-7.529	3.833	0.986
0	-7.530	3.838	0.987
0	-7.532	3.843	0.988
0	-7.533	3.848	0.989
0	-7.536	3.853	0.989
0	-7.538	3.858	0.988
0	-7.542	3.863	0.987
0	-7.544	3.867	0.986
0	-7.547	3.871	0.985
0	-7.550	3.875	0.983
0	-7.553	3.879	0.981
0	-7.556	3.883	0.979
0	-7.559	3.888	0.977
0	-7.561	3.892	0.975
0	-7.563	3.896	0.972
0	-7.564	3.899	0.970
0	-7.565	3.900	0.969
0	-7.565	3.900	0.969
0	-7.565	3.901	0.969
0	-7.566	3.901	0.968
0	-7.567	3.905	0.965
0	-7.568	3.909	0.962
0	-7.569	3.913	0.958
0	-7.570	3.916	0.953
0	-7.571	3.919	0.949
0	-7.571	3.922	0.943
0	-7.571	3.925	0.936
0	-7.571	3.926	0.930
0	-7.569	3.926	0.919
0	-7.566	3.926	0.912
0	-7.562	3.925	0.905
0	-7.560	3.925	0.902
0	-7.559	3.925	0.900
0	-7.558	3.925	0.900
0	-7.558	3.924	0.899
0	-7.557	3.924	0.899
0	-7.554	3.923	0.895
0	-7.550	3.922	0.892
0	-7.545	3.920	0.889
0	-7.540	3.918	0.888
0	-7.535	3.917	0.887
0	-7.530	3.916	0.887
0	-7.524	3.915	0.888
0	-7.518	3.916	0.890
0	-7.513	3.916	0.891
0	-7.506	3.918	0.892
0	-7.502	3.920	0.892
0	-7.501	3.920	0.892
0	-7.500	3.920	0.892
0	-7.498	3.921	0.891
0	-7.497	3.922	0.891
0	-7.494	3.924	0.890
0	-7.489	3.927	0.887
0	-7.485	3.931	0.883
0	-7.483	3.935	0.879
0	-7.481	3.939	0.872
0	-7.479	3.943	0.866
0	-7.479	3.945	0.861
0	-7.479	3.949	0.854
0	-7.479	3.952	0.847
0	-7.480	3.955	0.841
0	-7.481	3.959	0.836
0	-7.483	3.963	0.832
0	-7.484	3.968	0.828
0	-7.485	3.973	0.824
0	-7.487	3.978	0.822
0	-7.488	3.984	0.819
0	-7.490	3.989	0.816
0	-7.491	3.993	0.814
0	-7.492	3.998	0.812
0	-7.493	4.004	0.810
0	-7.494	4.010	0.808
0	-7.494	4.018	0.807
0	-7.493	4.023	0.806
0	-7.492	4.029	0.804
0	-7.490	4.036	0.803
0	-7.489	4.043	0.801
0	-7.487	4.049	0.801
0	-7.485	4.056	0.800
0	-7.483	4.062	0.801
0	-7.480	4.070	0.802
0	-7.478	4.074	0.803
0	-7.475	4.080	0.804
0	-7.472	4.083	0.805
0	-7.470	4.087	0.806
0	-7.467	4.091	0.808
0	-7.463	4.095	0.809
0	-7.458	4.099	0.810
0	-7.457	4.100	0.810
0	-7.456	4.100	0.810
0	-7.455	4.101	0.811
0	-7.453	4.102	0.811
0	-7.450	4.103	0.812
0	-7.445	4.106	0.814
0	-7.439	4.109	0.816
0	-7.433	4.112	0.819
0	-7.429	4.115	0.822
0	-7.426	4.118	0.825
0	-7.422	4.122	0.829
0	-7.420	4.126	0.834
0	-7.418	4.130	0.839
0	-7.417	4.135	0.844
0	-7.416	4.139	0.849
0	-7.415	4.143	0.854
0	-7.415	4.148	0.858
0	-7.415	4.151	0.861
0	-7.416	4.155	0.864
0	-7.417	4.159	0.867
0	-7.419	4.163	0.869
0	-7.422	4.167	0.871
0	-7.426	4.171	0.872
0	-7.432	4.175	0.871
0	-7.438	4.177	0.869
0	-7.443	4.178	0.866
0	-7.449	4.179	0.862
0	-7.452	4.179	0.858
0	-7.456	4.178	0.853
0	-7.459	4.178	0.847
0	-7.460	4.178	0.842
0	-7.461	4.178	0.837
0	-7.461	4.178	0.830
0	-7.460	4.177	0.824
0	-7.458	4.177	0.818
0	-7.456	4.176	0.813
0	-7.453	4.174	0.806
0	-7.449	4.173	0.801
0	-7.443	4.171	0.794
0	-7.437	4.170	0.790
0	-7.431	4.170	0.788
0	-7.424	4.170	0.786
0	-7.418	4.171	0.787
0	-7.411	4.173	0.788
0	-7.405	4.175	0.791
0	-7.401	4.177	0.794
0	-7.397	4.181	0.798
0	-7.395	4.186	0.803
0	-7.394	4.190	0.806
0	-7.394	4.195	0.809
0	-7.395	4.199	0.810
0	-7.395	4.200	0.810
0	-7.395	4.201	0.811
0	-7.396	4.202	0.811
0	-7.397	4.207	0.812
0	-7.399	4.211	0.813
0	-7.404	4.219	0.815
0	-7.406	4.222	0.815
0	-7.410	4.227	0.817
0	-7.415	4.232	0.818
0	-7.418	4.235	0.819
0	-7.422	4.238	0.820
0	-7.426	4.241	0.822
0	-7.430	4.244	0.823
0	-7.435	4.246	0.824
0	-7.439	4.249	0.825
0	-7.443	4.251	0.827
0	-7.448	4.253	0.828
0	-7.451	4.255	0.829
0	-7.455	4.258	0.830
0	-7.459	4.261	0.831
0	-7.465	4.265	0.832
0	-7.470	4.270	0.833
0	-7.475	4.274	0.833
0	-7.479	4.279	0.833
0	-7.484	4.283	0.833
0	-7.489	4.288	0.832
0	-7.493	4.291	0.830
0	-7.497	4.295	0.829
0	-7.499	4.297	0.828
0	-7.500	4.298	0.828
0	-7.500	4.298	0.828
0	-7.501	4.299	0.828
0	-7.501	4.299	0.827
0	-7.502	4.300	0.827
0	-7.502	4.300	0.827
0	-7.503	4.301	0.826
0	-7.506	4.304	0.825
0	-7.510	4.307	0.822
0	-7.514	4.311	0.819
0	-7.518	4.314	0.814
0	-7.522	4.317	0.810
0	-7.526	4.320	0.806
0	-7.530	4.322	0.800
0	-7.534	4.324	0.795
0	-7.537	4.326	0.790
0	-7.541	4.327	0.784
0	-7.544	4.327	0.778
0	-7.548	4.326	0.773
0	-7.551	4.325	0.769
0	-7.554	4.324	0.765
0	-7.557	4.323	0.761
0	-7.560	4.321	0.757
0	-7.563	4.319	0.754
0	-7.567	4.316	0.751
0	-7.570	4.312	0.750
0	-7.573	4.307	0.748
0	-7.576	4.303	0.747
0	-7.579	4.298	0.746
0	-7.582	4.293	0.745
0	-7.585	4.286	0.745
0	-7.589	4.279	0.746
0	-7.592	4.272	0.747
0	-7.595	4.266	0.749
0	-7.599	4.261	0.751
0	-7.603	4.256	0.752
0	-7.607	4.252	0.753
0	-7.611	4.248	0.753
0	-7.615	4.243	0.752
0	-7.620	4.236	0.750
0	-7.622	4.233	0.748
0	-7.625	4.229	0.745
0	-7.628	4.225	0.742
0	-7.629	4.222	0.738
0	-7.630	4.218	0.734
0	-7.630	4.215	0.729
0	-7.629	4.212	0.725
0	-7.628	4.208	0.721
0	-7.627	4.204	0.717
0	-7.626	4.201	0.715
0	-7.625	4.200	0.714
0	-7.625	4.199	0.714
0	-7.625	4.199	0.713
0	-7.624	4.194	0.711
0	-7.623	4.189	0.708
0	-7.623	4.182	0.705
0	-7.624	4.174	0.703
0	-7.625	4.168	0.702
0	-7.627	4.162	0.703
0	-7.629	4.156	0.704
0	-7.631	4.151	0.706
0	-7.634	4.146	0.707
0	-7.637	4.141	0.709
0	-7.640	4.136	0.710
0	-7.643	4.132	0.712
0	-7.647	4.127	0.714
0	-7.651	4.123	0.715
0	-7.655	4.118	0.716
0	-7.659	4.114	0.717
0	-7.663	4.109	0.718
0	-7.667	4.105	0.719
0	-7.669	4.101	0.721
0	-7.670	4.100	0.721
0	-7.674	4.094	0.724
0	-7.679	4.088	0.727
0	-7.683	4.082	0.730
0	-7.687	4.077	0.733
0	-7.691	4.073	0.736
0	-7.694	4.069	0.739
0	-7.697	4.065	0.741
0	-7.700	4.061	0.745
0	-7.703	4.057	0.748
0	-7.706	4.053	0.753
0	-7.710	4.050	0.758
0	-7.713	4.047	0.764
0	-7.717	4.045	0.770
0	-7.721	4.043	0.775
0	-7.726	4.041	0.780
0	-7.732	4.039	0.785
0	-7.738	4.037	0.788
0	-7.744	4.034	0.792
0	-7.750	4.031	0.796
0	-7.755	4.027	0.798
0	-7.758	4.025	0.800
0	-7.759	4.024	0.800
0	-7.761	4.021	0.801
0	-7.764	4.018	0.802
0	-7.767	4.014	0.803
0	-7.770	4.008	0.803
0	-7.772	4.002	0.804
0	-7.772	4.000	0.804
0	-7.773	3.998	0.804
0	-7.774	3.995	0.804
0	-7.775	3.988	0.804
0	-7.776	3.981	0.805
0	-7.776	3.974	0.806
0	-7.776	3.969	0.807
0	-7.775	3.963	0.809
0	-7.774	3.957	0.812
0	-7.771	3.951	0.816
0	-7.767	3.947	0.820
0	-7.764	3.945	0.825
0	-7.761	3.944	0.830
0	-7.758	3.944	0.835
0	-7.756	3.946	0.842
0	-7.755	3.948	0.847
0	-7.756	3.952	0.854
0	-7.758	3.956	0.859
0	-7.761	3.960	0.863
0	-7.765	3.964	0.867
0	-7.770	3.970	0.870
0	-7.774	3.974	0.871
0	-7.778	3.978	0.872
0	-7.782	3.983	0.872
0	-7.785	3.987	0.871
0	-7.790	3.992	0.869
0	-7.794	3.995	0.868
0	-7.799	3.998	0.866
0	-7.803	4.001	0.864
0	-7.807	4.003	0.862
0	-7.811	4.005	0.861
0	-7.816	4.007	0.859
0	-7.821	4.008	0.858
0	-7.826	4.009	0.856
0	-7.832	4.010	0.854
0	-7.837	4.011	0.852
0	-7.843	4.011	0.849
0	-7.847	4.010	0.847
0	-7.851	4.009	0.844
0	-7.855	4.007	0.840
0	-7.859	4.004	0.835
0	-7.863	4.001	0.830
0	-7.866	3.996	0.824
0	-7.867	3.990	0.819
0	-7.867	3.985	0.815
0	-7.865	3.978	0.812
0	-7.863	3.972	0.811
0	-7.858	3.966	0.811
0	-7.854	3.961	0.812
0	-7.850	3.957	0.814
0	-7.846	3.953	0.817
0	-7.841	3.950	0.821
0	-7.836	3.947	0.826
0	-7.833	3.945	0.830
0	-7.830	3.944	0.834
0	-7.826	3.943	0.839
0	-7.823	3.943	0.845
0	-7.819	3.945	0.851
0	-7.816	3.948	0.858
0	-7.815	3.951	0.863
0	-7.814	3.955	0.868
0	-7.814	3.958	0.872
0	-7.814	3.961	0.876
0	-7.815	3.966	0.882
0	-7.817	3.975	0.890
0	-7.820	3.982	0.894
0	-7.822	3.988	0.896
0	-7.825	3.993	0.897
0	-7.831	4.002	0.898
0	-7.836	4.008	0.898
0	-7.842	4.013	0.897
0	-7.847	4.017	0.895
0	-7.851	4.020	0.894
0	-7.855	4.022	0.892
0	-7.859	4.025	0.890
0	-7.864	4.027	0.887
0	-7.869	4.030	0.885
0	-7.873	4.032	0.881
0	-7.878	4.034	0.878
0	-7.882	4.036	0.874
0	-7.885	4.037	0.870
0	-7.889	4.038	0.865
0	-7.893	4.038	0.858
0	-7.896	4.038	0.853
0	-7.897	4.036	0.846
0	-7.898	4.033	0.841
0	-7.897	4.031	0.836
0	-7.896	4.027	0.832
0	-7.895	4.024	0.829
0	-7.891	4.019	0.826
0	-7.886	4.014	0.824
0	-7.882	4.010	0.824
0	-7.877	4.007	0.825
0	-7.872	4.004	0.827
0	-7.868	4.001	0.830
0	-7.864	3.999	0.833
0	-7.860	3.997	0.837
0	-7.857	3.996	0.842
0	-7.856	3.995	0.848
0	-7.855	3.995	0.854
0	-7.854	3.995	0.860
0	-7.854	3.997	0.866
0	-7.855	3.999	0.871
0	-7.858	4.002	0.877
0	-7.861	4.005	0.883
0	-7.865	4.008	0.887
0	-7.868	4.010	0.890
0	-7.873	4.013	0.894
0	-7.878	4.015	0.898
0	-7.881	4.016	0.900
0	-7.881	4.017	0.900
0	-7.882	4.017	0.900
0	-7.883	4.017	0.901
0	-7.885	4.018	0.902
0	-7.889	4.020	0.904
0	-7.893	4.023	0.906
0	-7.899	4.025	0.907
0	-7.900	4.026	0.908
0	-7.901	4.026	0.908
0	-7.902	4.026	0.908
0	-7.906	4.028	0.909
0	-7.911	4.029	0.909
0	-7.918	4.030	0.908
0	-7.923	4.030	0.907
0	-7.930	4.031	0.905
0	-7.935	4.031	0.902
0	-7.941	4.031	0.899
0	-7.942	4.031	0.898
0	-7.944	4.031	0.897
0	-7.946	4.031	0.895
0	-7.950	4.031	0.890
0	-7.953	4.031	0.886
0	-7.956	4.030	0.882
0	-7.957	4.029	0.877
0	-7.958	4.028	0.872
0	-7.958	4.027	0.869
0	-7.957	4.025	0.865
0	-7.957	4.023	0.862
0	-7.956	4.018	0.858
0	-7.955	4.015	0.856
0	-7.955	4.014	0.856
0	-7.955	4.013	0.855
0	-7.955	4.010	0.854
0	-7.954	4.005	0.853
0	-7.955	3.998	0.853
0	-7.956	3.990	0.853
0	-7.958	3.985	0.854
0	-7.960	3.981	0.854
0	-7.961	3.977	0.855
0	-7.963	3.973	0.855
0	-7.964	3.969	0.856
0	-7.966	3.964	0.857
0	-7.968	3.959	0.859
0	-7.970	3.955	0.861
0	-7.972	3.950	0.863
0	-7.976	3.946	0.868
0	-7.979	3.942	0.871
0	-7.983	3.937	0.874
0	-7.987	3.933	0.877
0	-7.990	3.928	0.881
0	-7.994	3.924	0.884
0	-7.998	3.920	0.888
0	-8.000	3.919	0.890
0	-8.000	3.918	0.890
0	-8.001	3.917	0.891
0	-8.002	3.916	0.892
0	-8.004	3.914	0.895
0	-8.008	3.911	0.898
0	-8.011	3.909	0.902
0	-8.014	3.907	0.906
0	-8.017	3.905	0.910
0	-8.022	3.903	0.916
0	-8.025	3.901	0.919
0	-8.029	3.900	0.923
0	-8.029	3.900	0.923
0	-8.030	3.900	0.924
0	-8.031	3.900	0.925
0	-8.036	3.899	0.928
0	-8.041	3.898	0.930
0	-8.045	3.898	0.932
0	-8.046	3.898	0.932
0	-8.049	3.898	0.932
0	-8.053	3.897	0.932
0	-8.057	3.897	0.932
0	-8.062	3.897	0.932
0	-8.068	3.897	0.932
0	-8.073	3.898	0.932
0	-8.078	3.899	0.931
0	-8.081	3.900	0.930
0	-8.082	3.900	0.930
0	-8.083	3.900	0.929
0	-8.084	3.900	0.929
0	-8.087	3.901	0.928
0	-8.091	3.902	0.927
0	-8.095	3.903	0.927
0	-8.099	3.904	0.927
0	-8.103	3.906	0.927
0	-8.107	3.907	0.928
0	-8.111	3.908	0.928
0	-8.115	3.909	0.929
0	-8.119	3.909	0.931
0	-8.123	3.910	0.933
0	-8.127	3.910	0.935
0	-8.130	3.909	0.938
0	-8.134	3.908	0.944
0	-8.135	3.905	0.951
0	-8.134	3.903	0.955
0	-8.132	3.901	0.959
0	-8.130	3.900	0.963
0	-8.127	3.898	0.966
0	-8.123	3.897	0.970
0	-8.118	3.896	0.972
0	-8.112	3.896	0.975
0	-8.106	3.895	0.976
0	-8.102	3.896	0.977
0	-8.101	3.896	0.977
0	-8.100	3.896	0.977
0	-8.099	3.896	0.977
0	-8.098	3.896	0.977
0	-8.095	3.896	0.977
0	-8.090	3.896	0.978
0	-8.085	3.897	0.979
0	-8.080	3.898	0.982
0	-8.076	3.899	0.985
0	-8.074	3.900	0.987
0	-8.074	3.900	0.987
0	-8.073	3.900	0.988
0	-8.072	3.901	0.989
0	-8.069	3.903	0.993
0	-8.066	3.905	0.997
0	-8.063	3.907	1.003
0	-8.060	3.907	1.010
0	-8.058	3.907	1.016
0	-8.055	3.905	1.022
0	-8.054	3.903	1.026
0	-8.052	3.900	1.030
0	-8.051	3.897	1.034
0	-8.050	3.895	1.037
0	-8.050	3.893	1.038
0	-8.049	3.892	1.040
0	-8.049	3.890	1.041
0	-8.047	3.885	1.045
0	-8.045	3.880	1.048
0	-8.043	3.873	1.051
0	-8.040	3.866	1.054
0	-8.038	3.860	1.056
0	-8.035	3.852	1.058
0	-8.033	3.844	1.061
0	-8.032	3.838	1.063
0	-8.031	3.832	1.064
0	-8.030	3.825	1.066
0	-8.029	3.818	1.068
0	-8.030	3.812	1.069
0	-8.030	3.807	1.070
0	-8.031	3.800	1.072
0	-8.033	3.794	1.074
0	-8.036	3.788	1.078
0	-8.038	3.783	1.082
0	-8.041	3.779	1.086
0	-8.043	3.774	1.092
0	-8.045	3.771	1.098
0	-8.047	3.767	1.105
0	-8.048	3.764	1.112
0	-8.048	3.761	1.119
0	-8.049	3.759	1.126
0	-8.049	3.757	1.134
0	-8.049	3.755	1.139
0	-8.048	3.753	1.146
0	-8.047	3.751	1.152
0	-8.047	3.749	1.158
0	-8.046	3.746	1.163
0	-8.045	3.744	1.169
0	-8.044	3.741	1.177
0	-8.043	3.738	1.183
0	-8.043	3.735	1.190
0	-8.042	3.731	1.197
0	-8.042	3.730	1.199
0	-8.042	3.730	1.200
0	-8.042	3.729	1.201
0	-8.042	3.728	1.202
0	-8.042	3.726	1.207
0	-8.043	3.723	1.211
0	-8.044	3.722	1.215
0	-8.046	3.719	1.220
0	-8.049	3.716	1.225
0	-8.053	3.714	1.230
0	-8.056	3.711	1.235
0	-8.060	3.708	1.239
0	-8.063	3.705	1.243
0	-8.066	3.701	1.248
0	-8.069	3.697	1.252
0	-8.071	3.692	1.256
0	-8.074	3.686	1.261
0	-8.077	3.680	1.265
0	-8.080	3.674	1.269
0	-8.082	3.670	1.273
0	-8.085	3.666	1.277
0	-8.088	3.662	1.281
0	-8.092	3.658	1.287
0	-8.095	3.656	1.291
0	-8.098	3.654	1.294
0	-8.101	3.651	1.298
0	-8.105	3.648	1.303
0	-8.108	3.645	1.307
0	-8.111	3.642	1.311
0	-8.115	3.639	1.316
0	-8.119	3.637	1.321
0	-8.124	3.634	1.325
0	-8.129	3.633	1.329
0	-8.136	3.631	1.333
0	-8.143	3.629	1.336
0	-8.150	3.627	1.338
0	-8.158	3.623	1.339
0	-8.164	3.620	1.339
0	-8.168	3.616	1.339
0	-8.172	3.611	1.338
0	-8.175	3.607	1.338
0	-8.177	3.602	1.338
0	-8.178	3.600	1.338
0	-8.179	3.597	1.339
0	-8.180	3.594	1.339
0	-8.182	3.589	1.340
0	-8.184	3.584	1.341
0	-8.187	3.579	1.342
0	-8.190	3.575	1.343
0	-8.194	3.570	1.344
0	-8.198	3.565	1.345
0	-8.203	3.561	1.346
0	-8.211	3.555	1.346
0	-8.215	3.553	1.346
0	-8.219	3.551	1.347
0	-8.226	3.548	1.346
0	-8.231	3.546	1.346
0	-8.237	3.545	1.345
0	-8.243	3.544	1.343
0	-8.250	3.543	1.341
0	-8.256	3.542	1.340
0	-8.261	3.542	1.338
0	-8.268	3.541	1.337
0	-8.275	3.541	1.335
0	-8.282	3.541	1.333
0	-8.290	3.542	1.331
0	-8.296	3.542	1.329
0	-8.301	3.542	1.329
0	-8.307	3.543	1.328
0	-8.312	3.543	1.328
0	-8.316	3.543	1.328
0	-8.321	3.543	1.328
0	-8.328	3.543	1.329
0	-8.337	3.542	1.330
0	-8.343	3.540	1.333
0	-8.350	3.539	1.335
0	-8.355	3.537	1.338
0	-8.359	3.536	1.339
0	-8.364	3.536	1.341
0	-8.368	3.536	1.342
0	-8.373	3.536	1.344
0	-8.378	3.537	1.345
0	-8.384	3.538	1.346
0	-8.390	3.540	1.346
0	-8.395	3.543	1.346
0	-8.398	3.545	1.345
0	-8.400	3.546	1.345
0	-8.400	3.546	1.345
0	-8.401	3.547	1.345
0	-8.402	3.548	1.345
0	-8.406	3.552	1.343
0	-8.411	3.556	1.340
0	-8.415	3.561	1.335
0	-8.420	3.565	1.330
0	-8.424	3.570	1.324
0	-8.429	3.573	1.319
0	-8.433	3.574	1.314
0	-8.437	3.576	1.310
0	-8.442	3.576	1.305
0	-8.444	3.576	1.302
0	-8.446	3.576	1.300
0	-8.446	3.576	1.300
0	-8.447	3.576	1.299
0	-8.448	3.576	1.298
0	-8.453	3.575	1.294
0	-8.459	3.574	1.290
0	-8.464	3.573	1.286
0	-8.470	3.570	1.282
0	-8.475	3.568	1.278
0	-8.480	3.565	1.276
0	-8.485	3.563	1.273
0	-8.489	3.561	1.270
0	-8.494	3.560	1.267
0	-8.499	3.559	1.264
0	-8.505	3.558	1.261
0	-8.511	3.558	1.259
0	-8.517	3.558	1.257
0	-8.523	3.558	1.256
0	-8.530	3.560	1.254
0	-8.536	3.562	1.254
0	-8.542	3.563	1.255
0	-8.548	3.566	1.256
0	-8.554	3.569	1.259
0	-8.561	3.572	1.262
0	-8.566	3.575	1.265
0	-8.572	3.578	1.268
0	-8.577	3.581	1.270
0	-8.584	3.585	1.273
0	-8.590	3.588	1.275
0	-8.595	3.592	1.276
0	-8.602	3.596	1.278
0	-8.607	3.599	1.279
0	-8.608	3.600	1.280
0	-8.615	3.604	1.281
0	-8.620	3.607	1.282
0	-8.626	3.610	1.283
0	-8.631	3.613	1.284
0	-8.638	3.616	1.284
0	-8.646	3.619	1.282
0	-8.651	3.621	1.281
0	-8.658	3.623	1.278
0	-8.663	3.625	1.276
0	-8.669	3.626	1.275
0	-8.674	3.627	1.274
0	-8.680	3.627	1.272
0	-8.685	3.627	1.271
0	-8.690	3.627	1.269
0	-8.695	3.626	1.267
0	-8.702	3.625	1.264
0	-8.706	3.623	1.262
0	-8.712	3.622	1.260
0	-8.718	3.620	1.256
0	-8.722	3.618	1.253
0	-8.727	3.617	1.249
0	-8.730	3.616	1.245
0	-8.734	3.614	1.240
0	-8.736	3.613	1.234
0	-8.738	3.612	1.230
0	-8.740	3.611	1.225
0	-8.743	3.610	1.218
0	-8.746	3.609	1.212
0	-8.749	3.607	1.206
0	-8.752	3.607	1.202
0	-8.753	3.606	1.200
0	-8.755	3.606	1.197
0	-8.757	3.605	1.195
0	-8.762	3.605	1.190
0	-8.767	3.605	1.187
0	-8.774	3.606	1.183
0	-8.780	3.607	1.181
0	-8.786	3.608	1.179
0	-8.794	3.610	1.177
0	-8.798	3.612	1.175
0	-8.800	3.612	1.175
0	-8.805	3.614	1.173
0	-8.810	3.615	1.172
0	-8.815	3.617	1.170
0	-8.822	3.619	1.169
0	-8.828	3.620	1.166
0	-8.836	3.621	1.163
0	-8.842	3.621	1.160
0	-8.847	3.621	1.156
0	-8.852	3.620	1.153
0	-8.856	3.620	1.149
0	-8.860	3.619	1.145
0	-8.864	3.617	1.141
0	-8.868	3.614	1.137
0	-8.872	3.611	1.133
0	-8.876	3.607	1.129
0	-8.880	3.603	1.126
0	-8.882	3.600	1.123
0	-8.884	3.597	1.121
0	-8.886	3.594	1.119
0	-8.889	3.591	1.116
0	-8.891	3.589	1.113
0	-8.893	3.587	1.110
0	-8.895	3.585	1.105
0	-8.898	3.583	1.100
0	-8.899	3.582	1.097
0	-8.901	3.582	1.094
0	-8.904	3.581	1.088
0	-8.908	3.580	1.083
0	-8.913	3.580	1.079
0	-8.917	3.580	1.076
0	-8.921	3.579	1.074
0	-8.926	3.579	1.072
0	-8.930	3.578	1.070
0	-8.935	3.578	1.069
0	-8.939	3.577	1.069
0	-8.943	3.576	1.069
0	-8.948	3.575	1.069
0	-8.952	3.574	1.070
0	-8.957	3.573	1.072
0	-8.964	3.571	1.075
0	-8.970	3.568	1.079
0	-8.973	3.565	1.082
0	-8.977	3.562	1.085
0	-8.981	3.557	1.088
0	-8.985	3.553	1.091
0	-8.989	3.548	1.093
0	-8.994	3.543	1.095
0	-8.999	3.538	1.097
0	-9.005	3.534	1.099
0	-9.012	3.530	1.102
0	-9.018	3.527	1.103
0	-9.024	3.524	1.104
0	-9.030	3.522	1.104
0	-9.035	3.519	1.103
0	-9.042	3.516	1.102
0	-9.046	3.514	1.100
0	-9.051	3.511	1.096
0	-9.055	3.509	1.092
0	-9.058	3.507	1.087
0	-9.061	3.505	1.082
0	-9.063	3.503	1.076
0	-9.065	3.500	1.071
0	-9.066	3.498	1.066
0	-9.067	3.494	1.061
0	-9.068	3.491	1.057
0	-9.069	3.486	1.053
0	-9.070	3.482	1.051
0	-9.072	3.478	1.050
0	-9.073	3.473	1.049
0	-9.075	3.469	1.050
0	-9.078	3.463	1.053
0	-9.080	3.457	1.058
0	-9.080	3.454	1.064
0	-9.080	3.452	1.071
0	-9.079	3.451	1.078
0	-9.077	3.451	1.083
0	-9.075	3.451	1.090
0	-9.074	3.451	1.094
0	-9.073	3.452	1.099
0	-9.072	3.453	1.105
0	-9.071	3.453	1.111
0	-9.070	3.454	1.117
0	-9.068	3.454	1.123
0	-9.065	3.455	1.132
0	-9.062	3.457	1.138
0	-9.061	3.458	1.142
0	-9.059	3.460	1.147
0	-9.057	3.463	1.151
0	-9.054	3.465	1.155
0	-9.052	3.469	1.159
0	-9.049	3.473	1.163
0	-9.046	3.478	1.166
0	-9.043	3.484	1.170
0	-9.042	3.490	1.175
0	-9.041	3.495	1.179
0	-9.041	3.499	1.183
0	-9.041	3.500	1.184
0	-9.042	3.504	1.188
0	-9.044	3.510	1.195
0	-9.045	3.512	1.199
0	-9.046	3.515	1.203
0	-9.047	3.518	1.207
0	-9.048	3.520	1.212
0	-9.050	3.523	1.217
0	-9.051	3.525	1.222
0	-9.052	3.527	1.227
0	-9.053	3.528	1.233
0	-9.055	3.529	1.239
0	-9.056	3.531	1.248
0	-9.057	3.532	1.255
0	-9.057	3.533	1.262
0	-9.057	3.534	1.268
0	-9.056	3.535	1.274
0	-9.055	3.536	1.280
0	-9.053	3.536	1.286
0	-9.051	3.537	1.292
0	-9.049	3.537	1.297
0	-9.047	3.538	1.300
0	-9.045	3.538	1.304
0	-9.043	3.539	1.308
0	-9.040	3.541	1.313
0	-9.037	3.542	1.318
0	-9.034	3.544	1.323
0	-9.030	3.546	1.330
0	-9.027	3.549	1.335
0	-9.023	3.552	1.342
0	-9.020	3.556	1.348
0	-9.017	3.560	1.354
0	-9.015	3.563	1.359
0	-9.013	3.565	1.363
0	-9.012	3.568	1.368
0	-9.011	3.571	1.373
0	-9.009	3.575	1.379
0	-9.008	3.579	1.385
0	-9.006	3.583	1.390
0	-9.004	3.587	1.395
0	-9.002	3.592	1.400
0	-9.000	3.597	1.405
0	-8.999	3.600	1.407
0	-8.997	3.603	1.409
0	-8.996	3.606	1.411
0	-8.994	3.610	1.413
0	-8.992	3.616	1.416
0	-8.990	3.622	1.419
0	-8.988	3.629	1.420
0	-8.987	3.636	1.421
0	-8.986	3.645	1.421
0	-8.987	3.650	1.420
0	-8.988	3.656	1.419
0	-8.990	3.662	1.417
0	-8.993	3.667	1.415
0	-8.996	3.671	1.413
0	-8.999	3.675	1.411
0	-9.002	3.678	1.409
0	-9.005	3.680	1.408
0	-9.010	3.683	1.405
0	-9.015	3.686	1.402
0	-9.019	3.687	1.400
0	-9.023	3.688	1.398
0	-9.027	3.688	1.396
0	-9.035	3.689	1.392
0	-9.042	3.689	1.388
0	-9.047	3.689	1.385
0	-9.052	3.689	1.382
0	-9.058	3.689	1.378
0	-9.063	3.689	1.375
0	-9.068	3.689	1.372
0	-9.074	3.689	1.369
0	-9.080	3.689	1.365
0	-9.085	3.689	1.362
0	-9.090	3.690	1.359
0	-9.096	3.691	1.356
0	-9.099	3.691	1.354
0	-9.103	3.692	1.353
0	-9.107	3.693	1.351
0	-9.114	3.694	1.350
0	-9.120	3.696	1.349
0	-9.125	3.698	1.349
0	-9.132	3.702	1.349
0	-9.138	3.706	1.350
0	-9.142	3.710	1.350
0	-9.147	3.715	1.352
0	-9.151	3.721	1.354
0	-9.155	3.726	1.357
0	-9.159	3.732	1.360
0	-9.162	3.737	1.363
0	-9.165	3.741	1.366
0	-9.168	3.745	1.368
0	-9.171	3.750	1.372
0	-9.173	3.755	1.375
0	-9.176	3.762	1.380
0	-9.177	3.767	1.384
0	-9.178	3.771	1.387
0	-9.178	3.775	1.391
0	-9.177	3.779	1.395
0	-9.176	3.783	1.399
0	-9.174	3.786	1.404
0	-9.172	3.789	1.409
0	-9.168	3.792	1.415
0	-9.166	3.793	1.420
0	-9.163	3.795	1.424
0	-9.159	3.796	1.429
0	-9.155	3.796	1.435
0	-9.151	3.796	1.439
0	-9.148	3.795	1.444
0	-9.145	3.795	1.447
0	-9.142	3.794	1.451
0	-9.139	3.792	1.455
0	-9.136	3.791	1.459
0	-9.132	3.789	1.464
0	-9.128	3.786	1.469
0	-9.124	3.782	1.473
0	-9.119	3.779	1.478
0	-9.115	3.775	1.483
0	-9.111	3.771	1.487
0	-9.108	3.768	1.491
0	-9.104	3.764	1.495
0	-9.101	3.760	1.498
0	-9.100	3.759	1.499
0	-9.099	3.759	1.499
0	-9.096	3.755	1.502
0	-9.093	3.752	1.505
0	-9.089	3.750	1.508
0	-9.084	3.747	1.511
0	-9.081	3.745	1.514
0	-9.077	3.743	1.517
0	-9.072	3.741	1.520
0	-9.067	3.740	1.523
0	-9.062	3.740	1.527
0	-9.057	3.740	1.530
0	-9.051	3.742	1.533
0	-9.044	3.744	1.537
0	-9.038	3.747	1.540
0	-9.032	3.750	1.543
0	-9.027	3.753	1.545
0	-9.021	3.757	1.547
0	-9.016	3.760	1.550
0	-9.011	3.763	1.552
0	-9.007	3.766	1.554
0	-9.002	3.770	1.557
0	-9.000	3.771	1.557
0	-8.995	3.775	1.559
0	-8.991	3.779	1.559
0	-8.986	3.784	1.560
0	-8.981	3.789	1.559
0	-8.975	3.794	1.558
0	-8.970	3.800	1.557
0	-8.965	3.805	1.555
0	-8.961	3.812	1.552
0	-8.956	3.818	1.549
0	-8.954	3.822	1.546
0	-8.951	3.826	1.544
0	-8.947	3.830	1.539
0	-8.944	3.836	1.535
0	-8.942	3.839	1.531
0	-8.941	3.843	1.528
0	-8.940	3.846	1.524
0	-8.938	3.850	1.520
0	-8.938	3.854	1.515
0	-8.937	3.859	1.511
0	-8.937	3.863	1.507
0	-8.936	3.867	1.503
0	-8.936	3.871	1.501
0	-8.936	3.875	1.497
0	-8.936	3.879	1.494
0	-8.935	3.883	1.490
0	-8.934	3.889	1.486
0	-8.932	3.895	1.482
0	-8.931	3.899	1.479
0	-8.929	3.905	1.476
0	-8.927	3.911	1.473
0	-8.925	3.917	1.471
0	-8.923	3.923	1.469
0	-8.921	3.928	1.467
0	-8.920	3.933	1.465
0	-8.920	3.938	1.463
0	-8.919	3.943	1.461
0	-8.920	3.950	1.459
0	-8.920	3.955	1.456
0	-8.920	3.960	1.454
0	-8.921	3.965	1.451
0	-8.921	3.972	1.447
0	-8.923	3.978	1.443
0	-8.925	3.983	1.439
0	-8.927	3.989	1.434
0	-8.930	3.994	1.430
0	-8.932	3.998	1.426
0	-8.934	4.002	1.422
0	-8.935	4.006	1.418
0	-8.936	4.011	1.413
0	-8.936	4.016	1.408
0	-8.936	4.020	1.403
0	-8.936	4.022	1.401
0	-8.936	4.024	1.397
0	-8.935	4.027	1.394
0	-8.934	4.029	1.390
0	-8.933	4.032	1.385
0	-8.931	4.036	1.381
0	-8.930	4.038	1.377
0	-8.928	4.042	1.372
0	-8.925	4.046	1.367
0	-8.922	4.050	1.362
0	-8.920	4.053	1.358
0	-8.918	4.058	1.353
0	-8.915	4.063	1.347
0	-8.912	4.067	1.342
0	-8.909	4.072	1.337
0	-8.906	4.077	1.332
0	-8.903	4.082	1.329
0	-8.901	4.087	1.326
0	-8.898	4.091	1.323
0	-8.896	4.095	1.321
0	-8.894	4.099	1.319
0	-8.892	4.103	1.317
0	-8.890	4.107	1.316
0	-8.888	4.112	1.314
0	-8.886	4.116	1.312
0	-8.885	4.122	1.310
0	-8.884	4.127	1.308
0	-8.883	4.132	1.306
0	-8.882	4.137	1.305
0	-8.881	4.143	1.303
0	-8.881	4.149	1.303
0	-8.880	4.154	1.302
0	-8.879	4.159	1.302
0	-8.878	4.163	1.302
0	-8.878	4.168	1.302
0	-8.877	4.174	1.301
0	-8.877	4.180	1.300
0	-8.878	4.183	1.299
0	-8.878	4.186	1.299
0	-8.878	4.190	1.297
0	-8.879	4.194	1.296
0	-8.880	4.199	1.294
0	-8.881	4.205	1.292
0	-8.883	4.211	1.290
0	-8.885	4.216	1.289
0	-8.886	4.220	1.288
0	-8.889	4.226	1.287
0	-8.891	4.231	1.286
0	-8.894	4.236	1.285
0	-8.897	4.241	1.285
0	-8.900	4.245	1.284
0	-8.902	4.248	1.284
0	-8.904	4.252	1.284
0	-8.908	4.256	1.284
0	-8.912	4.261	1.284
0	-8.916	4.265	1.284
0	-8.921	4.269	1.285
0	-8.926	4.272	1.285
0	-8.931	4.275	1.286
0	-8.937	4.278	1.288
0	-8.943	4.282	1.291
0	-8.947	4.285	1.293
0	-8.951	4.287	1.295
0	-8.955	4.290	1.297
0	-8.959	4.293	1.298
0	-8.963	4.296	1.300
0	-8.967	4.299	1.301
0	-8.969	4.300	1.301
0	-8.974	4.304	1.302
0	-8.979	4.309	1.302
0	-8.983	4.314	1.303
0	-8.987	4.320	1.302
0	-8.990	4.325	1.302
0	-8.993	4.330	1.301
0	-8.996	4.335	1.300
0	-8.999	4.341	1.298
0	-9.001	4.346	1.295
0	-9.004	4.351	1.292
0	-9.005	4.355	1.288
0	-9.006	4.359	1.284
0	-9.007	4.361	1.281
0	-9.006	4.364	1.277
0	-9.005	4.366	1.272
0	-9.002	4.369	1.267
0	-8.999	4.370	1.262
0	-8.996	4.372	1.257
0	-8.990	4.375	1.250
0	-8.985	4.379	1.244
0	-8.980	4.381	1.238
0	-8.976	4.382	1.232
0	-8.971	4.382	1.226
0	-8.966	4.382	1.219
0	-8.963	4.382	1.212
0	-8.960	4.382	1.206
0	-8.956	4.381	1.200
0	-8.954	4.379	1.194
0	-8.952	4.376	1.186
0	-8.950	4.374	1.180
0	-8.950	4.371	1.174
0	-8.949	4.369	1.169
0	-8.949	4.367	1.163
0	-8.949	4.364	1.156
0	-8.949	4.361	1.150
0	-8.950	4.360	1.144
0	-8.951	4.359	1.138
0	-8.953	4.358	1.132
0	-8.955	4.357	1.126
0	-8.957	4.357	1.120
0	-8.960	4.357	1.115
0	-8.963	4.356	1.109
0	-8.967	4.356	1.103
0	-8.968	4.356	1.100
0	-8.970	4.355	1.097
0	-8.971	4.355	1.094
0	-8.974	4.353	1.090
0	-8.977	4.351	1.084
0	-8.980	4.349	1.080
0	-8.983	4.346	1.075
0	-8.986	4.342	1.070
0	-8.988	4.340	1.066
0	-8.991	4.336	1.062
0	-8.994	4.333	1.057
0	-8.998	4.329	1.053
0	-9.001	4.326	1.049
0	-9.004	4.322	1.046
0	-9.007	4.318	1.042
0	-9.010	4.315	1.039
0	-9.012	4.310	1.035
0	-9.014	4.305	1.032
0	-9.015	4.301	1.029
0	-9.017	4.297	1.025
0	-9.018	4.293	1.022
0	-9.020	4.289	1.018
0	-9.022	4.284	1.014
0	-9.023	4.279	1.009
0	-9.024	4.274	1.005
0	-9.024	4.269	1.001
0	-9.024	4.267	1.000
0	-9.023	4.261	0.996
0	-9.023	4.256	0.994
0	-9.022	4.251	0.991
0	-9.021	4.246	0.989
0	-9.020	4.241	0.988
0	-9.019	4.236	0.987
0	-9.018	4.231	0.987
0	-9.016	4.224	0.987
0	-9.015	4.219	0.988
0	-9.014	4.214	0.988
0	-9.013	4.208	0.989
0	-9.013	4.203	0.991
0	-9.012	4.196	0.993
0	-9.012	4.191	0.994
0	-9.012	4.185	0.995
0	-9.013	4.178	0.995
0	-9.013	4.173	0.995
0	-9.014	4.165	0.995
0	-9.015	4.161	0.995
0	-9.017	4.154	0.994
0	-9.021	4.148	0.992
0	-9.027	4.144	0.990
0	-9.032	4.142	0.989
0	-9.037	4.141	0.988
0	-9.042	4.141	0.987
0	-9.047	4.142	0.986
0	-9.053	4.145	0.984
0	-9.058	4.148	0.983
0	-9.063	4.152	0.980
0	-9.065	4.155	0.978
0	-9.067	4.159	0.975
0	-9.069	4.163	0.972
0	-9.069	4.167	0.968
0	-9.069	4.170	0.964
0	-9.068	4.173	0.959
0	-9.067	4.176	0.954
0	-9.066	4.179	0.950
0	-9.066	4.181	0.946
0	-9.065	4.185	0.942
0	-9.065	4.189	0.938
0	-9.065	4.192	0.934
0	-9.065	4.196	0.929
0	-9.066	4.200	0.923
0	-9.066	4.203	0.918
0	-9.067	4.206	0.914
0	-9.069	4.208	0.909
0	-9.071	4.210	0.906
0	-9.073	4.212	0.903
0	-9.078	4.214	0.899
0	-9.082	4.216	0.895
0	-9.087	4.218	0.893
0	-9.093	4.220	0.891
0	-9.098	4.222	0.890
0	-9.100	4.222	0.891
0	-9.103	4.223	0.891
0	-9.106	4.224	0.892
0	-9.110	4.226	0.894
0	-9.114	4.228	0.896
0	-9.119	4.231	0.901
0	-9.122	4.234	0.905
0	-9.125	4.236	0.910
0	-9.128	4.239	0.914
0	-9.130	4.243	0.918
0	-9.132	4.246	0.922
0	-9.136	4.251	0.926
0	-9.138	4.254	0.929
0	-9.141	4.258	0.933
0	-9.143	4.261	0.937
0	-9.146	4.263	0.941
0	-9.148	4.266	0.946
0	-9.150	4.270	0.951
0	-9.150	4.272	0.955
0	-9.151	4.275	0.959
0	-9.151	4.278	0.963
0	-9.152	4.282	0.967
0	-9.153	4.286	0.971
0	-9.155	4.291	0.974
0	-9.156	4.295	0.977
0	-9.159	4.299	0.979
0	-9.162	4.303	0.982
0	-9.166	4.306	0.985
0	-9.170	4.309	0.988
0	-9.174	4.311	0.990
0	-9.179	4.312	0.992
0	-9.184	4.312	0.994
0	-9.187	4.311	0.996
0	-9.191	4.309	0.997
0	-9.195	4.306	0.999
0	-9.197	4.304	1.000
0	-9.199	4.301	1.000
0	-9.200	4.299	1.001
0	-9.201	4.298	1.001
0	-9.203	4.295	1.001
0	-9.204	4.291	1.002
0	-9.207	4.284	1.002
0	-9.208	4.278	1.002
0	-9.210	4.272	1.003
0	-9.212	4.266	1.002
0	-9.214	4.259	1.001
0	-9.216	4.252	1.000
0	-9.216	4.250	1.000
0	-9.219	4.243	0.999
0	-9.222	4.237	0.998
0	-9.225	4.233	0.997
0	-9.228	4.229	0.997
0	-9.232	4.225	0.996
0	-9.236	4.222	0.995
0	-9.243	4.218	0.995
0	-9.252	4.216	0.995
0	-9.257	4.215	0.995
0	-9.262	4.215	0.995
0	-9.266	4.216	0.995
0	-9.271	4.217	0.995
0	-9.277	4.219	0.995
0	-9.282	4.220	0.995
0	-9.288	4.222	0.994
0	-9.294	4.223	0.993
0	-9.301	4.224	0.991
0	-9.307	4.224	0.988
0	-9.313	4.222	0.984
0	-9.319	4.220	0.980
0	-9.323	4.218	0.976
0	-9.327	4.215	0.972
0	-9.331	4.213	0.969
0	-9.335	4.211	0.966
0	-9.339	4.209	0.963
0	-9.343	4.206	0.961
0	-9.347	4.205	0.959
0	-9.352	4.203	0.957
0	-9.357	4.201	0.954
0	-9.361	4.200	0.953
0	-9.364	4.199	0.951
0	-9.369	4.197	0.949
0	-9.375	4.195	0.948
0	-9.379	4.194	0.946
0	-9.385	4.194	0.945
0	-9.390	4.194	0.943
0	-9.396	4.195	0.942
0	-9.400	4.196	0.941
0	-9.405	4.197	0.940
0	-9.410	4.198	0.940
0	-9.415	4.197	0.939
0	-9.422	4.196	0.939
0	-9.430	4.192	0.940
0	-9.434	4.188	0.941
0	-9.437	4.185	0.943
0	-9.440	4.181	0.944
0	-9.441	4.178	0.946
0	-9.443	4.174	0.949
0	-9.444	4.169	0.953
0	-9.444	4.165	0.956
0	-9.443	4.162	0.959
0	-9.442	4.158	0.963
0	-9.442	4.154	0.965
0	-9.441	4.149	0.969
0	-9.440	4.145	0.971
0	-9.439	4.141	0.973
0	-9.438	4.137	0.974
0	-9.437	4.133	0.975
0	-9.436	4.128	0.977
0	-9.433	4.123	0.978
0	-9.430	4.118	0.980
0	-9.427	4.114	0.983
0	-9.422	4.110	0.986
0	-9.419	4.107	0.989
0	-9.415	4.105	0.992
0	-9.411	4.103	0.995
0	-9.406	4.102	0.999
0	-9.401	4.101	1.003
0	-9.396	4.102	1.008
0	-9.393	4.102	1.010
0	-9.389	4.103	1.013
0	-9.385	4.105	1.016
0	-9.381	4.107	1.018
0	-9.377	4.109	1.022
0	-9.373	4.111	1.024
0	-9.368	4.113	1.026
0	-9.365	4.116	1.028
0	-9.360	4.119	1.030
0	-9.355	4.122	1.031
0	-9.350	4.124	1.031
0	-9.344	4.127	1.031
0	-9.336	4.130	1.029
0	-9.330	4.131	1.028
0	-9.326	4.131	1.027
0	-9.319	4.131	1.024
0	-9.312	4.131	1.021
0	-9.306	4.130	1.019
0	-9.301	4.129	1.018
0	-9.295	4.128	1.016
0	-9.290	4.127	1.014
0	-9.286	4.126	1.013
0	-9.280	4.124	1.011
0	-9.273	4.122	1.009
0	-9.268	4.121	1.008
0	-9.262	4.120	1.007
0	-9.258	4.120	1.007
0	-9.253	4.121	1.006
0	-9.249	4.122	1.006
0	-9.245	4.123	1.006
0	-9.240	4.125	1.005
0	-9.236	4.128	1.005
0	-9.232	4.130	1.005
0	-9.229	4.133	1.005
0	-9.226	4.136	1.005
0	-9.223	4.139	1.005
0	-9.219	4.144	1.005
0	-9.216	4.147	1.006
0	-9.214	4.150	1.006
0	-9.211	4.155	1.007
0	-9.208	4.159	1.008
0	-9.206	4.163	1.010
0	-9.203	4.169	1.014
0	-9.202	4.173	1.017
0	-9.201	4.177	1.020
0	-9.201	4.180	1.024
0	-9.200	4.184	1.029
0	-9.201	4.189	1.034
0	-9.202	4.193	1.038
0	-9.203	4.197	1.042
0	-9.203	4.199	1.044
0	-9.204	4.203	1.047
0	-9.204	4.206	1.051
0	-9.204	4.210	1.054
0	-9.204	4.214	1.058
0	-9.205	4.219	1.062
0	-9.205	4.223	1.065
0	-9.205	4.226	1.068
0	-9.206	4.230	1.070
0	-9.206	4.234	1.072
0	-9.207	4.239	1.075
0	-9.207	4.244	1.078
0	-9.207	4.247	1.080
0	-9.206	4.251	1.083
0	-9.206	4.256	1.086
0	-9.204	4.260	1.089
0	-9.203	4.266	1.092
0	-9.201	4.272	1.095
0	-9.198	4.278	1.098
0	-9.196	4.282	1.100
0	-9.193	4.286	1.102
0	-9.191	4.290	1.105
0	-9.187	4.296	1.109
0	-9.184	4.300	1.113
0	-9.182	4.303	1.116
0	-9.179	4.307	1.121
0	-9.176	4.311	1.125
0	-9.173	4.315	1.128
0	-9.171	4.320	1.133
0	-9.169	4.326	1.138
0	-9.168	4.332	1.144
0	-9.169	4.338	1.150
0	-9.170	4.342	1.156
0	-9.171	4.346	1.161
0	-9.173	4.348	1.166
0	-9.175	4.351	1.170
0	-9.177	4.353	1.174
0	-9.181	4.357	1.182
0	-9.186	4.360	1.190
0	-9.189	4.362	1.195
0	-9.193	4.364	1.199
0	-9.197	4.366	1.203
0	-9.202	4.368	1.206
0	-9.207	4.370	1.208
0	-9.212	4.373	1.210
0	-9.218	4.376	1.211
0	-9.224	4.379	1.212
0	-9.230	4.383	1.212
0	-9.235	4.385	1.211
0	-9.241	4.389	1.210
0	-9.247	4.392	1.207
0	-9.251	4.394	1.204
0	-9.254	4.397	1.201
0	-9.257	4.399	1.197
0	-9.259	4.400	1.195
0	-9.260	4.401	1.191
0	-9.262	4.402	1.187
0	-9.264	4.402	1.183
0	-9.265	4.402	1.178
0	-9.267	4.402	1.173
0	-9.268	4.402	1.167
0	-9.269	4.402	1.162
0	-9.270	4.402	1.157
0	-9.271	4.401	1.153
0	-9.272	4.401	1.148
0	-9.274	4.400	1.143
0	-9.276	4.400	1.140
0	-9.278	4.400	1.136
0	-9.280	4.400	1.132
0	-9.283	4.400	1.128
0	-9.286	4.400	1.124
0	-9.290	4.399	1.120
0	-9.294	4.399	1.116
0	-9.299	4.398	1.112
0	-9.303	4.397	1.109
0	-9.307	4.396	1.107
0	-9.311	4.394	1.105
0	-9.316	4.393	1.103
0	-9.322	4.391	1.101
0	-9.326	4.389	1.101
0	-9.332	4.388	1.101
0	-9.338	4.386	1.101
0	-9.343	4.385	1.102
0	-9.351	4.384	1.104
0	-9.359	4.383	1.107
0	-9.368	4.382	1.109
0	-9.374	4.382	1.111
0	-9.380	4.381	1.112
0	-9.386	4.381	1.112
0	-9.391	4.380	1.112
0	-9.397	4.378	1.112
0	-9.404	4.376	1.111
0	-9.409	4.373	1.110
0	-9.413	4.369	1.108
0	-9.416	4.364	1.107
0	-9.418	4.359	1.105
0	-9.420	4.354	1.104
0	-9.421	4.349	1.102
0	-9.421	4.342	1.100
0	-9.421	4.335	1.099
0	-9.420	4.330	1.098
0	-9.418	4.324	1.098
0	-9.416	4.318	1.099
0	-9.414	4.311	1.101
0	-9.413	4.307	1.103
0	-9.412	4.303	1.104
0	-9.412	4.300	1.106
0	-9.411	4.297	1.107
0	-9.410	4.294	1.108
0	-9.408	4.289	1.110
0	-9.406	4.285	1.111
0	-9.404	4.280	1.113
0	-9.401	4.276	1.115
0	-9.398	4.273	1.116
0	-9.394	4.270	1.119
0	-9.389	4.267	1.121
0	-9.385	4.264	1.123
0	-9.380	4.261	1.126
0	-9.375	4.259	1.128
0	-9.370	4.257	1.131
0	-9.366	4.255	1.133
0	-9.360	4.253	1.136
0	-9.354	4.252	1.138
0	-9.348	4.250	1.141
0	-9.340	4.249	1.145
0	-9.333	4.248	1.148
0	-9.326	4.249	1.151
0	-9.320	4.249	1.153
0	-9.314	4.250	1.155
0	-9.309	4.251	1.156
0	-9.303	4.253	1.156
0	-9.300	4.254	1.156
0	-9.295	4.256	1.156
0	-9.289	4.258	1.156
0	-9.285	4.260	1.155
0	-9.280	4.261	1.154
0	-9.275	4.262	1.152
0	-9.271	4.264	1.151
0	-9.265	4.266	1.148
0	-9.259	4.269	1.144
0	-9.254	4.271	1.141
0	-9.249	4.274	1.137
0	-9.245	4.276	1.133
0	-9.242	4.277	1.130
0	-9.239	4.279	1.126
0	-9.235	4.281	1.122
0	-9.232	4.281	1.118
0	-9.228	4.281	1.114
0	-9.223	4.280	1.109
0	-9.220	4.278	1.104
0	-9.216	4.277	1.098
0	-9.213	4.274	1.093
0	-9.211	4.272	1.086
0	-9.210	4.269	1.081
0	-9.209	4.267	1.074
0	-9.209	4.265	1.068
0	-9.209	4.264	1.063
0	-9.210	4.263	1.057
0	-9.211	4.262	1.053
0	-9.211	4.261	1.048
0	-9.211	4.260	1.043
0	-9.212	4.260	1.037
0	-9.212	4.259	1.029
0	-9.211	4.260	1.022
0	-9.211	4.261	1.017
0	-9.210	4.261	1.010
0	-9.209	4.262	1.006
0	-9.207	4.262	1.002
0	-9.206	4.263	0.999
0	-9.205	4.263	0.996
0	-9.203	4.264	0.992
0	-9.200	4.265	0.988
0	-9.195	4.266	0.982
0	-9.191	4.267	0.978
0	-9.187	4.268	0.975
0	-9.183	4.270	0.972
0	-9.178	4.271	0.970
0	-9.172	4.274	0.968
0	-9.169	4.275	0.967
0	-9.165	4.277	0.966
0	-9.161	4.278	0.966
0	-9.157	4.280	0.966
0	-9.153	4.282	0.966
0	-9.148	4.283	0.966
0	-9.144	4.285	0.966
0	-9.140	4.286	0.967
0	-9.137	4.288	0.967
0	-9.133	4.290	0.968
0	-9.129	4.292	0.969
0	-9.124	4.295	0.970
0	-9.120	4.298	0.971
0	-9.118	4.300	0.972
0	-9.115	4.303	0.972
0	-9.112	4.307	0.971
0	-9.110	4.310	0.970
0	-9.108	4.313	0.969
0	-9.107	4.317	0.969
0	-9.105	4.323	0.969
0	-9.104	4.327	0.969
0	-9.104	4.331	0.969
0	-9.103	4.335	0.970
0	-9.102	4.338	0.970
0	-9.100	4.343	0.971
0	-9.097	4.350	0.971
0	-9.095	4.356	0.972
0	-9.092	4.363	0.972
0	-9.090	4.367	0.971
0	-9.089	4.371	0.971
0	-9.088	4.375	0.970
0	-9.087	4.379	0.969
0	-9.087	4.383	0.969
0	-9.085	4.389	0.968
0	-9.084	4.394	0.968
0	-9.083	4.399	0.969
0	-9.082	4.403	0.970
0	-9.081	4.407	0.971
0	-9.080	4.411	0.972
0	-9.079	4.415	0.973
0	-9.077	4.419	0.974
0	-9.075	4.423	0.976
0	-9.072	4.428	0.978
0	-9.070	4.432	0.981
0	-9.067	4.436	0.984
0	-9.065	4.439	0.986
0	-9.063	4.442	0.989
0	-9.060	4.445	0.993
0	-9.057	4.448	0.997
0	-9.054	4.450	1.000
0	-9.051	4.453	1.002
0	-9.048	4.456	1.005
0	-9.045	4.459	1.007
0	-9.042	4.462	1.009
0	-9.039	4.466	1.009
0	-9.036	4.472	1.009
0	-9.032	4.477	1.009
0	-9.029	4.483	1.007
0	-9.027	4.487	1.006
0	-9.025	4.491	1.005
0	-9.023	4.495	1.004
0	-9.021	4.499	1.003
0	-9.019	4.503	1.002
0	-9.017	4.507	1.002
0	-9.014	4.512	1.001
0	-9.013	4.515	1.000
0	-9.011	4.518	0.999
0	-9.009	4.522	0.998
0	-9.007	4.526	0.996
0	-9.004	4.531	0.994
0	-9.003	4.535	0.992
0	-9.001	4.539	0.990
0	-8.999	4.544	0.988
0	-8.998	4.547	0.986
0	-8.997	4.551	0.984
0	-8.997	4.555	0.982
0	-8.996	4.559	0.980
0	-8.996	4.563	0.977
0	-8.996	4.567	0.974
0	-8.996	4.571	0.972
0	-8.995	4.575	0.970
0	-8.995	4.578	0.967
0	-8.995	4.582	0.964
0	-8.995	4.587	0.960
0	-8.995	4.591	0.956
0	-8.995	4.595	0.953
0	-8.996	4.598	0.950
0	-8.996	4.600	0.949
0	-8.997	4.602	0.947
0	-8.997	4.605	0.945
0	-8.998	4.609	0.943
0	-9.000	4.614	0.940
0	-9.001	4.620	0.939
0	-9.001	4.626	0.938
0	-9.001	4.632	0.937
0	-9.001	4.637	0.937
0	-9.000	4.642	0.937
0	-8.999	4.646	0.938
0	-8.998	4.651	0.939
0	-8.997	4.657	0.940
0	-8.997	4.664	0.941
0	-8.996	4.670	0.944
0	-8.995	4.674	0.945
0	-8.994	4.679	0.948
0	-8.993	4.683	0.950
0	-8.992	4.687	0.953
0	-8.990	4.692	0.957
0	-8.988	4.696	0.961
0	-8.985	4.699	0.965
0	-8.982	4.702	0.969
0	-8.978	4.705	0.974
0	-8.974	4.707	0.979
0	-8.971	4.708	0.982
0	-8.967	4.709	0.985
0	-8.964	4.710	0.988
0	-8.959	4.711	0.992
0	-8.954	4.712	0.994
0	-8.950	4.712	0.996
0	-8.945	4.713	0.998
0	-8.940	4.713	0.999
0	-8.935	4.714	1.001
0	-8.928	4.715	1.002
0	-8.922	4.716	1.004
0	-8.917	4.717	1.005
0	-8.913	4.718	1.006
0	-8.909	4.719	1.007
0	-8.905	4.720	1.008
0	-8.901	4.721	1.009
0	-8.896	4.722	1.010
0	-8.890	4.724	1.012
0	-8.884	4.727	1.015
0	-8.879	4.730	1.018
0	-8.875	4.734	1.022
0	-8.872	4.737	1.027
0	-8.870	4.739	1.031
0	-8.867	4.742	1.037
0	-8.866	4.745	1.043
0	-8.865	4.747	1.051
0	-8.865	4.748	1.055
0	-8.865	4.748	1.060
0	-8.865	4.749	1.064
0	-8.866	4.749	1.068
0	-8.867	4.749	1.073
0	-8.867	4.749	1.077
0	-8.868	4.749	1.082
0	-8.870	4.748	1.087
0	-8.870	4.747	1.094
0	-8.870	4.746	1.099
0	-8.870	4.745	1.104
0	-8.870	4.745	1.109
0	-8.870	4.744	1.115
0	-8.870	4.743	1.122
0	-8.869	4.742	1.127
0	-8.868	4.742	1.134
0	-8.866	4.741	1.142
0	-8.864	4.741	1.148
0	-8.861	4.741	1.153
0	-8.858	4.742	1.160
0	-8.855	4.743	1.166
0	-8.853	4.745	1.172
0	-8.850	4.747	1.177
0	-8.846	4.750	1.184
0	-8.843	4.751	1.189
0	-8.839	4.753	1.195
0	-8.835	4.756	1.201
0	-8.832	4.758	1.206
0	-8.831	4.760	1.211
0	-8.830	4.762	1.215
0	-8.829	4.764	1.220
0	-8.829	4.766	1.224
0	-8.829	4.767	1.228
0	-8.830	4.769	1.234
0	-8.831	4.770	1.238
0	-8.832	4.771	1.244
0	-8.834	4.772	1.250
0	-8.835	4.772	1.255
0	-8.837	4.772	1.262
0	-8.838	4.772	1.268
0	-8.838	4.770	1.274
0	-8.839	4.769	1.280
0	-8.840	4.767	1.286
0	-8.840	4.765	1.290
0	-8.840	4.763	1.295
0	-8.841	4.759	1.302
0	-8.843	4.757	1.308
0	-8.845	4.754	1.313
0	-8.849	4.751	1.320
0	-8.852	4.749	1.326
0	-8.856	4.747	1.332
0	-8.861	4.746	1.337
0	-8.864	4.746	1.342
0	-8.868	4.746	1.347
0	-8.872	4.748	1.351
0	-8.875	4.750	1.355
0	-8.878	4.753	1.359
0	-8.881	4.756	1.364
0	-8.884	4.759	1.368
0	-8.886	4.762	1.373
0	-8.889	4.766	1.378
0	-8.893	4.771	1.383
0	-8.895	4.775	1.387
0	-8.897	4.778	1.390
0	-8.900	4.781	1.393
0	-8.902	4.785	1.397
0	-8.906	4.790	1.400
0	-8.909	4.794	1.403
0	-8.913	4.799	1.406
0	-8.917	4.803	1.408
0	-8.920	4.807	1.410
0	-8.924	4.811	1.413
0	-8.927	4.815	1.416
0	-8.930	4.818	1.418
0	-8.933	4.822	1.421
0	-8.938	4.827	1.425
0	-8.943	4.833	1.428
0	-8.947	4.839	1.432
0	-8.951	4.845	1.436
0	-8.955	4.850	1.439
0	-8.959	4.855	1.443
0	-8.962	4.860	1.446
0	-8.964	4.865	1.450
0	-8.965	4.870	1.454
0	-8.965	4.875	1.458
0	-8.965	4.879	1.462
0	-8.964	4.883	1.466
0	-8.964	4.887	1.470
0	-8.963	4.891	1.475
0	-8.962	4.895	1.482
0	-8.960	4.898	1.488
0	-8.959	4.900	1.491
0	-8.957	4.902	1.495
0	-8.956	4.903	1.499
0	-8.955	4.905	1.503
0	-8.953	4.908	1.509
0	-8.951	4.911	1.515
0	-8.949	4.915	1.522
0	-8.947	4.919	1.528
0	-8.946	4.921	1.534
0	-8.944	4.924	1.540
0	-8.942	4.926	1.546
0	-8.941	4.927	1.553
0	-8.939	4.928	1.560
0	-8.938	4.928	1.567
0	-8.937	4.928	1.572
0	-8.936	4.928	1.577
0	-8.934	4.927	1.584
0	-8.933	4.927	1.591
0	-8.931	4.927	1.597
0	-8.930	4.927	1.600
0	-8.928	4.927	1.605
0	-8.927	4.927	1.610
0	-8.925	4.928	1.615
0	-8.924	4.930	1.622
0	-8.923	4.932	1.627
0	-8.921	4.936	1.634
0	-8.920	4.939	1.639
0	-8.919	4.942	1.643
0	-8.917	4.946	1.650
0	-8.915	4.950	1.656
0	-8.913	4.954	1.661
0	-8.911	4.958	1.666
0	-8.907	4.963	1.672
0	-8.905	4.966	1.675
0	-8.903	4.969	1.678
0	-8.901	4.971	1.681
0	-8.898	4.974	1.684
0	-8.896	4.977	1.686
0	-8.892	4.981	1.690
0	-8.887	4.986	1.694
0	-8.882	4.990	1.698
0	-8.878	4.994	1.700
0	-8.873	4.998	1.703
0	-8.868	5.002	1.706
0	-8.862	5.006	1.708
0	-8.858	5.008	1.711
0	-8.853	5.011	1.713
0	-8.845	5.014	1.716
0	-8.837	5.016	1.720
0	-8.830	5.017	1.723
0	-8.826	5.018	1.725
0	-8.821	5.019	1.727
0	-8.817	5.020	1.730
0	-8.811	5.020	1.734
0	-8.805	5.020	1.740
0	-8.801	5.020	1.746
0	-8.797	5.019	1.752
0	-8.794	5.019	1.759
0	-8.792	5.019	1.766
0	-8.790	5.019	1.772
0	-8.789	5.020	1.779
0	-8.788	5.021	1.786
0	-8.787	5.023	1.794
0	-8.788	5.024	1.800
0	-8.788	5.027	1.807
0	-8.789	5.030	1.813
0	-8.790	5.033	1.820
0	-8.791	5.034	1.825
0	-8.793	5.036	1.831
0	-8.794	5.038	1.837
0	-8.797	5.040	1.844
0	-8.800	5.042	1.851
0	-8.802	5.043	1.858
0	-8.804	5.045	1.864
0	-8.806	5.046	1.871
0	-8.807	5.047	1.876
0	-8.807	5.049	1.881
0	-8.806	5.050	1.889
0	-8.805	5.051	1.894
0	-8.803	5.052	1.900
0	-8.801	5.054	1.906
0	-8.798	5.055	1.911
0	-8.795	5.056	1.917
0	-8.792	5.057	1.923
0	-8.787	5.057	1.930
0	-8.782	5.058	1.938
0	-8.779	5.058	1.943
0	-8.775	5.058	1.949
0	-8.770	5.057	1.956
0	-8.767	5.056	1.962
0	-8.763	5.054	1.968
0	-8.760	5.053	1.975
0	-8.757	5.051	1.980
0	-8.754	5.050	1.985
0	-8.751	5.048	1.990
0	-8.747	5.046	1.996
0	-8.744	5.044	2.003
0	-8.740	5.042	2.011
0	-8.737	5.040	2.018
0	-8.734	5.038	2.026
0	-8.732	5.036	2.032
0	-8.730	5.034	2.038
0	-8.729	5.031	2.044
0	-8.727	5.028	2.049
0	-8.726	5.025	2.055
0	-8.725	5.022	2.059
0	-8.724	5.019	2.063
0	-8.723	5.016	2.068
0	-8.721	5.013	2.072
0	-8.720	5.010	2.076
0	-8.717	5.006	2.082
0	-8.714	5.001	2.087
0	-8.713	5.000	2.089
0	-8.710	4.996	2.095
0	-8.706	4.992	2.100
0	-8.702	4.989	2.105
0	-8.700	4.988	2.107
0	-8.698	4.986	2.109
0	-8.695	4.984	2.112
0	-8.692	4.981	2.116
0	-8.688	4.977	2.119
0	-8.684	4.974	2.122
0	-8.679	4.969	2.127
0	-8.673	4.965	2.130
0	-8.666	4.961	2.134
0	-8.660	4.959	2.137
0	-8.654	4.958	2.140
0	-8.648	4.958	2.143
0	-8.641	4.958	2.146
0	-8.635	4.960	2.148
0	-8.630	4.961	2.150
0	-8.625	4.964	2.152
0	-8.618	4.967	2.154
0	-8.612	4.971	2.156
0	-8.607	4.975	2.157
0	-8.602	4.979	2.158
0	-8.600	4.981	2.158
0	-8.596	4.985	2.159
0	-8.592	4.989	2.159
0	-8.588	4.994	2.159
0	-8.584	4.999	2.159
0	-8.580	5.003	2.159
0	-8.578	5.006	2.159
0	-8.572	5.013	2.160
0	-8.567	5.018	2.159
0	-8.563	5.023	2.158
0	-8.557	5.029	2.157
0	-8.553	5.034	2.156
0	-8.549	5.038	2.155
0	-8.545	5.042	2.154
0	-8.541	5.046	2.153
0	-8.536	5.051	2.151
0	-8.531	5.056	2.149
0	-8.525	5.062	2.147
0	-8.521	5.066	2.145
0	-8.517	5.071	2.143
0	-8.514	5.075	2.141
0	-8.510	5.079	2.139
0	-8.507	5.085	2.137
0	-8.504	5.090	2.135
0	-8.502	5.095	2.133
0	-8.500	5.102	2.130
0	-8.498	5.109	2.127
0	-8.496	5.114	2.125
0	-8.495	5.119	2.122
0	-8.493	5.126	2.119
0	-8.492	5.132	2.115
0	-8.490	5.138	2.110
0	-8.488	5.143	2.106
0	-8.487	5.147	2.102
0	-8.486	5.149	2.100
0	-8.485	5.153	2.096
0	-8.484	5.156	2.093
0	-8.483	5.159	2.088
0	-8.482	5.162	2.083
0	-8.480	5.166	2.076
0	-8.479	5.170	2.071
0	-8.477	5.176	2.062
0	-8.475	5.181	2.055
0	-8.474	5.186	2.048
0	-8.474	5.190	2.042
0	-8.475	5.194	2.036
0	-8.476	5.197	2.030
0	-8.478	5.199	2.026
0	-8.480	5.202	2.022
0	-8.482	5.204	2.018
0	-8.485	5.207	2.013
0	-8.488	5.210	2.008
0	-8.491	5.213	2.005
0	-8.494	5.216	2.001
0	-8.497	5.220	1.997
0	-8.499	5.222	1.994
0	-8.500	5.223	1.994
0	-8.502	5.225	1.992
0	-8.503	5.227	1.991
0	-8.506	5.230	1.989
0	-8.509	5.234	1.987
0	-8.513	5.239	1.986
0	-8.516	5.244	1.985
0	-8.519	5.248	1.985
0	-8.522	5.253	1.986
0	-8.525	5.259	1.988
0	-8.528	5.265	1.989
0	-8.532	5.271	1.992
0	-8.534	5.275	1.994
0	-8.537	5.281	1.997
0	-8.540	5.285	2.000
0	-8.543	5.289	2.002
0	-8.546	5.292	2.004
0	-8.551	5.297	2.008
0	-8.557	5.301	2.013
0	-8.562	5.304	2.017
0	-8.568	5.306	2.021
0	-8.574	5.308	2.025
0	-8.580	5.308	2.029
0	-8.586	5.308	2.033
0	-8.592	5.307	2.036
0	-8.597	5.305	2.040
0	-8.603	5.303	2.044
0	-8.609	5.300	2.049
0	-8.614	5.298	2.051
0	-8.618	5.296	2.054
0	-8.624	5.293	2.056
0	-8.630	5.290	2.058
0	-8.636	5.287	2.060
0	-8.642	5.284	2.063
0	-8.649	5.281	2.066
0	-8.657	5.278	2.070
0	-8.664	5.275	2.073
0	-8.670	5.273	2.077
0	-8.676	5.270	2.081
0	-8.681	5.267	2.085
0	-8.686	5.265	2.089
0	-8.691	5.262	2.094
0	-8.696	5.260	2.099
0	-8.700	5.259	2.103
0	-8.705	5.257	2.108
0	-8.710	5.255	2.114
0	-8.715	5.254	2.119
0	-8.720	5.252	2.123
0	-8.723	5.250	2.127
0	-8.726	5.248	2.131
0	-8.730	5.245	2.136
0	-8.734	5.242	2.141
0	-8.737	5.238	2.146
0	-8.740	5.232	2.153
0	-8.742	5.228	2.158
0	-8.744	5.224	2.162
0	-8.745	5.219	2.166
0	-8.746	5.214	2.171
0	-8.747	5.208	2.175
0	-8.748	5.203	2.179
0	-8.749	5.200	2.181
0	-8.750	5.197	2.183
0	-8.751	5.193	2.186
0	-8.753	5.186	2.189
0	-8.755	5.180	2.192
0	-8.758	5.174	2.195
0	-8.761	5.168	2.198
0	-8.763	5.162	2.202
0	-8.765	5.156	2.204
0	-8.767	5.151	2.207
0	-8.768	5.145	2.210
0	-8.769	5.138	2.213
0	-8.770	5.132	2.216
0	-8.770	5.126	2.219
0	-8.770	5.121	2.221
0	-8.769	5.115	2.224
0	-8.768	5.108	2.227
0	-8.766	5.101	2.230
0	-8.763	5.094	2.234
0	-8.759	5.087	2.239
0	-8.756	5.082	2.243
0	-8.753	5.078	2.247
0	-8.750	5.074	2.250
0	-8.747	5.071	2.254
0	-8.744	5.067	2.259
0	-8.740	5.064	2.263
0	-8.737	5.061	2.267
0	-8.734	5.059	2.271
0	-8.731	5.057	2.275
0	-8.729	5.054	2.279
0	-8.726	5.052	2.285
0	-8.723	5.049	2.290
0	-8.719	5.045	2.296
0	-8.717	5.043	2.299
0	-8.714	5.041	2.302
0	-8.713	5.038	2.305
0	-8.710	5.035	2.308
0	-8.707	5.030	2.312
0	-8.704	5.025	2.317
0	-8.701	5.020	2.321
0	-8.698	5.014	2.326
0	-8.695	5.009	2.330
0	-8.692	5.001	2.335
0	-8.692	5.000	2.336
0	-8.691	4.997	2.339
0	-8.690	4.994	2.341
0	-8.688	4.988	2.346
0	-8.686	4.983	2.349
0	-8.684	4.978	2.354
0	-8.682	4.973	2.358
0	-8.679	4.969	2.362
0	-8.675	4.963	2.367
0	-8.671	4.958	2.372
0	-8.666	4.953	2.377
0	-8.661	4.949	2.380
0	-8.657	4.946	2.383
0	-8.653	4.944	2.386
0	-8.649	4.941	2.389
0	-8.645	4.939	2.392
0	-8.640	4.936	2.395
0	-8.632	4.931	2.399
0	-8.630	4.930	2.400
0	-8.623	4.926	2.403
0	-8.617	4.922	2.405
0	-8.612	4.918	2.406
0	-8.607	4.913	2.408
0	-8.603	4.908	2.410
0	-8.600	4.906	2.411
0	-8.598	4.903	2.412
0	-8.595	4.900	2.413
0	-8.592	4.896	2.415
0	-8.585	4.890	2.420
0	-8.579	4.885	2.423
0	-8.574	4.882	2.426
0	-8.567	4.878	2.430
0	-8.560	4.876	2.433
0	-8.553	4.875	2.437
0	-8.546	4.875	2.440
0	-8.537	4.876	2.443
0	-8.528	4.878	2.447
0	-8.518	4.882	2.451
0	-8.509	4.887	2.455
0	-8.505	4.891	2.457
0	-8.500	4.895	2.459
0	-8.495	4.899	2.462
0	-8.491	4.904	2.464
0	-8.486	4.909	2.467
0	-8.480	4.914	2.471
0	-8.475	4.919	2.474
0	-8.469	4.924	2.478
0	-8.465	4.927	2.481
0	-8.461	4.930	2.484
0	-8.457	4.934	2.488
0	-8.452	4.939	2.493
0	-8.448	4.943	2.497
0	-8.444	4.947	2.500
0	-8.439	4.951	2.504
0	-8.433	4.957	2.510
0	-8.429	4.961	2.514
0	-8.424	4.964	2.520
0	-8.418	4.967	2.526
0	-8.414	4.969	2.531
0	-8.409	4.971	2.538
0	-8.404	4.973	2.544
0	-8.400	4.974	2.548
0	-8.397	4.975	2.551
0	-8.395	4.976	2.554
0	-8.388	4.979	2.559
0	-8.381	4.982	2.565
0	-8.376	4.986	2.569
0	-8.371	4.990	2.574
0	-8.367	4.994	2.578
0	-8.363	4.998	2.583
0	-8.362	5.000	2.585
0	-8.358	5.004	2.590
0	-8.356	5.007	2.594
0	-8.353	5.010	2.599
0	-8.351	5.012	2.603
0	-8.350	5.014	2.606
0	-8.347	5.017	2.611
0	-8.343	5.021	2.617
0	-8.339	5.025	2.622
0	-8.334	5.029	2.627
0	-8.330	5.033	2.631
0	-8.327	5.038	2.635
0	-8.323	5.043	2.638
0	-8.320	5.048	2.641
0	-8.317	5.054	2.644
0	-8.314	5.059	2.647
0	-8.312	5.066	2.650
0	-8.311	5.072	2.652
0	-8.311	5.078	2.655
0	-8.310	5.084	2.658
0	-8.310	5.089	2.660
0	-8.311	5.096	2.662
0	-8.311	5.100	2.664
0	-8.312	5.104	2.665
0	-8.312	5.107	2.667
0	-8.312	5.113	2.669
0	-8.313	5.119	2.672
0	-8.313	5.126	2.676
0	-8.312	5.132	2.679
0	-8.312	5.138	2.685
0	-8.311	5.144	2.689
0	-8.311	5.149	2.695
0	-8.310	5.153	2.699
0	-8.310	5.154	2.700
0	-8.309	5.157	2.703
0	-8.309	5.160	2.706
0	-8.309	5.165	2.711
0	-8.309	5.170	2.714
0	-8.309	5.175	2.718
0	-8.310	5.179	2.721
0	-8.310	5.185	2.725
0	-8.311	5.192	2.729
0	-8.311	5.198	2.733
0	-8.311	5.200	2.733
0	-8.312	5.207	2.737
0	-8.312	5.214	2.741
0	-8.312	5.222	2.745
0	-8.313	5.231	2.750
0	-8.313	5.236	2.753
0	-8.314	5.241	2.755
0	-8.314	5.246	2.757
0	-8.315	5.251	2.759
0	-8.316	5.257	2.761
0	-8.317	5.263	2.763
0	-8.318	5.269	2.764
0	-8.320	5.276	2.764
0	-8.322	5.283	2.765
0	-8.325	5.291	2.765
0	-8.329	5.297	2.765
0	-8.330	5.300	2.764
0	-8.332	5.303	2.764
0	-8.334	5.307	2.764
0	-8.337	5.311	2.763
0	-8.341	5.318	2.762
0	-8.346	5.324	2.761
0	-8.352	5.331	2.759
0	-8.356	5.335	2.757
0	-8.359	5.339	2.755
0	-8.363	5.343	2.752
0	-8.367	5.348	2.749
0	-8.372	5.354	2.744
0	-8.376	5.358	2.739
0	-8.380	5.363	2.733
0	-8.383	5.366	2.726
0	-8.386	5.369	2.719
0	-8.388	5.372	2.712
0	-8.391	5.374	2.705
0	-8.393	5.376	2.701
0	-8.395	5.378	2.695
0	-8.397	5.380	2.688
0	-8.400	5.383	2.681
0	-8.402	5.386	2.674
0	-8.404	5.389	2.668
0	-8.406	5.392	2.662
0	-8.408	5.395	2.655
0	-8.411	5.397	2.648
0	-8.413	5.399	2.641
0	-8.416	5.400	2.634
0	-8.418	5.401	2.628
0	-8.421	5.400	2.620
0	-8.423	5.400	2.618
0	-8.424	5.399	2.614
0	-8.426	5.399	2.610
0	-8.429	5.397	2.606
0	-8.431	5.396	2.601
0	-8.435	5.393	2.594
0	-8.437	5.390	2.588
0	-8.439	5.387	2.583
0	-8.441	5.384	2.577
0	-8.443	5.380	2.570
0	-8.444	5.376	2.564
0	-8.447	5.371	2.558
0	-8.449	5.366	2.552
0	-8.452	5.361	2.546
0	-8.453	5.355	2.541
0	-8.454	5.349	2.534
0	-8.455	5.342	2.528
0	-8.455	5.335	2.521
0	-8.455	5.328	2.513
0	-8.455	5.323	2.508
0	-8.455	5.318	2.503
0	-8.455	5.314	2.498
0	-8.454	5.309	2.494
0	-8.454	5.303	2.489
0	-8.453	5.300	2.486
0	-8.453	5.295	2.482
0	-8.453	5.291	2.478
0	-8.453	5.286	2.473
0	-8.453	5.281	2.468
0	-8.452	5.276	2.463
0	-8.451	5.271	2.459
0	-8.450	5.266	2.454
0	-8.448	5.260	2.450
0	-8.444	5.254	2.444
0	-8.441	5.247	2.439
0	-8.438	5.241	2.435
0	-8.434	5.235	2.432
0	-8.431	5.229	2.429
0	-8.426	5.222	2.426
0	-8.422	5.216	2.423
0	-8.418	5.209	2.421
0	-8.414	5.203	2.419
0	-8.410	5.196	2.416
0	-8.406	5.190	2.414
0	-8.403	5.185	2.412
0	-8.401	5.180	2.410
0	-8.399	5.176	2.408
0	-8.397	5.171	2.406
0	-8.393	5.163	2.403
0	-8.390	5.158	2.400
0	-8.388	5.153	2.398
0	-8.386	5.148	2.397
0	-8.383	5.143	2.395
0	-8.380	5.138	2.393
0	-8.377	5.132	2.391
0	-8.373	5.126	2.390
0	-8.370	5.120	2.388
0	-8.367	5.114	2.385
0	-8.362	5.106	2.382
0	-8.360	5.101	2.380
0	-8.357	5.094	2.377
0	-8.353	5.086	2.374
0	-8.351	5.080	2.372
0	-8.349	5.074	2.369
0	-8.346	5.069	2.367
0	-8.343	5.063	2.365
0	-8.340	5.058	2.363
0	-8.335	5.052	2.362
0	-8.330	5.046	2.362
0	-8.325	5.041	2.363
0	-8.320	5.037	2.365
0	-8.314	5.032	2.366
0	-8.308	5.029	2.367
0	-8.302	5.026	2.369
0	-8.296	5.023	2.370
0	-8.290	5.021	2.372
0	-8.284	5.019	2.374
0	-8.279	5.017	2.376
0	-8.272	5.016	2.378
0	-8.266	5.015	2.380
0	-8.257	5.013	2.382
0	-8.250	5.011	2.383
0	-8.244	5.009	2.385
0	-8.239	5.008	2.385
0	-8.232	5.006	2.386
0	-8.224	5.004	2.387
0	-8.218	5.003	2.387
0	-8.213	5.002	2.387
0	-8.206	5.000	2.387
0	-8.204	5.000	2.387
0	-8.201	4.999	2.387
0	-8.200	4.999	2.387
0	-8.199	4.998	2.387
0	-8.193	4.997	2.386
0	-8.188	4.994	2.385
0	-8.183	4.992	2.384
0	-8.178	4.989	2.382
0	-8.173	4.985	2.380
0	-8.169	4.981	2.378
0	-8.165	4.977	2.376
0	-8.161	4.973	2.375
0	-8.157	4.967	2.373
0	-8.153	4.962	2.372
0	-8.149	4.956	2.370
0	-8.146	4.950	2.368
0	-8.142	4.944	2.367
0	-8.139	4.938	2.366
0	-8.135	4.932	2.364
0	-8.130	4.926	2.362
0	-8.124	4.921	2.360
0	-8.119	4.917	2.359
0	-8.114	4.913	2.357
0	-8.107	4.909	2.356
0	-8.102	4.907	2.355
0	-8.100	4.906	2.355
0	-8.094	4.904	2.354
0	-8.088	4.901	2.353
0	-8.082	4.900	2.353
0	-8.076	4.898	2.353
0	-8.070	4.896	2.353
0	-8.064	4.894	2.353
0	-8.058	4.893	2.354
0	-8.053	4.891	2.354
0	-8.048	4.890	2.355
0	-8.044	4.888	2.356
0	-8.039	4.887	2.357
0	-8.032	4.883	2.358
0	-8.026	4.879	2.360
0	-8.021	4.875	2.361
0	-8.016	4.870	2.363
0	-8.012	4.865	2.364
0	-8.008	4.859	2.366
0	-8.005	4.852	2.367
0	-8.002	4.846	2.368
0	-8.000	4.839	2.369
0	-7.998	4.832	2.371
0	-7.997	4.826	2.372
0	-7.997	4.816	2.375
0	-7.996	4.811	2.376
0	-7.997	4.804	2.377
0	-7.997	4.798	2.378
0	-7.997	4.792	2.379
0	-7.997	4.786	2.380
0	-7.997	4.780	2.380
0	-7.997	4.773	2.380
0	-7.997	4.766	2.379
0	-7.996	4.759	2.377
0	-7.995	4.753	2.375
0	-7.995	4.747	2.372
0	-7.993	4.739	2.367
0	-7.992	4.734	2.363
0	-7.991	4.730	2.360
0	-7.989	4.725	2.357
0	-7.985	4.718	2.351
0	-7.982	4.714	2.347
0	-7.978	4.709	2.342
0	-7.973	4.704	2.337
0	-7.970	4.702	2.334
0	-7.968	4.700	2.333
0	-7.967	4.699	2.331
0	-7.965	4.698	2.330
0	-7.963	4.696	2.327
0	-7.957	4.693	2.322
0	-7.952	4.689	2.318
0	-7.947	4.685	2.313
0	-7.942	4.682	2.309
0	-7.936	4.679	2.305
0	-7.930	4.676	2.301
0	-7.925	4.673	2.297
0	-7.920	4.670	2.294
0	-7.915	4.667	2.292
0	-7.909	4.663	2.290
0	-7.905	4.659	2.289
0	-7.902	4.657	2.288
0	-7.900	4.656	2.288
0	-7.899	4.655	2.288
0	-7.898	4.654	2.288
0	-7.895	4.652	2.288
0	-7.890	4.646	2.288
0	-7.885	4.640	2.288
0	-7.881	4.635	2.289
0	-7.877	4.630	2.289
0	-7.874	4.625	2.289
0	-7.871	4.619	2.289
0	-7.867	4.613	2.288
0	-7.865	4.609	2.288
0	-7.863	4.604	2.287
0	-7.862	4.601	2.287
0	-7.862	4.600	2.286
0	-7.861	4.599	2.286
0	-7.861	4.597	2.286
0	-7.860	4.594	2.286
0	-7.858	4.588	2.286
0	-7.856	4.581	2.286
0	-7.855	4.575	2.288
0	-7.853	4.570	2.290
0	-7.851	4.564	2.292
0	-7.849	4.558	2.295
0	-7.847	4.553	2.299
0	-7.847	4.552	2.300
0	-7.846	4.551	2.301
0	-7.846	4.550	2.302
0	-7.845	4.548	2.303
0	-7.844	4.544	2.306
0	-7.842	4.540	2.310
0	-7.840	4.536	2.313
0	-7.837	4.531	2.317
0	-7.833	4.526	2.321
0	-7.830	4.521	2.324
0	-7.826	4.516	2.327
0	-7.823	4.512	2.329
0	-7.820	4.506	2.332
0	-7.818	4.503	2.333
0	-7.816	4.501	2.334
0	-7.816	4.500	2.334
0	-7.815	4.499	2.335
0	-7.814	4.498	2.335
0	-7.811	4.493	2.337
0	-7.808	4.489	2.340
0	-7.803	4.482	2.345
0	-7.799	4.477	2.349
0	-7.794	4.472	2.354
0	-7.790	4.467	2.359
0	-7.786	4.463	2.363
0	-7.783	4.460	2.367
0	-7.780	4.457	2.371
0	-7.777	4.454	2.375
0	-7.774	4.451	2.379
0	-7.770	4.448	2.385
0	-7.767	4.444	2.390
0	-7.764	4.440	2.396
0	-7.762	4.438	2.402
0	-7.761	4.435	2.408
0	-7.761	4.433	2.414
0	-7.762	4.430	2.422
0	-7.764	4.429	2.428
0	-7.766	4.429	2.434
0	-7.769	4.429	2.440
0	-7.772	4.429	2.446
0	-7.776	4.430	2.451
0	-7.781	4.430	2.457
0	-7.785	4.430	2.461
0	-7.789	4.431	2.464
0	-7.795	4.431	2.468
0	-7.803	4.430	2.472
0	-7.812	4.427	2.474
0	-7.820	4.423	2.476
0	-7.827	4.418	2.476
0	-7.833	4.413	2.476
0	-7.838	4.407	2.476
0	-7.842	4.401	2.475
0	-7.844	4.398	2.475
0	-7.846	4.396	2.474
0	-7.850	4.391	2.474
0	-7.855	4.385	2.473
0	-7.861	4.380	2.471
0	-7.867	4.375	2.470
0	-7.874	4.370	2.468
0	-7.880	4.366	2.467
0	-7.887	4.363	2.466
0	-7.895	4.359	2.465
0	-7.903	4.357	2.464
0	-7.907	4.355	2.464
0	-7.913	4.354	2.463
0	-7.918	4.354	2.463
0	-7.924	4.353	2.463
0	-7.930	4.353	2.463
0	-7.936	4.354	2.463
0	-7.942	4.355	2.464
0	-7.949	4.356	2.465
0	-7.956	4.358	2.466
0	-7.962	4.360	2.468
0	-7.968	4.362	2.470
0	-7.973	4.365	2.473
0	-7.980	4.368	2.476
0	-7.986	4.372	2.480
0	-7.991	4.376	2.483
0	-7.995	4.380	2.487
0	-7.998	4.384	2.491
0	-8.002	4.388	2.496
0	-8.005	4.391	2.500
0	-8.008	4.394	2.506
0	-8.010	4.397	2.512
0	-8.012	4.399	2.518
0	-8.012	4.400	2.521
0	-8.013	4.400	2.522
0	-8.013	4.401	2.524
0	-8.015	4.403	2.530
0	-8.017	4.405	2.538
0	-8.018	4.406	2.542
0	-8.021	4.408	2.548
0	-8.023	4.410	2.554
0	-8.026	4.413	2.560
0	-8.030	4.417	2.565
0	-8.033	4.421	2.570
0	-8.037	4.427	2.575
0	-8.041	4.431	2.578
0	-8.044	4.437	2.580
0	-8.048	4.444	2.582
0	-8.052	4.450	2.582
0	-8.055	4.455	2.582
0	-8.059	4.461	2.582
0	-8.064	4.466	2.581
0	-8.068	4.471	2.579
0	-8.074	4.475	2.578
0	-8.079	4.479	2.576
0	-8.084	4.482	2.574
0	-8.090	4.486	2.572
0	-8.096	4.490	2.569
0	-8.102	4.494	2.565
0	-8.106	4.497	2.563
0	-8.111	4.501	2.560
0	-8.116	4.505	2.557
0	-8.121	4.509	2.555
0	-8.125	4.514	2.554
0	-8.130	4.518	2.553
0	-8.135	4.523	2.552
0	-8.139	4.526	2.551
0	-8.143	4.531	2.550
0	-8.147	4.535	2.549
0	-8.151	4.541	2.548
0	-8.155	4.546	2.546
0	-8.159	4.551	2.544
0	-8.162	4.556	2.542
0	-8.165	4.561	2.540
0	-8.168	4.566	2.537
0	-8.171	4.572	2.535
0	-8.175	4.578	2.532
0	-8.178	4.583	2.529
0	-8.181	4.590	2.525
0	-8.184	4.595	2.521
0	-8.186	4.599	2.519
0	-8.186	4.600	2.518
0	-8.188	4.602	2.516
0	-8.189	4.605	2.514
0	-8.190	4.608	2.511
0	-8.193	4.614	2.506
0	-8.195	4.619	2.502
0	-8.196	4.621	2.500
0	-8.199	4.628	2.496
0	-8.201	4.634	2.492
0	-8.204	4.639	2.488
0	-8.207	4.645	2.485
0	-8.209	4.650	2.482
0	-8.213	4.656	2.479
0	-8.218	4.663	2.476
0	-8.222	4.667	2.474
0	-8.227	4.672	2.473
0	-8.231	4.677	2.472
0	-8.236	4.681	2.471
0	-8.242	4.686	2.470
0	-8.248	4.689	2.468
0	-8.254	4.693	2.466
0	-8.262	4.695	2.463
0	-8.268	4.696	2.461
0	-8.275	4.696	2.458
0	-8.280	4.696	2.455
0	-8.285	4.695	2.453
0	-8.289	4.694	2.450
0	-8.294	4.692	2.447
0	-8.299	4.690	2.443
0	-8.300	4.690	2.442
0	-8.302	4.689	2.439
0	-8.305	4.688	2.437
0	-8.308	4.686	2.434
0	-8.312	4.685	2.430
0	-8.316	4.682	2.425
0	-8.321	4.679	2.419
0	-8.325	4.675	2.413
0	-8.328	4.671	2.409
0	-8.332	4.667	2.405
0	-8.335	4.661	2.400
0	-8.338	4.656	2.397
0	-8.340	4.650	2.394
0	-8.342	4.645	2.391
0	-8.345	4.638	2.389
0	-8.347	4.630	2.386
0	-8.350	4.624	2.384
0	-8.352	4.618	2.382
0	-8.354	4.611	2.380
0	-8.356	4.605	2.378
0	-8.358	4.598	2.375
0	-8.360	4.590	2.373
0	-8.361	4.583	2.372
0	-8.363	4.575	2.371
0	-8.365	4.570	2.371
0	-8.366	4.564	2.371
0	-8.369	4.558	2.371
0	-8.371	4.553	2.372
0	-8.374	4.547	2.372
0	-8.378	4.539	2.373
0	-8.384	4.532	2.374
0	-8.388	4.525	2.375
0	-8.394	4.518	2.377
0	-8.399	4.511	2.378
0	-8.402	4.508	2.378
0	-8.404	4.505	2.379
0	-8.409	4.501	2.380
0	-8.412	4.497	2.381
0	-8.415	4.494	2.382
0	-8.418	4.489	2.383
0	-8.421	4.484	2.385
0	-8.425	4.477	2.388
0	-8.429	4.470	2.392
0	-8.432	4.465	2.395
0	-8.434	4.461	2.398
0	-8.436	4.456	2.401
0	-8.438	4.452	2.405
0	-8.440	4.447	2.409
0	-8.442	4.444	2.413
0	-8.445	4.441	2.417
0	-8.450	4.437	2.424
0	-8.453	4.434	2.429
0	-8.457	4.432	2.435
0	-8.461	4.430	2.440
0	-8.465	4.429	2.445
0	-8.469	4.428	2.451
0	-8.473	4.427	2.458
0	-8.477	4.426	2.464
0	-8.480	4.426	2.471
0	-8.485	4.425	2.480
0	-8.489	4.425	2.488
0	-8.494	4.425	2.496
0	-8.498	4.425	2.504
0	-8.502	4.427	2.511
0	-8.505	4.428	2.517
0	-8.507	4.430	2.524
0	-8.510	4.432	2.530
0	-8.513	4.436	2.539
0	-8.516	4.440	2.546
0	-8.518	4.443	2.552
0	-8.521	4.447	2.558
0	-8.523	4.451	2.564
0	-8.527	4.455	2.570
0	-8.531	4.459	2.575
0	-8.536	4.464	2.580
0	-8.541	4.467	2.583
0	-8.545	4.470	2.585
0	-8.551	4.474	2.587
0	-8.558	4.479	2.588
0	-8.562	4.482	2.588
0	-8.566	4.485	2.588
0	-8.571	4.490	2.588
0	-8.578	4.496	2.588
0	-8.584	4.501	2.589
0	-8.591	4.506	2.590
0	-8.596	4.510	2.591
0	-8.601	4.515	2.592
0	-8.606	4.519	2.593
0	-8.611	4.524	2.594
0	-8.617	4.530	2.595
0	-8.622	4.536	2.596
0	-8.627	4.541	2.595
0	-8.633	4.546	2.595
0	-8.638	4.551	2.594
0	-8.642	4.555	2.592
0	-8.647	4.560	2.591
0	-8.651	4.563	2.590
0	-8.656	4.566	2.588
0	-8.662	4.571	2.587
0	-8.668	4.574	2.585
0	-8.674	4.577	2.584
0	-8.680	4.580	2.583
0	-8.686	4.583	2.582
0	-8.693	4.586	2.580
0	-8.700	4.589	2.578
0	-8.707	4.592	2.575
0	-8.714	4.595	2.573
0	-8.719	4.597	2.571
0	-8.727	4.599	2.568
0	-8.730	4.600	2.567
0	-8.734	4.601	2.566
0	-8.738	4.601	2.566
0	-8.743	4.602	2.565
0	-8.751	4.603	2.564
0	-8.759	4.603	2.563
0	-8.763	4.603	2.563
0	-8.768	4.602	2.563
0	-8.772	4.601	2.563
0	-8.778	4.600	2.564
0	-8.783	4.599	2.564
0	-8.788	4.597	2.564
0	-8.793	4.595	2.563
0	-8.800	4.593	2.563
0	-8.803	4.593	2.562
0	-8.807	4.592	2.562
0	-8.811	4.590	2.561
0	-8.818	4.589	2.559
0	-8.824	4.588	2.557
0	-8.830	4.588	2.555
0	-8.838	4.588	2.553
0	-8.844	4.588	2.551
0	-8.850	4.588	2.550
0	-8.855	4.588	2.550
0	-8.862	4.588	2.549
0	-8.872	4.587	2.550
0	-8.881	4.586	2.552
0	-8.887	4.586	2.554
0	-8.894	4.585	2.557
0	-8.899	4.584	2.560
0	-8.905	4.583	2.563
0	-8.909	4.582	2.566
0	-8.916	4.582	2.570
0	-8.921	4.581	2.575
0	-8.927	4.581	2.580
0	-8.933	4.582	2.585
0	-8.940	4.583	2.591
0	-8.946	4.584	2.598
0	-8.951	4.586	2.603
0	-8.958	4.588	2.611
0	-8.965	4.591	2.618
0	-8.971	4.594	2.623
0	-8.976	4.596	2.629
0	-8.982	4.599	2.635
0	-8.987	4.601	2.640
0	-8.992	4.602	2.646
0	-8.996	4.603	2.651
0	-9.000	4.604	2.655
0	-9.003	4.604	2.659
0	-9.009	4.605	2.664
0	-9.014	4.605	2.669
0	-9.019	4.606	2.673
0	-9.025	4.606	2.677
0	-9.032	4.607	2.681
0	-9.037	4.607	2.684
0	-9.043	4.606	2.687
0	-9.049	4.606	2.691
0	-9.055	4.604	2.695
0	-9.063	4.603	2.699
0	-9.067	4.601	2.702
0	-9.073	4.600	2.706
0	-9.078	4.597	2.710
0	-9.084	4.595	2.715
0	-9.090	4.592	2.720
0	-9.094	4.590	2.723
0	-9.099	4.587	2.727
0	-9.103	4.585	2.731
0	-9.106	4.583	2.735
0	-9.111	4.580	2.740
0	-9.116	4.577	2.746
0	-9.121	4.575	2.751
0	-9.126	4.574	2.758
0	-9.131	4.573	2.764
0	-9.135	4.572	2.770
0	-9.139	4.572	2.776
0	-9.144	4.572	2.782
0	-9.149	4.572	2.788
0	-9.156	4.572	2.795
0	-9.161	4.571	2.800
0	-9.168	4.569	2.806
0	-9.175	4.567	2.812
0	-9.182	4.565	2.819
0	-9.188	4.563	2.823
0	-9.193	4.562	2.828
0	-9.198	4.561	2.832
0	-9.203	4.560	2.837
0	-9.207	4.559	2.841
0	-9.212	4.558	2.846
0	-9.219	4.558	2.852
0	-9.225	4.559	2.858
0	-9.232	4.559	2.864
0	-9.238	4.560	2.869
0	-9.244	4.561	2.874
0	-9.250	4.561	2.879
0	-9.256	4.562	2.885
0	-9.262	4.563	2.890
0	-9.268	4.564	2.894
0	-9.274	4.565	2.898
0	-9.280	4.567	2.900
0	-9.286	4.568	2.902
0	-9.294	4.570	2.903
0	-9.302	4.572	2.904
0	-9.308	4.573	2.904
0	-9.314	4.574	2.903
0	-9.322	4.577	2.902
0	-9.326	4.578	2.901
0	-9.327	4.578	2.900
0	-9.331	4.579	2.899
0	-9.334	4.580	2.898
0	-9.342	4.581	2.895
0	-9.349	4.582	2.893
0	-9.357	4.582	2.891
0	-9.365	4.582	2.888
0	-9.372	4.582	2.886
0	-9.380	4.582	2.884
0	-9.388	4.583	2.883
0	-9.396	4.583	2.881
0	-9.404	4.584	2.880
0	-9.412	4.585	2.879
0	-9.419	4.586	2.878
0	-9.427	4.587	2.878
0	-9.434	4.589	2.877
0	-9.441	4.591	2.877
0	-9.448	4.592	2.877
0	-9.455	4.594	2.877
0	-9.462	4.595	2.878
0	-9.469	4.596	2.878
0	-9.476	4.596	2.878
0	-9.483	4.596	2.879
0	-9.490	4.596	2.880
0	-9.497	4.596	2.881
0	-9.504	4.595	2.882
0	-9.511	4.594	2.884
0	-9.518	4.593	2.885
0	-9.526	4.591	2.886
0	-9.531	4.590	2.887
0	-9.538	4.588	2.889
0	-9.544	4.586	2.890
0	-9.550	4.584	2.892
0	-9.555	4.581	2.894
0	-9.561	4.578	2.897
0	-9.567	4.575	2.901
0	-9.574	4.572	2.905
0	-9.579	4.570	2.909
0	-9.585	4.568	2.913
0	-9.591	4.567	2.918
0	-9.597	4.567	2.923
0	-9.600	4.567	2.926
0	-9.604	4.567	2.929
0	-9.608	4.567	2.934
0	-9.615	4.567	2.940
0	-9.620	4.568	2.946
0	-9.625	4.570	2.952
0	-9.629	4.572	2.959
0	-9.633	4.574	2.966
0	-9.636	4.577	2.974
0	-9.639	4.580	2.982
0	-9.641	4.584	2.990
0	-9.642	4.587	2.996
0	-9.643	4.589	2.999
0	-9.643	4.592	3.005
0	-9.643	4.595	3.011
0	-9.642	4.599	3.017
0	-9.640	4.603	3.023
0	-9.638	4.607	3.029
0	-9.636	4.611	3.034
0	-9.634	4.615	3.040
0	-9.631	4.619	3.046
0	-9.628	4.623	3.052
0	-9.625	4.627	3.058
0	-9.622	4.632	3.066
0	-9.619	4.636	3.072
0	-9.616	4.639	3.077
0	-9.613	4.643	3.083
0	-9.610	4.647	3.089
0	-9.607	4.652	3.095
0	-9.603	4.656	3.099
0	-9.600	4.661	3.103
0	-9.596	4.666	3.107
0	-9.592	4.671	3.111
0	-9.588	4.676	3.115
0	-9.584	4.681	3.118
0	-9.580	4.688	3.122
0	-9.577	4.693	3.125
0	-9.574	4.699	3.129
0	-9.572	4.704	3.132
0	-9.570	4.709	3.134
0	-9.568	4.716	3.138
0	-9.566	4.723	3.141
0	-9.565	4.730	3.145
0	-9.564	4.736	3.148
0	-9.563	4.741	3.152
0	-9.561	4.748	3.156
0	-9.560	4.755	3.162
0	-9.559	4.759	3.167
0	-9.557	4.763	3.172
0	-9.556	4.767	3.176
0	-9.555	4.771	3.180
0	-9.554	4.774	3.184
0	-9.552	4.779	3.190
0	-9.550	4.785	3.196
0	-9.548	4.791	3.202
0	-9.546	4.797	3.207
0	-9.544	4.803	3.212
0	-9.543	4.810	3.216
0	-9.542	4.816	3.219
0	-9.542	4.823	3.221
0	-9.542	4.830	3.223
0	-9.543	4.837	3.224
0	-9.544	4.845	3.225
0	-9.544	4.852	3.226
0	-9.545	4.860	3.226
0	-9.545	4.867	3.225
0	-9.545	4.874	3.225
0	-9.545	4.882	3.223
0	-9.545	4.888	3.222
0	-9.545	4.894	3.221
0	-9.545	4.899	3.220
0	-9.545	4.903	3.220
0	-9.544	4.908	3.219
0	-9.544	4.913	3.219
0	-9.544	4.920	3.218
0	-9.543	4.928	3.217
0	-9.542	4.934	3.216
0	-9.542	4.940	3.216
0	-9.541	4.946	3.216
0	-9.541	4.952	3.215
0	-9.540	4.959	3.215
0	-9.540	4.966	3.215
0	-9.540	4.975	3.216
0	-9.539	4.984	3.217
0	-9.538	4.992	3.219
0	-9.538	5.000	3.222
0	-9.538	5.008	3.225
0	-9.538	5.018	3.229
0	-9.538	5.026	3.232
0	-9.539	5.034	3.235
0	-9.541	5.042	3.238
0	-9.542	5.047	3.240
0	-9.545	5.056	3.243
0	-9.548	5.063	3.246
0	-9.551	5.070	3.248
0	-9.555	5.077	3.249
0	-9.559	5.083	3.251
0	-9.563	5.089	3.251
0	-9.568	5.096	3.252
0	-9.570	5.099	3.253
0	-9.574	5.104	3.253
0	-9.578	5.109	3.254
0	-9.583	5.115	3.254
0	-9.588	5.121	3.255
0	-9.593	5.127	3.255
0	-9.598	5.132	3.256
0	-9.600	5.134	3.256
0	-9.604	5.138	3.257
0	-9.608	5.142	3.257
0	-9.614	5.147	3.258
0	-9.620	5.151	3.259
0	-9.626	5.156	3.260
0	-9.632	5.161	3.260
0	-9.639	5.165	3.261
0	-9.646	5.170	3.262
0	-9.654	5.175	3.263
0	-9.660	5.178	3.264
0	-9.666	5.182	3.265
0	-9.672	5.186	3.266
0	-9.680	5.191	3.267
0	-9.688	5.196	3.269
0	-9.694	5.200	3.270
0	-9.700	5.204	3.271
0	-9.705	5.207	3.271
0	-9.711	5.211	3.272
0	-9.718	5.215	3.274
0	-9.724	5.219	3.276
0	-9.731	5.224	3.278
0	-9.739	5.229	3.280
0	-9.746	5.234	3.282
0	-9.751	5.238	3.284
0	-9.758	5.242	3.286
0	-9.765	5.246	3.288
0	-9.772	5.249	3.291
0	-9.779	5.252	3.293
0	-9.786	5.255	3.295
0	-9.792	5.258	3.296
0	-9.799	5.261	3.297
0	-9.805	5.264	3.298
0	-9.812	5.267	3.299
0	-9.819	5.270	3.300
0	-9.823	5.271	3.300
0	-9.829	5.274	3.300
0	-9.835	5.276	3.300
0	-9.840	5.278	3.299
0	-9.847	5.280	3.298
0	-9.853	5.282	3.297
0	-9.862	5.284	3.296
0	-9.872	5.287	3.294
0	-9.885	5.290	3.291
0	-9.898	5.294	3.288
0	-9.900	5.295	3.287
0	-9.906	5.297	3.286
0	-9.912	5.299	3.285
0	-9.918	5.302	3.283
0	-9.923	5.304	3.282
0	-9.932	5.307	3.279
0	-9.940	5.309	3.277
0	-9.947	5.311	3.276
0	-9.954	5.313	3.274
0	-9.962	5.315	3.272
0	-9.968	5.316	3.270
0	-9.974	5.317	3.269
0	-9.981	5.318	3.266
0	-9.989	5.319	3.264
0	-9.999	5.321	3.260
0	-10.005	5.322	3.257
0	-10.010	5.323	3.254
0	-10.016	5.324	3.250
0	-10.022	5.325	3.246
0	-10.031	5.327	3.240
0	-10.038	5.330	3.235
0	-10.045	5.333	3.230
0	-10.051	5.336	3.226
0	-10.055	5.339	3.222
0	-10.061	5.342	3.217
0	-10.066	5.347	3.211
0	-10.071	5.351	3.207
0	-10.076	5.355	3.202
0	-10.078	5.357	3.200
0	-10.081	5.360	3.197
0	-10.085	5.363	3.194
0	-10.090	5.366	3.190
0	-10.097	5.369	3.186
0	-10.102	5.371	3.182
0	-10.109	5.373	3.178
0	-10.115	5.374	3.174
0	-10.122	5.374	3.170
0	-10.130	5.375	3.166
0	-10.138	5.375	3.162
0	-10.144	5.375	3.159
0	-10.150	5.375	3.156
0	-10.158	5.375	3.152
0	-10.164	5.374	3.150
0	-10.170	5.373	3.148
0	-10.176	5.371	3.147
0	-10.183	5.369	3.145
0	-10.189	5.367	3.144
0	-10.196	5.364	3.142
0	-10.203	5.361	3.141
0	-10.210	5.357	3.140
0	-10.216	5.352	3.139
0	-10.223	5.347	3.138
0	-10.229	5.342	3.137
0	-10.235	5.337	3.136
0	-10.242	5.332	3.136
0	-10.250	5.327	3.135
0	-10.258	5.323	3.136
0	-10.266	5.320	3.136
0	-10.272	5.318	3.137
0	-10.278	5.316	3.138
0	-10.284	5.314	3.139
0	-10.291	5.311	3.141
0	-10.296	5.310	3.142
0	-10.300	5.308	3.143
0	-10.305	5.306	3.145
0	-10.311	5.304	3.146
0	-10.317	5.302	3.148
0	-10.320	5.300	3.150
0	-10.327	5.297	3.153
0	-10.335	5.292	3.157
0	-10.342	5.288	3.163
0	-10.349	5.283	3.169
0	-10.354	5.280	3.175
0	-10.359	5.277	3.182
0	-10.363	5.275	3.188
0	-10.367	5.272	3.195
0	-10.371	5.269	3.202
0	-10.376	5.266	3.210
0	-10.380	5.264	3.216
0	-10.383	5.261	3.221
0	-10.387	5.259	3.228
0	-10.391	5.255	3.235
0	-10.395	5.252	3.243
0	-10.398	5.249	3.249
0	-10.400	5.248	3.251
0	-10.403	5.246	3.256
0	-10.406	5.243	3.262
0	-10.411	5.239	3.268
0	-10.415	5.235	3.275
0	-10.419	5.231	3.280
0	-10.424	5.226	3.286
0	-10.429	5.222	3.291
0	-10.433	5.218	3.296
0	-10.438	5.214	3.300
0	-10.443	5.209	3.304
0	-10.449	5.204	3.308
0	-10.453	5.201	3.311
0	-10.458	5.196	3.314
0	-10.462	5.192	3.317
0	-10.468	5.186	3.321
0	-10.474	5.181	3.324
0	-10.480	5.175	3.328
0	-10.485	5.169	3.332
0	-10.492	5.163	3.335
0	-10.498	5.158	3.339
0	-10.506	5.151	3.343
0	-10.514	5.145	3.347
0	-10.520	5.139	3.351
0	-10.526	5.132	3.354
0	-10.530	5.126	3.358
0	-10.535	5.119	3.361
0	-10.539	5.112	3.365
0	-10.542	5.106	3.369
0	-10.546	5.099	3.373
0	-10.550	5.091	3.377
0	-10.553	5.084	3.380
0	-10.556	5.077	3.384
0	-10.559	5.070	3.388
0	-10.561	5.062	3.392
0	-10.564	5.054	3.396
0	-10.565	5.045	3.399
0	-10.566	5.043	3.400
0	-10.567	5.037	3.402
0	-10.569	5.032	3.404
0	-10.570	5.026	3.406
0	-10.572	5.019	3.408
0	-10.574	5.012	3.410
0	-10.575	5.004	3.413
0	-10.577	4.996	3.416
0	-10.580	4.986	3.419
0	-10.582	4.980	3.422
0	-10.584	4.973	3.424
0	-10.586	4.966	3.427
0	-10.589	4.959	3.430
0	-10.591	4.951	3.432
0	-10.593	4.944	3.435
0	-10.596	4.936	3.437
0	-10.600	4.928	3.440
0	-10.603	4.921	3.442
0	-10.607	4.915	3.445
0	-10.611	4.908	3.448
0	-10.615	4.902	3.451
0	-10.616	4.900	3.451
0	-10.619	4.894	3.455
0	-10.622	4.888	3.458
0	-10.625	4.881	3.462
0	-10.628	4.875	3.466
0	-10.630	4.869	3.470
0	-10.633	4.861	3.475
0	-10.635	4.854	3.481
0	-10.637	4.848	3.486
0	-10.638	4.841	3.492
0	-10.640	4.834	3.499
0	-10.641	4.829	3.504
0	-10.642	4.824	3.509
0	-10.643	4.818	3.515
0	-10.645	4.811	3.522
0	-10.647	4.805	3.528
0	-10.649	4.799	3.533
0	-10.651	4.794	3.538
0	-10.653	4.789	3.543
0	-10.656	4.783	3.549
0	-10.658	4.778	3.554
0	-10.661	4.772	3.560
0	-10.664	4.766	3.565
0	-10.668	4.761	3.571
0	-10.671	4.756	3.576
0	-10.675	4.751	3.582
0	-10.678	4.746	3.588
0	-10.682	4.741	3.593
0	-10.686	4.735	3.600
0	-10.690	4.730	3.605
0	-10.694	4.725	3.612
0	-10.699	4.720	3.618
0	-10.703	4.715	3.625
0	-10.708	4.709	3.633
0	-10.711	4.705	3.639
0	-10.714	4.701	3.646
0	-10.715	4.700	3.648
0	-10.716	4.698	3.651
0	-10.718	4.696	3.655
0	-10.720	4.694	3.660
0	-10.723	4.691	3.666
0	-10.726	4.686	3.674
0	-10.730	4.683	3.680
0	-10.733	4.679	3.687
0	-10.737	4.675	3.693
0	-10.741	4.671	3.699
0	-10.745	4.667	3.706
0	-10.749	4.663	3.712
0	-10.752	4.659	3.719
0	-10.755	4.656	3.727
0	-10.758	4.653	3.735
0	-10.760	4.650	3.745
0	-10.761	4.648	3.752
0	-10.763	4.645	3.760
0	-10.764	4.643	3.769
0	-10.765	4.640	3.778
0	-10.765	4.639	3.784
0	-10.766	4.637	3.791
0	-10.766	4.635	3.797
0	-10.766	4.633	3.803
0	-10.767	4.631	3.810
0	-10.767	4.629	3.819
0	-10.767	4.628	3.827
0	-10.768	4.627	3.836
0	-10.768	4.626	3.844
0	-10.769	4.626	3.853
0	-10.769	4.627	3.860
0	-10.769	4.628	3.868
0	-10.770	4.630	3.880
0	-10.770	4.631	3.889
0	-10.771	4.632	3.897
0	-10.772	4.633	3.905
0	-10.774	4.633	3.912
0	-10.775	4.634	3.921
0	-10.777	4.634	3.929
0	-10.779	4.634	3.938
0	-10.781	4.633	3.948
0	-10.783	4.633	3.957
0	-10.785	4.632	3.967
0	-10.788	4.632	3.982
0	-10.790	4.632	3.990
0	-10.792	4.632	3.997
0	-10.792	4.632	4.000
0	-10.794	4.631	4.004
0	-10.795	4.631	4.009
0	-10.797	4.631	4.016
0	-10.799	4.630	4.023
0	-10.801	4.630	4.032
0	-10.804	4.630	4.041
0	-10.807	4.629	4.051
0	-10.810	4.629	4.060
0	-10.813	4.629	4.068
0	-10.816	4.629	4.077
0	-10.819	4.628	4.086
0	-10.823	4.628	4.095
0	-10.824	4.627	4.099
0	-10.827	4.627	4.106
0	-10.829	4.626	4.112
0	-10.832	4.625	4.120
0	-10.834	4.623	4.128
0	-10.837	4.622	4.136
0	-10.839	4.620	4.144
0	-10.841	4.618	4.153
0	-10.843	4.615	4.162
0	-10.844	4.612	4.173
0	-10.846	4.608	4.185
0	-10.847	4.604	4.196
0	-10.848	4.602	4.205
0	-10.848	4.600	4.213
0	-10.849	4.598	4.221
0	-10.849	4.596	4.230
0	-10.849	4.595	4.238
0	-10.848	4.593	4.248
0	-10.848	4.592	4.258
0	-10.846	4.591	4.268
0	-10.845	4.590	4.276
0	-10.843	4.590	4.285
0	-10.841	4.590	4.293
0	-10.839	4.590	4.300
0	-10.837	4.592	4.309
0	-10.834	4.594	4.319
0	-10.832	4.596	4.328
0	-10.830	4.599	4.336
0	-10.829	4.600	4.339
0	-10.828	4.601	4.344
0	-10.827	4.603	4.348
0	-10.826	4.606	4.355
0	-10.824	4.609	4.364
0	-10.821	4.612	4.372
0	-10.818	4.616	4.383
0	-10.815	4.621	4.394
0	-10.814	4.623	4.399
0	-10.812	4.625	4.404
0	-10.811	4.628	4.409
0	-10.810	4.631	4.416
0	-10.808	4.635	4.423
0	-10.806	4.641	4.432
0	-10.804	4.647	4.441
0	-10.802	4.653	4.450
0	-10.800	4.656	4.456
0	-10.800	4.657	4.457
0	-10.799	4.661	4.463
0	-10.798	4.665	4.469
0	-10.796	4.670	4.477
0	-10.794	4.674	4.485
0	-10.791	4.681	4.496
0	-10.790	4.683	4.499
0	-10.789	4.686	4.504
0	-10.788	4.690	4.509
0	-10.787	4.694	4.516
0	-10.786	4.700	4.524
0	-10.784	4.707	4.531
0	-10.784	4.714	4.538
0	-10.784	4.719	4.544
0	-10.784	4.726	4.550
0	-10.785	4.732	4.556
0	-10.786	4.738	4.562
0	-10.788	4.746	4.569
0	-10.792	4.754	4.576
0	-10.795	4.761	4.581
0	-10.798	4.767	4.587
0	-10.800	4.770	4.589
0	-10.804	4.776	4.594
0	-10.808	4.782	4.599
0	-10.812	4.788	4.604
0	-10.815	4.793	4.608
0	-10.821	4.800	4.614
0	-10.828	4.810	4.621
0	-10.833	4.816	4.627
0	-10.839	4.824	4.633
0	-10.844	4.831	4.639
0	-10.850	4.838	4.645
0	-10.855	4.844	4.651
0	-10.861	4.851	4.657
0	-10.867	4.857	4.664
0	-10.874	4.864	4.670
0	-10.882	4.870	4.678
0	-10.888	4.875	4.684
0	-10.894	4.880	4.690
0	-10.899	4.884	4.696
0	-10.903	4.886	4.700
0	-10.908	4.890	4.704
0	-10.913	4.893	4.709
0	-10.919	4.897	4.716
0	-10.926	4.902	4.723
0	-10.933	4.907	4.731
0	-10.940	4.911	4.738
0	-10.948	4.916	4.746
0	-10.959	4.923	4.755
0	-10.967	4.928	4.763
0	-10.974	4.933	4.770
0	-10.983	4.939	4.780
0	-10.989	4.944	4.786
0	-10.996	4.949	4.794
0	-11.001	4.953	4.799
0	-11.008	4.958	4.806
0	-11.014	4.964	4.813
0	-11.020	4.969	4.820
0	-11.028	4.976	4.828
0	-11.036	4.982	4.836
0	-11.045	4.988	4.844
0	-11.053	4.993	4.851
0	-11.060	4.998	4.857
0	-11.064	5.000	4.860
0	-11.068	5.002	4.864
0	-11.073	5.005	4.868
0	-11.079	5.008	4.873
0	-11.086	5.012	4.880
0	-11.095	5.017	4.888
0	-11.102	5.022	4.895
0	-11.108	5.025	4.899
0	-11.114	5.029	4.905
0	-11.120	5.034	4.911
0	-11.127	5.039	4.916
0	-11.134	5.044	4.923
0	-11.140	5.049	4.930
0	-11.147	5.054	4.938
0	-11.153	5.059	4.945
0	-11.158	5.063	4.952
0	-11.164	5.067	4.959
0	-11.169	5.071	4.966
0	-11.175	5.076	4.974
0	-11.181	5.081	4.983
0	-11.186	5.086	4.992
0	-11.190	5.090	4.999
0	-11.194	5.094	5.006
0	-11.198	5.099	5.014
0	-11.204	5.106	5.025
0	-11.208	5.111	5.033
0	-11.211	5.117	5.041
0	-11.215	5.121	5.049
0	-11.219	5.126	5.057
0	-11.223	5.132	5.066
0	-11.228	5.137	5.075
0	-11.233	5.143	5.085
0	-11.239	5.149	5.095
0	-11.245	5.155	5.104
0	-11.252	5.161	5.115
0	-11.258	5.166	5.122
0	-11.264	5.170	5.131
0	-11.271	5.175	5.141
0	-11.278	5.180	5.150
0	-11.285	5.186	5.160
0	-11.290	5.190	5.168
0	-11.296	5.194	5.177
0	-11.300	5.197	5.183
0	-11.303	5.200	5.190
0	-11.307	5.203	5.197
0	-11.311	5.207	5.205
0	-11.315	5.210	5.212
0	-11.320	5.215	5.224
0	-11.325	5.221	5.235
0	-11.329	5.225	5.244
0	-11.334	5.230	5.254
0	-11.340	5.236	5.265
0	-11.347	5.243	5.277
0	-11.354	5.249	5.288
0	-11.360	5.254	5.297
0	-11.366	5.258	5.305
0	-11.371	5.263	5.313
0	-11.377	5.267	5.321
0	-11.382	5.271	5.329
0	-11.388	5.276	5.337
0	-11.394	5.282	5.346
0	-11.400	5.287	5.356
0	-11.405	5.292	5.364
0	-11.411	5.297	5.374
0	-11.414	5.300	5.380
0	-11.419	5.305	5.390
0	-11.425	5.309	5.400
0	-11.431	5.315	5.412
0	-11.437	5.320	5.422
0	-11.442	5.325	5.432
0	-11.448	5.331	5.442
0	-11.453	5.336	5.452
0	-11.459	5.341	5.461
0	-11.464	5.346	5.470
0	-11.470	5.351	5.479
0	-11.476	5.357	5.489
0	-11.483	5.363	5.499
0	-11.489	5.368	5.508
0	-11.496	5.373	5.517
0	-11.504	5.379	5.528
0	-11.514	5.386	5.541
0	-11.524	5.393	5.554
0	-11.531	5.398	5.564
0	-11.539	5.402	5.574
0	-11.547	5.408	5.584
0	-11.554	5.412	5.594
0	-11.564	5.419	5.605
0	-11.574	5.426	5.617
0	-11.583	5.433	5.627
0	-11.593	5.440	5.638
0	-11.599	5.444	5.644
0	-11.606	5.449	5.652
0	-11.615	5.456	5.660
0	-11.624	5.463	5.668
0	-11.634	5.470	5.677
0	-11.643	5.476	5.684
0	-11.653	5.483	5.691
0	-11.661	5.489	5.699
0	-11.670	5.495	5.706
0	-11.679	5.501	5.713
0	-11.687	5.507	5.719
0	-11.696	5.514	5.727
0	-11.700	5.516	5.730
0	-11.706	5.520	5.735
0	-11.713	5.525	5.740
0	-11.721	5.530	5.747
0	-11.729	5.535	5.754
0	-11.737	5.541	5.760
0	-11.748	5.547	5.769
0	-11.758	5.553	5.777
0	-11.768	5.558	5.786
0	-11.778	5.564	5.794
0	-11.785	5.567	5.800
0	-11.793	5.572	5.806
0	-11.800	5.575	5.811
0	-11.809	5.580	5.818
0	-11.818	5.584	5.824
0	-11.828	5.589	5.831
0	-11.838	5.593	5.837
0	-11.847	5.597	5.844
0	-11.853	5.600	5.848
0	-11.860	5.603	5.852
0	-11.868	5.606	5.857
0	-11.879	5.610	5.864
0	-11.889	5.614	5.870
0	-11.898	5.617	5.876
0	-11.909	5.621	5.883
0	-11.920	5.625	5.891
0	-11.935	5.629	5.901
0	-11.950	5.632	5.913
0	-11.961	5.635	5.922
0	-11.974	5.637	5.933
0	-11.982	5.639	5.941
0	-11.990	5.641	5.948
0	-12.000	5.643	5.958
0	-12.010	5.645	5.967
0	-12.020	5.648	5.977
0	-12.028	5.650	5.985
0	-12.036	5.652	5.993
0	-12.046	5.655	6.002
0	-12.056	5.658	6.011
0	-12.066	5.661	6.021
0	-12.076	5.664	6.030
0	-12.085	5.667	6.038
0	-12.093	5.669	6.046
0	-12.102	5.672	6.055
0	-12.111	5.674	6.064
0	-12.121	5.677	6.074
0	-12.132	5.680	6.086
0	-12.143	5.682	6.097
0	-12.155	5.685	6.109
0	-12.166	5.688	6.120
0	-12.174	5.690	6.128
0	-12.183	5.692	6.137
0	-12.193	5.695	6.146
0	-12.203	5.697	6.157
0	-12.214	5.700	6.168
0	-12.224	5.702	6.178
0	-12.234	5.704	6.189
0	-12.243	5.705	6.199
0	-12.253	5.707	6.208
0	-12.263	5.708	6.218
0	-12.273	5.709	6.229
0	-12.282	5.710	6.239
0	-12.292	5.710	6.249
0	-12.299	5.711	6.257
0	-12.307	5.712	6.267
0	-12.316	5.713	6.276
0	-12.326	5.714	6.288
0	-12.336	5.715	6.299
0	-12.348	5.717	6.313
0	-12.360	5.719	6.327
0	-12.369	5.721	6.338
0	-12.377	5.723	6.349
0	-12.386	5.725	6.360
0	-12.395	5.727	6.372
0	-12.400	5.728	6.380
0	-12.406	5.730	6.387
0	-12.413	5.732	6.397
0	-12.421	5.734	6.408
0	-12.430	5.736	6.420
0	-12.439	5.738	6.433
0	-12.449	5.740	6.447
0	-12.460	5.743	6.463
0	-12.469	5.745	6.476
0	-12.478	5.747	6.489
0	-12.488	5.751	6.505
0	-12.498	5.754	6.520
0	-12.506	5.757	6.533
0	-12.513	5.760	6.545
0	-12.522	5.764	6.559
0	-12.532	5.769	6.574
0	-12.541	5.774	6.589
0	-12.551	5.779	6.604
0	-12.559	5.784	6.618
0	-12.567	5.788	6.631
0	-12.574	5.792	6.643
0	-12.585	5.799	6.662
0	-12.596	5.805	6.680
0	-12.605	5.811	6.695
0	-12.615	5.816	6.710
0	-12.625	5.822	6.726
0	-12.638	5.829	6.746
0	-12.659	5.840	6.777
0	-12.677	5.849	6.804
0	-12.688	5.855	6.821
0	-12.697	5.859	6.834
0	-12.707	5.864	6.848
0	-12.716	5.868	6.861
0	-12.725	5.873	6.874
0	-12.735	5.878	6.888
0	-12.744	5.883	6.902
0	-12.755	5.888	6.917
0	-12.765	5.893	6.932
0	-12.776	5.899	6.948
0	-12.787	5.905	6.964
0	-12.797	5.910	6.978
0	-12.807	5.916	6.994
0	-12.817	5.921	7.009
0	-12.826	5.925	7.023
0	-12.841	5.932	7.045
0	-12.855	5.938	7.067
0	-12.869	5.943	7.087
0	-12.879	5.947	7.102
0	-12.889	5.951	7.116
0	-12.899	5.955	7.132
0	-12.910	5.960	7.148
0	-12.922	5.965	7.166
0	-12.933	5.970	7.183
0	-12.945	5.974	7.199
0	-12.959	5.980	7.218
0	-12.970	5.985	7.233
0	-12.981	5.990	7.248
0	-12.993	5.995	7.265
0	-13.009	6.003	7.288
0	-13.022	6.009	7.306
0	-13.034	6.014	7.323
0	-13.047	6.020	7.340
0	-13.058	6.025	7.356
0	-13.070	6.030	7.374
0	-13.083	6.036	7.391
0	-13.096	6.042	7.410
0	-13.110	6.048	7.429
0	-13.122	6.054	7.446
0	-13.134	6.060	7.463
0	-13.146	6.066	7.481
0	-13.159	6.072	7.499
0	-13.173	6.079	7.519
0	-13.190	6.088	7.543
0	-13.206	6.096	7.566
0	-13.222	6.105	7.589
0	-13.237	6.113	7.612
0	-13.256	6.124	7.639
0	-13.273	6.133	7.663
0	-13.288	6.141	7.686
0	-13.303	6.150	7.707
0	-13.316	6.158	7.727
0	-13.330	6.166	7.746
0	-13.345	6.175	7.768
0	-13.362	6.185	7.791
0	-13.373	6.192	7.807
0	-13.383	6.199	7.822
0	-13.396	6.207	7.840
0	-13.413	6.218	7.864
0	-13.429	6.228	7.886
0	-13.446	6.240	7.911
0	-13.471	6.255	7.943
0	-13.492	6.269	7.970
0	-13.509	6.279	7.991
0	-13.518	6.285	8.001
0	-13.527	6.290	8.012
0	-13.538	6.297	8.026
0	-13.551	6.305	8.042
0	-13.568	6.315	8.062
0	-13.586	6.327	8.084
0	-13.619	6.347	8.125
0	-13.651	6.367	8.165
0	-13.675	6.382	8.195
0	-13.692	6.392	8.217
0	-13.702	6.398	8.230
0	-13.711	6.404	8.242
0	-13.724	6.412	8.257
0	-13.739	6.421	8.276
0	-13.760	6.433	8.302
0	-13.780	6.445	8.325
0	-13.808	6.462	8.359
0	-13.844	6.481	8.398
0	-13.880	6.501	8.438
0	-13.911	6.516	8.471
0	-13.941	6.531	8.503
0	-13.972	6.545	8.535
0	-14.004	6.559	8.570
0	-14.034	6.572	8.602
0	-14.063	6.583	8.631
0	-14.090	6.594	8.661
0	-14.109	6.600	8.680
0	-14.127	6.607	8.700
0	-14.151	6.616	8.725
0	-14.176	6.625	8.752
0	-14.198	6.633	8.776
0	-14.220	6.641	8.799
0	-14.247	6.650	8.828
0	-14.279	6.662	8.863
0	-14.316	6.675	8.903
0	-14.363	6.691	8.953
0	-14.396	6.704	8.989
0	-14.427	6.714	9.022
0	-14.457	6.724	9.055
0	-14.494	6.736	9.096
0	-14.529	6.747	9.135
0	-14.565	6.759	9.177
0	-14.585	6.765	9.199
0	-14.608	6.773	9.226
0	-14.639	6.783	9.262
0	-14.670	6.792	9.299
0	-14.703	6.803	9.340
0	-14.738	6.814	9.384
0	-14.782	6.828	9.440
0	-14.798	6.833	9.461
0	-14.826	6.842	9.496
0	-14.853	6.851	9.532
0	-14.883	6.861	9.571
0	-14.920	6.873	9.619
0	-14.956	6.884	9.665
0	-14.996	6.897	9.717
0	-15.051	6.916	9.789
0	-15.092	6.929	9.841
0	-15.136	6.943	9.898
0	-15.179	6.957	9.954
0	-15.211	6.968	9.997
0	-15.250	6.981	10.049
0	-15.297	6.998	10.114
0	-15.354	7.020	10.194
0	-15.408	7.043	10.274
0	-15.462	7.068	10.355
0	-15.488	7.081	10.393
0	-15.499	7.087	10.411
0	-15.511	7.093	10.429
0	-15.526	7.101	10.452
